id,pos,flr,flg,eg,er,fg,op
1,702,906,677,0.1891,6.07064,1.17786,14.8936
2,160,386,713,0.195,6.2608,0.0941265,16.9811
3,851,20400,3700,0.0664,0.717416,2.24244,38.2166
4,42,900,7500,0.0592,1.90123,7.64331,60.1626
5,50,486,4350,0.5112,16.4095,0.3729,61.9403
6,24,991,7500,0.0644,2.06862,0.313541,54.5455
7,135,877,1600,0.0816,2.61878,3.93798,63.6771
8,33,591,4147,0.2726,8.75165,0.3679,54.4643
9,2,22,294,0.2832,9.09091,3.87597,100.0
10,26,541,5400,0.0688,2.20785,5.7163,69.863
11,11,136,976,0.481,15.4412,1.43431,50.7246
12,51,1100,7100,0.1781,5.71717,0.8524,84.8101
13,4,337,602,0.1641,5.26706,2.22892,42.5532
14,13,343,2000,0.2837,9.10518,0.716253,81.1111
15,12,537,2200,0.2437,7.82123,3.84154,56.6038
16,33,94,47,0.5155,16.5485,7.91989,83.2
17,519,1900,7400,0.3914,12.5643,4.73373,40.1198
18,137,406,916,0.1368,4.39245,10.0,59.7222
19,304,625,372,0.365,11.7156,3.60752,24.234
20,285,580,4296,0.0385,1.23563,3.4334,22.5
21,5,471,2115,0.9436,30.2902,0.3499,57.2254
22,11,314,771,0.2351,7.54777,10.0,0.0
23,17,1100,3300,0.6315,20.2727,3.41645,87.8966
24,24,331,781,0.2965,9.51661,8.73224,55.2083
25,17,147,188,0.5906,18.9569,3.68116,0.0
26,177,1100,4500,0.088,2.82323,0.6005,36.1345
27,399,885,6200,0.0374,1.199,0.239751,33.3333
28,48,910,3600,0.1352,4.34066,1.00032,29.8969
29,241,3400,1600,0.6784,12.2108,1.11607,28.0519
30,93,1900,5100,0.1958,6.28363,-0.909091,32.4717
31,44,155,999,0.3294,10.5735,0.9661,57.5758
32,223,2200,5800,0.2584,4.65152,0.876424,35.7651
33,3,303,476,0.3427,11.0011,9.44481,60.2941
34,27,183,210,0.8001,25.6831,7.1525,47.8261
35,7,154,464,0.1955,6.27706,3.60577,16.6667
36,213,863,4728,0.0068,0.218875,0.4093,30.7692
37,11,46,190,0.0431,1.3834,10.0,100.0
38,21,526,499,0.8351,26.8061,0.267963,0.0
39,7,96,29,0.2318,7.44048,-0.187441,68.4211
40,20,521,1256,0.3199,10.2687,1.5969,36.0902
41,12,281,144,0.6813,21.8699,0.128,46.25
42,107,490,497,0.5655,18.1513,-0.0365867,14.4981
43,12,5700,4100,0.2411,3.54386,-0.311591,49.0291
44,479,809,1700,0.0732,2.34858,-0.0437768,18.4615
45,230,433,2800,0.2253,7.23152,0.381313,40.5063
46,538,1600,7500,0.0162,0.520833,1.16959,72.5
47,101,1300,7500,0.0233,0.747863,0.766,32.6531
48,1300,673,1400,0.1222,3.92108,-0.1129,23.6641
49,11,454,439,0.669,21.4758,10.0,33.3333
50,28,497,841,0.5875,18.8576,2.14436,63.5514
51,23,109,226,0.5632,18.0788,6.21261,32.8571
52,76,293,592,0.6627,21.2742,0.631,44.1767
53,51,436,310,0.9193,29.5107,2.44729,40.2632
54,41,365,223,0.5493,17.631,0.7235,45.8182
55,112,910,2200,0.3653,11.7277,0.748908,40.5512
56,9,219,1100,0.0901,2.89193,10.0,47.619
57,80,635,2300,0.4116,13.2108,0.996678,70.6597
58,14,242,623,0.4763,15.2893,-1.38793,36.612
59,45,1100,896,0.6207,19.9242,0.656,15.3968
60,45,1200,546,0.1941,6.23148,1.64294,29.7872
61,78,355,515,0.7444,23.8967,0.527009,49.1607
62,85,1000,479,0.2371,7.61176,10.0,26.5672
63,93,611,411,0.8906,28.587,3.77068,26.8657
64,175,238,214,0.7286,23.3894,0.710265,84.0355
65,41,470,1300,0.5638,18.0969,0.441076,43.3333
66,133,649,1100,0.6915,22.1965,-0.652339,22.3618
67,102,1000,971,0.171,5.48889,0.767,27.8351
68,229,653,759,0.176,5.64914,1.48956,45.2915
69,354,3000,7500,0.0157,0.283333,0.6432,90.0
70,406,2800,885,0.786,14.1488,-0.61212,65.8385
71,52,910,5268,0.0818,2.62515,1.2084,72.8261
72,71,572,4800,0.2717,8.72183,-0.776398,46.4286
73,23,545,3200,0.1794,5.75943,0.100031,70.1681
74,32,138,368,0.7224,23.1884,0.932008,8.3333
75,551,1400,1000,0.4197,13.4722,1.0423,45.3888
76,134,667,1000,0.13,4.17291,0.382848,28.8732
77,245,918,5800,0.0534,1.71266,-0.519481,61.4286
78,33,1100,4700,0.0648,2.08081,1.1797,77.5281
79,57,1300,7500,0.0455,1.46154,10.0,0.0
80,46,669,4300,0.1037,3.33001,-0.496101,41.844
81,39,629,3300,0.0735,2.35824,0.199775,54.023
82,23,399,3300,0.4017,12.8933,-0.867867,72.561
83,15,449,3100,0.0509,1.63326,-0.432163,60.0
84,147,1900,5900,0.0216,0.692982,-0.898204,34.0659
85,1500,135,688,0.0423,1.35802,1.2104,42.8571
86,26,182,181,0.1607,5.15873,-0.197628,38.8889
87,209,14800,6900,0.0212,0.228979,1.17015,66.7774
88,52,410,4100,0.3634,11.6667,10.0,87.6333
89,4,21,80,1.0,50.0,0.5496,0.0
90,30,1100,801,0.3873,12.4332,10.0,79.5637
91,67,247,273,0.2558,8.20963,0.852625,58.9404
92,71,14800,74,0.1068,1.15315,-0.569995,38.2716
93,3,653,2300,0.0429,1.37825,0.551086,71.4286
94,189,1100,6400,0.016,0.513369,10.0,57.1429
95,63,294,823,1.0,34.4482,-5.0,85.3846
96,87,1200,3400,0.2259,7.25,10.0,21.8391
97,91,1700,6700,0.1384,4.44118,0.7441,46.0317
98,225,1300,6700,0.1673,5.3718,0.897,62.7404
99,41,1600,3900,0.0349,1.12153,-1.94932,35.7724
100,76,942,2400,0.2104,6.75277,4.21438,47.013
101,2,134,1600,0.2209,7.08955,8.43799,90.9091
102,78,1100,4300,0.0628,2.01515,6.28191,33.1081
103,108,391,545,0.6478,20.7948,5.78828,57.4899
104,151,514,461,0.1529,4.90705,0.0354421,64.2202
105,20,63,22,0.0791,2.53968,10.0,60.0
106,1800,3300,969,0.0925,1.66498,2.40577,18.0124
107,9,1300,1174,0.5959,19.1282,1.3607,100.0
108,6,1500,2100,0.2278,7.31111,1.2152,56.5574
109,7,3000,6800,1.0,27.819,1.0204,95.8279
110,54,883,3877,0.175,5.61721,0.1828,66.9725
111,2,687,7000,0.5011,16.0844,-0.78028,91.1565
112,34,576,7400,0.0735,2.35907,1.80961,87.0229
113,25,500,3000,0.1272,4.08235,1.50175,88.3333
114,254,361,593,0.2488,7.98707,10.0,45.1613
115,51,142,165,0.674,21.6354,0.7563,35.3659
116,5,22,31,0.1416,4.54545,10.0,100.0
117,68,1600,3400,0.0228,0.731618,1.22699,55.7522
118,22,676,550,1.0,34.7633,4.70689,24.1877
119,20,731,811,0.829,26.6119,3.74992,0.0
120,1800,7800,824,0.1113,1.63626,6.3888,49.6826
121,99,2000,7500,0.0016,0.05,0.7852,83.3333
122,3200,9600,7500,0.0023,0.0341435,0.559388,25.7143
123,4200,2700,7500,0.0111,0.199588,0.666963,38.4615
124,60,921,1100,0.2941,9.43987,-0.0572956,26.9103
125,130,2100,4800,0.033,0.593651,0.898204,27.9412
126,580,2400,6900,0.0195,0.351852,0.767263,19.6078
127,9,1100,4700,0.2367,7.5974,1.81818,77.1084
128,329,1200,2300,0.0956,3.06944,-1.38185,91.2913
129,282,1600,4000,0.0869,2.78819,0.8263,80.7692
130,3500,964,1300,0.0747,2.39627,0.53785,15.493
131,4,429,3400,0.2051,6.58508,2.01681,67.6923
132,244,2000,4400,0.0714,2.29167,-0.85034,25.9649
133,92,750,4400,0.0905,2.9037,5.0458,32.5
134,80,1300,3045,0.025,0.803419,0.5069,52.6882
135,2700,1800,7500,0.0197,0.632716,0.9474,91.6667
136,6,70,426,1.0,41.4286,-0.254539,90.3614
137,248,2300,4900,0.3365,6.05707,0.802139,31.3625
138,336,1300,2700,0.0105,0.337607,8.71087,47.619
139,236,484,2900,0.2138,6.8641,-0.686788,53.8043
140,299,859,1600,0.3349,10.7489,1.00514,26.6833
141,132,797,1600,0.2148,6.89391,0.825203,76.1307
142,18,1800,1900,0.0731,2.34722,0.9629,70.8
143,96,634,2400,0.2992,9.60393,3.10847,27.9167
144,12,434,883,0.3595,11.5399,0.0862664,65.0602
145,493,1700,3800,0.0057,0.183007,0.5221,37.037
146,910,1300,7500,0.0624,2.00427,0.6356,73.8372
147,42,1600,6200,0.1591,5.10625,1.26582,52.4164
148,277,315,1100,0.0412,1.32275,0.507636,69.697
149,1,275,928,0.657,21.0909,1.94805,65.4545
150,110,448,1600,0.141,4.52629,9.91894,98.75
151,67,261,604,0.179,5.74713,10.0,14.2857
152,7,652,1400,0.2396,7.69063,2.34302,73.1844
153,6,252,777,0.3121,10.0198,10.0,30.2326
154,6,94,248,0.3646,11.7021,2.2748,73.6842
155,140,1300,559,0.5715,18.3461,0.9619,0.0
156,29,787,1300,0.1955,6.27559,2.57872,40.1606
157,778,5700,2200,0.2816,4.13938,0.686106,31.058
158,7,162,19,0.6868,22.0458,-1.01868,88.1579
159,2,998,6600,0.2965,9.51904,-0.038961,74.2857
160,102,271,1200,0.159,5.10455,0.87419,53.2258
161,1,367,3600,0.034,1.08992,1.76893,50.0
162,154,507,1500,0.0925,2.96954,5.95199,28.2609
163,11,1000,4900,0.0935,3.0,-1.80614,45.3237
164,26,179,795,0.1895,6.08318,-0.733138,78.7879
165,31,566,1400,0.0532,1.70789,4.15669,87.5
166,21,1600,2871,0.5902,18.9449,5.9172,48.3796
167,518,1800,6100,0.1994,6.40123,10.0,72.643
168,466,807,2800,0.1493,4.79377,0.0911217,13.7931
169,160,748,699,0.1037,3.32739,0.198972,16.2162
170,167,793,4400,0.1416,4.54673,-0.0689423,44.5415
171,7,312,575,0.2582,8.28754,0.256323,57.4468
172,99,57,75,0.0547,1.75439,5.67875,70.0
173,8,187,1300,1.0,34.1578,0.294657,88.6628
174,295,330,1400,0.0456,1.46465,4.30321,15.7895
175,103,770,1800,0.1861,5.97403,8.33427,25.9036
176,80,61,310,0.0794,2.55009,8.55798,41.6667
177,977,1000,2600,0.0424,1.36111,1.2606,33.3333
178,10,150,1377,1.0,39.8,1.268,87.3134
179,300,1800,3400,0.0738,2.36928,10.0,11.7089
180,117,849,3147,0.0287,0.922654,0.0419,72.5806
181,8,365,483,1.0,37.7169,0.5,0.0
182,236,1100,2100,0.0972,3.12121,3.52409,31.1224
183,17,854,991,0.4611,14.8029,0.0214451,45.0633
184,4,951,467,1.0,34.6477,0.0949,39.5659
185,55,1000,4000,0.3243,10.4111,3.31504,0.0
186,278,2300,3200,0.6224,11.2029,1.70068,31.831
187,32,1400,6200,0.187,6.00397,1.2402,66.5079
188,10,3400,6200,0.2925,5.26471,-1.06838,72.2222
189,28,1500,881,0.9104,29.2238,1.40056,0.0
190,126,1400,502,0.2539,8.15079,8.16309,59.2593
191,323,680,5400,0.0621,1.99346,10.0,58.1081
192,42,1700,1000,0.5262,16.8922,1.12952,42.8571
193,21,155,4500,1.0,36.129,-1.29931,98.4655
194,31,242,663,0.0729,2.3416,2.12418,43.5897
195,1700,1000,1200,0.3235,10.3833,10.0,26.6525
196,449,1300,7100,0.0292,0.938462,-1.35624,80.0
197,6,165,50,0.2392,7.67676,0.805524,41.8605
198,630,1900,3600,0.0732,2.35088,10.0,19.4805
199,999,994,1700,0.1196,3.8397,0.549182,24.6753
200,33,73,606,0.1588,5.09893,-0.2457,66.6667
201,95,1200,6300,0.1327,4.25926,1.64294,48.8636
202,29,246,1100,0.617,19.8058,1.78571,82.7586
203,1,241,353,0.879,28.2158,-0.390869,35.2941
204,60,216,639,0.484,15.535,10.0,69.2308
205,66,680,36,0.2451,7.86764,2.22724,41.1215
206,27,283,513,0.1829,5.86965,10.0,44.086
207,144,896,2000,0.2498,8.01711,1.47531,42.2897
208,128,1800,5500,0.2825,9.06746,0.6635,44.8071
209,22,186,842,0.2447,7.85544,1.4878,52.8736
210,2,26,29,0.5991,19.2308,1.4268,50.0
211,16,210,597,0.3036,9.74603,-0.894139,72.8814
212,35,2200,6600,0.0411,0.739899,1.3074,71.8182
213,140,1200,7500,0.0316,1.01389,1.5949,56.8627
214,3800,5100,2500,0.0044,0.0642702,1.4417,33.3333
215,101,1900,4500,0.1132,3.63313,2.07612,31.2597
216,38,13400,6500,0.236,2.54851,1.4388,52.1363
217,59,403,1100,0.2894,9.2897,1.38464,41.206
218,33,553,2800,0.1765,5.66607,1.11336,87.7551
219,124,651,5000,0.097,3.11487,1.27171,59.5506
220,234,13300,7300,0.02,0.216374,-0.132474,39.8438
221,213,1700,6000,0.027,0.866012,2.32558,55.102
222,147,841,3300,0.0696,2.23279,0.92763,17.3469
223,24,1100,3400,0.0354,1.13636,0.5969,0.0
224,19,733,4300,0.11,3.53191,1.98161,74.2857
225,472,542,2500,0.0262,0.840508,7.97074,46.6667
226,251,532,2765,0.0514,1.64996,1.5703,10.8696
227,100,5700,4800,0.0184,0.270468,1.1605,78.5714
228,1900,706,1700,0.2339,7.50708,5.7177,33.9181
229,50,3300,2140,0.8233,14.82,-0.519,42.5629
230,304,1600,7500,0.1154,3.70417,10.0,24.7788
231,29,1100,4900,0.1414,4.53896,9.25422,63.3663
232,3,1500,2580,0.5836,18.7333,1.2968,77.7778
233,40,466,1600,0.2668,8.56418,2.92942,58.7786
234,30,1200,3800,0.2628,8.43518,1.62338,49.375
235,463,2100,6200,0.2745,4.9418,0.9878,30.5785
236,150,1900,6800,0.2367,7.59649,4.73373,61.6667
237,661,1700,3200,0.2354,7.55709,0.6306,33.9066
238,70,1200,6900,0.2756,8.84722,3.93956,50.4386
239,41,1200,4100,0.304,9.75758,1.64294,46.056
240,57,787,2300,0.5324,17.0902,1.06382,39.0863
241,10,85,111,0.8649,27.7647,0.2113,42.029
242,196,2600,6100,0.0934,1.68162,1.49701,38.0228
243,89,2500,4300,0.3507,6.31333,1.53453,55.3826
244,8,1900,1200,0.3037,9.75,-0.914634,52.8771
245,43,1500,4659,0.4238,13.6051,0.7307,51.75
246,28,1400,206,0.9483,30.4412,1.3819,44.4996
247,29,1500,1200,0.244,7.83333,1.284,99.0809
248,5,1500,1100,0.2887,9.26667,1.2965,44.3709
249,62,1400,6600,0.2335,7.49405,3.01205,45.3875
250,6,222,442,0.4982,15.991,-0.08203,30.5882
251,66,2300,3000,0.4818,8.6715,1.7316,38.5507
252,22,923,4100,0.3346,10.7414,0.2767,83.8068
253,13,3600,7042,0.781,14.0577,0.5133,53.4323
254,26,2000,4500,0.3716,11.9294,4.51807,46.8625
255,1,938,3100,0.1096,3.51812,-0.578164,76.6667
256,6,1800,3200,0.2613,8.38889,1.07604,56.3636
257,133,1400,3500,0.2521,8.09127,1.40713,42.766
258,53,2400,6795,0.3841,6.91435,1.4001,43.6275
259,8,2300,5900,0.8092,14.5652,0.8908,99.3884
260,142,1900,1600,0.4166,13.3743,1.01626,0.0
261,214,412,1600,0.5306,17.0307,2.47253,34.5946
262,1200,1800,7400,0.0043,0.138889,1.10294,27.2727
263,2,311,1400,0.9917,31.8328,1.63968,83.9695
264,103,2500,2400,0.188,3.38462,-0.749251,0.0
265,65,154,482,0.145,4.65368,10.0,26.6667
266,172,3000,6600,0.1642,2.95555,0.619451,21.2919
267,295,539,3600,0.1539,4.9397,2.92398,0.0
268,193,3500,2300,0.0508,0.914286,-0.511247,79.8319
269,105,1800,6900,0.3487,11.1944,0.5984,51.9802
270,1200,8900,5700,0.037,0.544569,0.866113,73.5135
271,6,242,2300,0.0322,1.03306,1.1371,80.0
272,24,1000,4800,0.1769,5.67778,0.952,99.8168
273,20,634,2,1.0,35.2463,-0.0545316,30.9859
274,120,1500,1500,0.2402,7.71111,1.3885,27.5248
275,243,687,652,0.8009,25.7076,2.74284,85.9107
276,71,441,192,0.4246,13.6306,0.124533,49.2806
277,6,283,450,0.9852,31.6254,1.90606,34.1969
278,27,3700,1800,0.6094,10.97,-0.932401,38.0984
279,25,414,346,0.6892,22.1228,0.928563,0.0
280,188,718,3000,0.3076,9.87311,-0.0756525,39.9441
281,96,299,1300,0.2773,8.90003,0.496833,55.5556
282,59,1100,1400,0.436,13.9949,10.0,29.2343
283,194,681,1200,0.4064,13.0445,0.603324,45.5285
284,33,339,1300,0.0781,2.50737,4.31321,36.3636
285,37,375,502,0.6249,20.0593,0.933707,36.7003
286,195,1900,6400,0.2219,7.1228,1.084,22.0532
287,11,282,1400,0.2862,9.18763,1.04683,64.539
288,314,1300,4100,0.2291,7.3547,1.0747,26.6881
289,39,1400,1900,0.188,6.03571,0.5557,0.0
290,2,108,204,0.5769,18.5185,4.23472,21.4286
291,647,12700,905,0.1075,1.16072,-0.271998,51.7007
292,85,1500,1500,0.0513,1.64706,0.6547,55.6338
293,6,1500,7074,0.3011,9.66667,1.2459,0.0
294,68,1500,6900,0.1771,5.68518,1.0889,76.2004
295,981,2400,4200,0.01,0.180556,0.9502,36.3636
296,187,215,697,0.2165,6.9509,-0.906942,74.0741
297,7,474,1500,0.108,3.46594,8.53559,59.4595
298,46,640,389,0.7496,24.0625,2.05534,41.8944
299,177,262,249,0.4578,14.6947,-2.76415,52.9412
300,8,193,57,0.3349,10.7513,10.0,31.9149
301,64,219,305,0.3732,11.9796,0.163608,39.4495
302,5,90,45,0.6715,21.5555,-0.392876,29.5455
303,22,10000,1600,0.175,2.57267,-1.51041,75.9508
304,30,65,55,0.6683,21.453,-0.536241,67.4699
305,26,348,364,0.3163,10.1533,2.443,69.9588
306,51,347,487,0.7846,25.1841,0.54281,50.0
307,31,1300,1500,0.4814,15.453,1.50602,59.5238
308,21,1800,822,0.2228,7.15278,1.09609,31.8735
309,37,1000,644,0.2835,9.1,0.288642,64.9886
310,240,1100,7200,0.0916,2.93939,3.12196,78.9474
311,10,1100,847,0.5579,17.9091,0.6912,32.7083
312,22,1300,1400,0.5774,18.5342,1.49701,41.9355
313,235,1200,7400,0.1686,5.41204,10.0,85.1097
314,39,527,899,0.4708,15.1133,1.38128,0.0
315,38,195,207,0.7978,25.6109,4.19719,45.3125
316,71,475,920,0.5207,16.7134,0.428438,33.4405
317,14,392,363,0.8497,27.2763,0.574163,45.5331
318,26,884,766,0.7898,25.3519,0.491653,23.5808
319,34,207,560,0.4038,12.963,1.20378,47.651
320,32,640,903,0.2896,9.29688,0.58651,29.6552
321,218,681,4700,0.0653,2.09659,-0.515615,56.7568
322,16,1000,403,0.2357,7.56667,1.2961,33.5196
323,38,1100,1900,0.211,6.77272,1.86335,30.662
324,292,1300,1706,0.4419,14.1838,1.34,48.3051
325,102,539,910,0.314,10.0804,0.3376,18.8482
326,226,1500,209,0.3408,10.9412,0.9309,95.0936
327,364,819,965,0.5198,16.687,0.801968,20.1439
328,86,251,258,0.322,10.3364,-0.285205,46.9799
329,314,902,841,0.211,6.77384,0.281532,12.2066
330,413,2000,1015,0.3461,11.1111,1.366,20.1613
331,95,794,1100,0.4425,14.2037,2.0089,17.801
332,16,444,2500,0.2381,7.64358,0.913719,0.0
333,61,739,660,0.6621,21.2524,0.407301,32.2176
334,295,1300,1100,0.2956,9.48868,1.3661,17.7738
335,57,1300,983,0.3945,12.6624,1.489,30.6667
336,63,1400,1000,0.5721,18.3655,0.9731,23.7074
337,28,965,836,0.6887,22.1071,-0.0607681,22.4168
338,43,256,325,0.6213,19.9436,2.75125,34.375
339,27,924,587,0.9059,29.0787,0.3749,43.2918
340,34,233,434,0.5029,16.1421,0.7132,40.5405
341,12,257,358,0.5984,19.2076,1.86152,41.0448
342,15,140,211,0.8042,25.8163,4.04858,37.931
343,2,250,1100,0.8847,28.4,3.42173,42.8571
344,24,1200,660,0.6255,20.0784,8.18285,58.1311
345,24,150,297,0.5734,18.4074,1.42162,25.3333
346,52,476,1600,0.368,11.8114,1.8869,55.4817
347,11,331,353,0.4455,14.3001,2.01342,45.8824
348,33,306,770,0.6957,22.3312,3.38266,57.4534
349,35,1200,550,1.0,32.5093,1.64294,45.9411
350,72,815,477,0.2999,9.62781,0.0441921,33.4677
351,100,902,452,0.6817,21.8835,3.38454,32.381
352,38,325,714,0.4106,13.1795,-0.699301,48.1013
353,36,149,359,0.3043,9.76883,0.6314,0.0
354,56,360,488,0.7985,25.6327,-0.590087,53.0387
355,24,683,1500,0.6021,19.3265,2.97352,32.5
356,27,198,2000,0.5516,17.7048,1.18017,83.0827
357,99,1100,1300,0.3033,9.73486,4.04125,31.9035
358,80,862,2300,0.4025,12.9205,8.1589,27.9863
359,87,684,191,0.1222,3.92157,-1.19372,82.7273
360,195,1300,1600,0.1733,5.56411,1.2333,48.0226
361,37,1100,1800,0.5005,16.0657,0.9934,75.5088
362,4,216,838,0.2163,6.94444,10.0,40.9091
363,286,2200,1000,0.0652,1.17424,0.9921,17.9245
364,31,261,1200,0.2661,8.54181,4.87805,55.2239
365,6,840,1200,0.1687,5.41667,0.30631,22.7273
366,60,380,1600,0.2291,7.35381,-0.239025,80.9302
367,232,1400,6500,0.2123,6.81513,-1.1976,80.1693
368,17,496,326,0.3192,10.2456,4.79763,30.2703
369,40,924,7235,0.0871,2.79582,-0.0574,53.9216
370,33,5500,3300,0.3938,5.78889,1.387,49.9572
371,2,314,527,1.0,50.0,3.72553,44.5205
372,87,170,470,0.3655,11.732,9.11611,60.0
373,14,90,359,0.4183,13.4259,1.94932,74.5098
374,2100,1000,7500,0.0064,0.205556,4.39147,34.7826
375,12,203,301,0.5013,16.092,2.45265,56.7797
376,4,494,689,0.5739,18.4211,7.62148,91.6667
377,3,1000,342,0.2103,6.75,-1.6331,56.25
378,1,492,3700,0.3103,9.95935,3.88967,86.8421
379,12,696,75,0.009,0.287356,-0.766006,20.0
380,21,400,375,0.8845,28.3929,10.0,38.5
381,13,213,419,0.4961,15.9263,0.437063,39.4161
382,63,2300,3000,0.6657,11.9833,0.816549,36.0927
383,2,102,168,0.5498,17.6471,10.0,0.0
384,108,289,65,0.5426,17.4164,10.0,48.0
385,12,186,372,0.7453,23.9247,10.0,41.2698
386,36,3900,1100,0.7024,12.6425,-0.892326,90.4004
387,95,179,131,0.4761,15.2833,0.6157,0.0
388,264,1400,1400,0.4109,13.1905,1.37363,34.1732
389,18,858,481,0.3175,10.1928,1.13197,44.8925
390,48,756,6000,0.152,4.87862,-0.234518,76.4179
391,8,505,695,0.7711,24.7525,4.91639,62.3762
392,24,516,1648,0.5276,16.9358,0.389,30.0341
393,65,1700,1600,0.5823,18.6921,0.7207,0.0
394,2,924,3300,0.5091,16.342,0.176696,48.2759
395,41,138,218,0.5004,16.0628,1.4119,0.0
396,130,701,3000,0.2345,7.52892,0.668354,50.5556
397,562,11800,2400,0.3766,4.06733,4.81734,83.125
398,18,536,697,1.0,45.3358,5.77601,45.8333
399,13,101,196,0.437,14.0264,1.7895,0.0
400,19,332,574,0.1648,5.28991,0.937647,22.3404
401,22,161,126,0.8998,28.882,10.0,21.8391
402,87,294,516,0.3453,11.0844,3.79295,40.678
403,176,485,639,0.3486,11.1913,10.0,38.2775
404,28,281,390,0.6867,22.0443,10.0,49.8294
405,190,256,188,0.2508,8.05122,5.97042,59.0909
406,59,1300,399,0.4212,13.5214,3.24675,41.3509
407,25,232,509,0.3543,11.3727,7.80901,0.0
408,142,722,2374,0.1093,3.50877,0.4826,39.1304
409,18,1800,2300,0.3808,12.2222,9.03614,0.0
410,38,1400,951,0.7494,24.0556,1.3986,31.4059
411,705,1600,928,0.2424,7.78125,1.19048,26.9504
412,45,329,338,0.2799,8.98345,0.339802,32.5926
413,15,326,621,0.1408,4.51943,0.634921,46.988
414,394,1600,6600,0.0932,2.99053,1.19048,65.4428
415,7,188,335,0.7733,24.8227,4.78802,71.223
416,84,627,507,0.5637,18.0932,0.710732,20.4678
417,53,539,511,0.5163,16.5739,1.34009,52.8474
418,31,351,480,0.9797,31.4498,0.5812,51.0204
419,43,1300,433,0.2206,7.0812,6.03391,58.9041
420,174,178,165,0.5153,16.5418,0.713994,54.6512
421,55,423,168,0.151,4.84634,0.128315,77.0115
422,13,157,674,0.3205,10.2891,-0.554447,79.2683
423,9,2100,6700,0.1052,1.89418,1.1738,84.5794
424,33,2500,2600,0.0481,0.866667,-0.699301,65.3659
425,630,2800,1400,0.0186,0.335317,-0.601443,30.9524
426,24,350,697,0.4811,15.4444,4.12175,61.7225
427,4800,29600,6000,0.0116,0.107733,0.0608952,96.2264
428,87,10500,4900,0.0332,0.35873,-0.826446,63.2768
429,24,1300,112,0.0956,3.06731,-1.2605,0.0
430,26,444,2900,0.2888,9.27177,0.165289,82.2785
431,24,456,688,0.5297,17.0029,8.68565,36.4078
432,881,6800,661,0.0934,1.37311,0.263389,38.1295
433,414,3700,3000,0.158,2.84384,-0.472739,66.123
434,149,8600,1500,0.215,3.16021,-5.0,97.6316
435,7,2100,7400,0.031,0.557823,-0.811688,62.1622
436,1200,8800,7400,0.0175,0.256944,4.40681,70.6667
437,52,1200,7400,0.0363,1.16667,-1.43335,0.0
438,138,241,289,0.5896,18.9258,1.12135,27.2109
439,15,1300,842,0.9322,29.9231,1.43678,32.0946
440,77,531,996,0.3826,12.2829,3.76915,63.6364
441,8,3300,1200,0.532,9.57576,-4.17769,29.6296
442,45,580,599,0.6445,20.6897,0.158103,24.9423
443,5,71,366,1.0,37.7465,0.797307,63.3333
444,42,357,358,0.9381,30.112,10.0,81.071
445,308,593,1300,0.2291,7.35432,-0.329131,41.3793
446,171,738,1500,0.5633,18.0819,1.18784,25.4464
447,2,1100,904,0.633,20.3182,2.51054,30.719
448,17,193,131,0.8897,28.5584,1.53218,48.7437
449,11,242,330,0.9456,30.3531,0.150602,61.8868
450,2,206,1820,1.0,50.0,0.2655,0.0
451,293,3300,3000,0.3185,5.73233,1.1661,48.2472
452,73,1600,6400,0.0183,0.586806,2.52101,50.0
453,144,2500,3800,0.0661,1.18941,10.0,60.2484
454,611,2000,3800,0.0133,0.427778,-0.85034,85.5422
455,1100,7100,6200,0.0013,0.0187793,0.5039,42.8571
456,789,6300,5100,0.0177,0.260317,2.67708,30.1887
457,96,512,3900,0.0836,2.68415,-1.07717,51.3761
458,25,485,2000,0.1998,6.41466,1.03849,0.0
459,7,209,233,1.0,35.4067,0.4403,28.125
460,174,4000,2900,0.2198,3.95556,0.442087,16.1074
461,4,71,224,1.0,50.0,0.7925,95.5357
462,11,168,212,0.41,13.1614,3.57143,0.0
463,6,214,278,1.0,37.6947,0.1695,29.2929
464,3,443,1400,0.7806,25.0564,1.39034,28.8732
465,10,245,144,0.7756,24.8979,0.534759,24.1379
466,162,972,1200,0.592,19.0043,2.4398,28.1804
467,19,397,318,0.6328,20.3141,1.99278,45.5645
468,37,1200,1382,0.7296,23.4213,1.6331,31.0208
469,51,626,1100,0.5574,17.8914,2.58792,48.5194
470,21,965,740,0.4927,15.816,3.11818,22.5694
471,11,1200,7500,0.4834,15.5167,7.45513,77.2846
472,4,258,1200,1.0,45.3488,3.05748,83.871
473,3,2700,1000,1.0,25.9012,0.759109,93.5508
474,53,752,2153,0.1929,6.1909,0.1436,32.7869
475,103,490,684,0.279,8.95692,10.0,23.7113
476,104,872,985,0.3446,11.0601,10.0,34.359
477,3,166,1100,0.7694,24.6988,-0.630429,59.6491
478,87,1500,3600,0.205,6.58148,1.30662,54.2714
479,87,1700,7500,0.0314,1.00654,0.7192,45.6522
480,142,681,705,0.1214,3.89566,0.484809,41.7476
481,40,404,398,0.3419,10.9736,1.96655,100.0
482,194,2600,1100,0.5113,9.20362,1.59236,41.7311
483,47,150,146,0.0796,2.55556,7.69889,42.8571
484,255,127,216,0.2657,8.53018,1.52625,0.0
485,31,128,228,0.1859,5.96591,4.80228,0.0
486,32,443,359,0.6263,20.1028,1.93355,44.2724
487,7,684,617,0.7355,23.6111,1.76944,59.0164
488,25,1000,931,0.7838,25.1611,0.971219,21.751
489,61,356,545,0.4604,14.7784,0.522321,46.8182
490,12,954,397,0.4082,13.1027,1.90531,63.2653
491,1100,4200,7500,0.8688,15.6376,-0.436047,91.4779
492,120,918,3600,0.0703,2.25732,-0.223409,48.0
493,10,198,204,1.0,33.8384,6.33446,29.0323
494,1,637,7200,0.8265,26.5306,10.0,100.0
495,2,241,1400,0.6011,19.2946,2.76786,0.0
496,6,220,436,0.6136,19.697,1.89055,63.0252
497,48,18300,206,0.6185,6.6793,-1.29999,91.7141
498,89,1500,2200,0.0685,2.2,1.25313,47.2727
499,24,84,312,0.1216,3.90212,3.57143,70.8333
500,66,485,2,0.3835,12.3105,5.51514,32.5843
501,18,2500,1500,1.0,21.7844,10.0,69.9656
502,2000,2000,2000,0.1296,4.16071,1.0441,17.7835
503,32,192,189,0.5652,18.1424,0.6385,25.3846
504,17,2600,735,0.6531,11.7552,1.0048,25.2646
505,16,1200,798,0.5607,18.0,1.65289,44.5361
506,729,14100,747,0.0273,0.295114,-0.128041,64.6766
507,3,441,331,1.0,41.9501,1.65514,33.209
508,1900,4400,5600,0.0755,1.35985,-0.411523,31.9588
509,17,95,286,0.5504,17.6692,2.86512,62.2642
510,115,712,491,0.4846,15.5568,0.712338,34.901
511,236,351,1900,0.106,3.40297,5.77084,37.931
512,96,435,389,0.0975,3.12899,-0.0807646,58.75
513,480,2000,4200,0.2883,9.25294,4.41176,15.4624
514,454,326,730,0.0823,2.64145,0.6236,43.2836
515,29,10900,6500,0.1503,1.62283,-2.48653,92.609
516,5,892,822,0.6489,20.8296,-0.163599,78.9203
517,240,7600,125,0.0649,0.954135,0.485515,53.6264
518,319,4700,1500,0.2915,5.24781,1.21753,67.5258
519,443,1300,1700,0.1452,4.66239,1.47059,37.9661
520,58,618,6100,0.0893,2.86767,-0.508417,69.3878
521,239,803,2800,0.1841,5.9084,-0.650863,60.8844
522,52,483,1800,0.2082,6.68277,-0.220418,42.236
523,421,1300,7500,0.0261,0.837607,1.45349,23.7288
524,67,2000,3792,0.0807,2.59167,1.3189,44.898
525,12,441,1700,0.2937,9.42933,-1.22265,95.3804
526,27,4900,1800,0.076,1.36735,-0.713012,0.0
527,435,172,1200,0.0654,2.09948,-0.304311,33.3333
528,498,4300,4300,0.0882,1.58786,0.438212,54.4
529,224,1100,7400,0.076,2.43939,1.75439,23.5294
530,53,5300,7400,0.0247,0.363732,-0.657174,55.1282
531,167,2200,715,0.1685,3.03283,-0.771803,63.4204
532,30,199,1300,0.3296,10.5807,-0.180914,64.0351
533,162,2400,6300,0.2731,4.91667,0.800213,32.1343
534,718,1600,6800,0.014,0.447917,1.4703,79.5455
535,71,293,1100,0.1477,4.74023,-0.184275,80.6452
536,8,1100,7000,0.0421,1.35065,0.674,0.0
537,15,260,991,0.4937,15.8462,-0.802139,72.9167
538,395,27600,6900,0.0144,0.134058,-0.379939,32.7869
539,292,387,1500,0.0545,1.74799,1.24061,38.6364
540,146,953,2800,0.0449,1.4399,0.0567286,66.1417
541,2,1000,2000,1.0,50.0,0.6,98.4286
542,2900,1500,7500,0.0127,0.407407,2.71493,60.0
543,18,2200,5100,0.0746,1.34343,1.3484,73.8956
544,126,546,2900,0.0365,1.17013,-0.544008,61.5385
545,1000,7100,6700,0.0316,0.464789,-0.265393,71.5686
546,2900,914,2400,0.0301,0.966448,1.07833,13.7255
547,305,467,1800,0.1508,4.84178,0.0376478,48.4848
548,210,362,189,0.4638,14.8864,4.45756,14.7059
549,150,1300,7300,0.0369,1.18376,0.609,54.1284
550,114,186,379,0.1182,3.79331,-0.829111,72.5806
551,59,457,610,0.6357,20.4048,-0.0787464,24.7734
552,236,1300,7500,0.2913,9.35043,0.9923,57.161
553,1,258,2600,1.0,50.0,-0.279278,98.4375
554,66,1000,7276,0.2437,7.82222,1.4261,94.8995
555,247,1600,1100,0.1848,5.93056,0.7194,24.1784
556,72,939,1200,0.2287,7.34233,0.562379,18.1034
557,1233,794,1455,0.2069,6.64008,-0.0223,31.4516
558,529,534,519,0.6395,20.5264,1.06929,13.9205
559,97,601,583,0.5823,18.6911,0.433638,22.9282
560,645,5200,2300,1.0,16.6934,-0.673401,90.4469
561,85,370,235,0.4925,15.8108,0.0495737,31.0345
562,9,83,395,0.8966,28.7818,-0.2126,88.4298
563,98,290,1800,0.1772,5.68966,-0.370798,72.2222
564,1100,1400,2100,0.1659,5.3254,4.84131,16.3636
565,241,652,1300,0.1691,5.42774,2.73865,34.3434
566,129,236,152,0.4613,14.807,1.65344,26.7717
567,146,899,4742,0.5725,18.3784,0.243,58.9333
568,16,855,845,0.4129,13.2554,5.4823,13.5135
569,119,1700,1200,0.243,7.80066,1.10947,24.1313
570,394,639,502,0.4458,14.3106,1.48305,23.913
571,163,491,405,0.3814,12.2426,0.852878,37.931
572,46,630,314,0.3637,11.6755,-0.790306,0.0
573,42,399,920,0.5534,17.7632,3.06905,50.8197
574,12,304,136,0.0912,2.92763,10.0,71.4286
575,728,880,2300,0.1727,5.54293,0.0825219,56.2319
576,128,821,3700,0.1284,4.12099,-0.177611,25.4717
577,5,31,152,1.0,50.0,1.4586,93.3333
578,334,3600,2600,0.187,3.36601,1.3913,24.1966
579,2000,15600,409,0.067,0.723646,5.36076,19.3103
580,116,390,924,0.2214,7.10827,0.328325,37.1257
581,160,3300,7500,0.0533,0.959002,10.0,74.5958
582,447,1300,1400,0.1908,6.12393,0.7465,30.2395
583,1800,2800,2100,0.0256,0.460317,-0.604961,11.4943
584,7,43,25,0.7141,22.9236,-2.21293,50.0
585,185,10400,790,0.1472,1.58993,-0.336927,30.1775
586,55,1500,5200,0.1155,3.70741,1.2987,92.6782
587,21,1400,7300,0.074,2.37698,1.3793,79.5987
588,826,1000,694,0.0748,2.4,1.1569,6.6667
589,732,1300,2000,0.1681,5.39744,1.45349,49.3902
590,441,968,912,0.2862,9.18848,0.487074,16.4179
591,133,6200,1700,0.0238,0.349463,-2.42248,94.0379
592,196,649,2400,0.0261,0.838897,2.34794,32.5
593,62,767,552,0.6918,22.2077,10.0,62.1705
594,95,1500,3600,0.0198,0.637037,0.6767,80.4124
595,15,3000,5700,0.2816,5.06889,-0.582977,0.0
596,16,2600,993,0.3863,6.95384,0.705882,26.0563
597,118,245,100,0.2169,6.96145,4.10336,47.5728
598,372,7800,6947,0.0031,0.045584,1.4949,0.0
599,60,205,534,0.2668,8.56369,0.926784,96.5517
600,98,550,4300,0.2108,6.76768,0.500668,44.7674
601,3800,8500,7500,0.0141,0.207843,1.31704,13.7615
602,1100,3600,535,0.037,0.665123,1.02599,20.9302
603,198,1600,6400,0.1563,5.01875,10.0,42.3333
604,270,13000,911,1.0,50.0,-1.36867,76.9902
605,111,1000,3200,0.248,7.96111,0.0717154,47.1014
606,105,464,1200,0.4372,14.0326,0.904977,55.4878
607,2600,1500,932,0.1619,5.19629,1.4539,22.9314
608,3,1400,7300,0.9479,30.4286,0.9764,86.6242
609,49,2400,1400,0.5594,10.069,10.0,61.4206
610,225,1900,6400,0.0189,0.605263,0.968992,27.451
611,1700,16200,5900,0.2537,2.74006,10.0,15.5941
612,26,305,1200,0.2173,6.97632,1.23839,58.3333
613,50,164,316,0.3873,12.4322,1.40143,11.3924
614,100,158,162,0.2454,7.87623,4.0144,34.8485
615,67,957,2000,0.3496,11.2226,6.41026,55.3506
616,204,258,328,0.114,3.66064,-1.41146,65.9341
617,59,777,964,0.7847,25.1873,1.95934,30.3922
618,19,1400,1300,0.2277,7.30803,0.5393,21.3256
619,388,1900,2400,0.4228,13.5731,1.01626,26.087
620,19,664,1600,0.3607,11.5787,0.571581,37.8277
621,201,1200,7500,0.0287,0.921296,-1.3655,73.494
622,274,1900,7300,0.0105,0.336842,4.67836,0.0
623,1000,2600,5100,0.0398,0.715812,-0.653595,31.7308
624,7800,81300,6700,0.007,0.0526669,10.0,15.1163
625,159,933,1200,0.2426,7.7885,1.79891,76.8844
626,72,1800,1800,0.3022,9.70062,1.05042,15.2866
627,203,911,1600,0.1698,5.45188,-0.315731,42.0833
628,28,986,649,0.2279,7.31672,-0.0370297,16.9643
629,1,379,481,0.2712,8.70712,-0.380463,53.3333
630,21,1300,2300,0.1803,5.78632,1.53374,0.0
631,1100,2400,4600,0.2317,4.1713,0.790514,27.563
632,62,3300,2300,0.3047,5.48485,1.14526,57.9336
633,38,442,2478,0.1569,5.03771,0.4585,50.0
634,1,225,410,0.3461,11.1111,1.62764,20.8333
635,1300,941,859,0.0298,0.95643,1.13122,7.6923
636,611,5000,6800,0.0527,0.948889,1.94932,56.0
637,9,69,131,0.316,10.1449,-2.45536,27.5862
638,42,694,3000,0.1723,5.53154,-0.579725,78.0612
639,18,531,3000,0.1548,4.96966,-1.25843,93.662
640,108,2100,3300,0.685,12.3307,3.01205,88.2557
641,51,666,3200,0.3147,10.1018,1.76803,43.0147
642,81,376,884,0.2601,8.34811,3.125,37.9845
643,73,291,1600,0.3652,11.722,0.7715,81.6456
644,332,1100,2800,0.0357,1.14646,10.0,22.2222
645,585,798,3900,0.0523,1.67781,-0.460617,85.2941
646,1800,1100,1700,0.1864,5.98442,1.79641,32.1519
647,172,1400,7500,0.1538,4.93698,0.8737,37.3288
648,20,792,5600,0.2893,9.28732,0.446901,90.2883
649,401,2200,5100,0.1355,2.43939,1.3518,37.3377
650,109,1300,724,0.2917,9.3641,1.49701,27.5229
651,21,890,5200,0.0404,1.29544,8.13008,49.4118
652,848,1500,4500,0.095,3.04815,1.28315,31.9149
653,132,234,811,0.1294,4.1548,1.60677,83.3333
654,26,507,525,0.6831,21.9283,0.212593,30.1818
655,257,976,342,0.0285,0.916439,-0.199016,42.5926
656,1700,738,1200,0.1046,3.35742,-0.332447,43.8889
657,22,1100,3500,0.1761,5.65341,1.81818,36.2069
658,2000,1600,2300,0.0328,1.05208,2.49169,43.0556
659,58,653,1156,0.1391,4.46656,0.5092,20.0
660,480,678,268,0.1395,4.47684,0.727625,28.4615
661,3300,2000,7500,0.0238,0.763889,1.92678,74.5902
662,37,750,994,0.1168,3.74815,0.421679,52.1429
663,401,1600,3900,0.0542,1.74038,0.8708,0.0
664,59,1100,3600,0.3147,10.101,10.0,17.7778
665,2312,5700,1202,0.0277,0.407407,0.3247,97.0874
666,449,2500,7500,0.1048,1.88667,0.739645,21.8045
667,133,507,918,0.0932,2.99145,0.5195,22.7273
668,5,40,147,0.3115,10.0,-0.4435,100.0
669,3400,5900,4700,0.032,0.469868,-0.306748,66.5289
670,487,1200,1400,0.2938,9.43056,1.2723,43.4442
671,1700,1500,989,0.1628,5.22593,1.1618,17.0213
672,756,2900,1100,0.1161,2.09004,9.62773,29.0816
673,586,2300,1700,0.1178,2.12077,1.71086,20.339
674,337,206,600,0.4822,15.48,3.04383,9.6774
675,54,363,531,0.4126,13.2443,1.6581,75.4839
676,1500,2100,1100,0.2492,4.48571,0.914634,48.1132
677,244,370,1300,0.3251,10.4354,0.101902,0.0
678,82,50,26,0.3254,10.4444,1.3484,35.0
679,288,753,2300,0.2082,6.68437,0.40203,28.5714
680,602,5700,1700,0.128,1.88103,0.322719,22.9391
681,23,169,574,0.4229,13.5766,0.220418,87.4346
682,12500,99800,1500,0.0349,0.261941,0.603475,12.9792
683,42,384,483,0.1373,4.40848,-0.577863,20.0
684,50,164,482,0.1995,6.40244,0.698921,85.2632
685,51,2300,2400,0.781,14.058,0.879765,28.8779
686,66,380,239,0.3584,11.5058,0.25641,80.2778
687,25,144,1000,0.0487,1.5625,2.14011,50.0
688,300,1200,3500,0.0306,0.981481,3.75,51.2195
689,1400,16800,7400,0.0262,0.283069,-0.324886,93.2927
690,100,875,1000,0.3635,11.6698,4.54513,53.0201
691,96,682,690,0.8829,28.3399,0.114188,23.4339
692,1700,817,1500,0.0934,2.99878,0.748865,33.5366
693,652,956,2000,0.2086,6.69457,0.769321,36.5591
694,9,2100,976,0.787,14.1666,2.06398,19.697
695,257,332,1900,0.0229,0.736278,-0.334934,50.0
696,72,1300,968,0.0875,2.80769,1.6129,42.5806
697,781,293,602,0.2995,9.6132,1.10373,13.7097
698,6,996,503,0.8664,27.8113,0.118835,31.875
699,4,955,789,1.0,40.2618,10.0,92.4771
700,750,1500,4100,0.033,1.05833,1.35624,32.2034
701,925,2000,2600,0.0137,0.438889,0.7789,56.6265
702,325,783,2500,0.0491,1.57514,-0.552309,78.5714
703,110,723,900,0.3155,10.1276,0.469078,44.5833
704,609,2700,7500,0.0167,0.300412,0.9874,40.9836
705,97,2300,4300,0.3801,6.84114,1.2656,32.243
706,17,1400,5600,0.2676,8.58928,1.3139,93.3185
707,447,2600,7500,0.0026,0.0472527,-0.694444,32.0
708,31,178,1600,0.6369,20.4432,-1.23035,0.0
709,719,1500,6900,0.0881,2.82857,1.41911,74.9004
710,104,806,611,0.4318,13.8593,0.837075,16.6667
711,537,885,1600,0.083,2.66534,0.447511,15.0943
712,34,1200,947,0.3183,10.2176,0.8314,0.0
713,353,1200,3500,0.0539,1.73148,1.77096,41.8803
714,89,1200,2500,0.0389,1.25,10.0,21.7391
715,631,2300,3300,0.0678,1.21981,7.63081,27.4286
716,19,280,144,0.4812,15.4464,0.263505,41.5842
717,156,1100,3200,0.1646,5.28283,1.80723,24.6006
718,17,1100,338,0.9264,29.738,0.9629,98.9205
719,25,100,130,0.3583,11.5,-0.176803,23.5294
720,127,753,907,0.0901,2.89213,-0.142008,26.087
721,160,2400,1100,0.3542,6.375,0.776398,49.0226
722,44,932,769,0.1829,5.87148,0.671478,43.9863
723,3,336,572,0.3678,11.8056,2.31849,42.8571
724,229,3700,2600,0.3734,6.72072,10.0,60.1578
725,122,931,867,0.482,15.4732,1.55116,50.5051
726,686,1300,5600,0.0347,1.11538,1.3708,18.3673
727,67,1200,5600,0.149,4.78431,1.6331,64.1026
728,75,290,137,0.3993,12.8161,-0.0624805,32.6667
729,55,908,1800,0.1531,4.91359,0.931572,17.9775
730,13,420,1600,0.3053,9.79854,1.15075,33.125
731,29,495,831,0.2748,8.82155,3.15758,25.8537
732,1,170,280,1.0,32.3529,0.211327,53.6585
733,994,1100,816,0.3735,11.9899,0.9019,23.1806
734,97,598,1100,0.3887,12.4768,-0.637435,13.369
735,15,299,266,0.3111,9.98567,0.690261,19.084
736,27,382,604,0.6534,20.9732,10.0,39.8438
737,212,1200,3500,0.1175,3.77315,0.776,0.0
738,149,638,890,0.0985,3.16092,0.667828,18.2796
739,333,724,982,0.2209,7.09024,0.510343,48.0769
740,6,493,432,1.0,40.568,2.55187,0.0
741,61,435,407,0.7801,25.0421,3.86378,45.1515
742,60,632,623,0.8224,26.3977,2.45552,52.0522
743,20,411,468,0.4973,15.9638,-4.59504,29.1005
744,291,492,30,0.2775,8.90921,0.446429,33.4802
745,38,611,577,0.7537,24.1953,0.242689,78.5194
746,180,1500,284,0.2486,7.98095,10.0,0.0
747,456,960,1200,0.4907,15.7523,10.0,15.0794
748,410,1300,403,0.2322,7.45299,1.50602,47.6619
749,40,480,621,0.6714,21.5509,1.98558,43.4911
750,5,510,398,1.0,32.451,3.43022,12.7168
751,2800,8400,5600,0.3835,5.63781,0.859,92.1137
752,119,278,638,0.3131,10.052,1.97981,50.9259
753,10,796,7200,0.5411,17.3681,-2.49035,95.3935
754,36,410,750,0.1769,5.67751,1.32467,61.3065
755,58,628,3988,0.1152,3.69781,1.67,49.5798
756,31,779,648,0.1297,4.16488,1.9656,38.5714
757,15,179,403,0.4647,14.9162,1.44135,57.5472
758,132,903,1000,0.2331,7.48123,1.34731,22.4138
759,29,218,2300,0.3835,12.3089,-0.703803,0.0
760,1,301,414,0.5796,18.6047,0.685501,32.0755
761,11,885,1700,0.273,8.7622,4.14157,90.0277
762,48,166,1500,0.2307,7.4061,10.0,61.9048
763,20,546,7400,0.18,5.77756,-0.352655,63.5762
764,708,1500,3840,0.0388,1.24444,0.8087,21.4286
765,36,180,108,0.1538,4.93827,-0.298063,75.0
766,14,180,1000,0.5538,17.7778,0.0991703,37.1429
767,851,6200,7500,0.0102,0.149641,0.581395,69.6629
768,86,255,317,0.1928,6.18736,2.02745,54.2169
769,295,2000,3400,0.1244,3.99444,10.0,41.6084
770,3,388,2200,0.2141,6.87285,4.22853,41.0256
771,13,1500,7500,0.4564,14.6518,4.57317,58.2192
772,45,645,3000,0.0448,1.43842,6.45508,34.375
773,57,3100,6200,0.0493,0.888046,0.8731,67.7966
774,159,564,150,0.2878,9.23956,2.01963,40.0
775,62,1500,7300,0.1127,3.61852,10.0,80.6742
776,551,3400,5500,0.0871,1.56699,1.75953,48.4009
777,531,4900,2400,0.0023,0.0408163,-1.00626,0.0
778,58,4100,5400,0.1377,2.47832,-0.438212,31.7479
779,1100,12100,4800,0.0162,0.17539,0.596303,37.5
780,27,349,1600,0.3858,12.3846,-0.688705,99.7567
781,173,631,84,0.3563,11.4369,4.67857,32.2275
782,1400,1200,1900,0.2028,6.50926,1.1921,16.5644
783,9,76,346,0.7287,23.3918,-0.898204,40.0
784,287,980,4100,0.2986,9.58617,0.0915751,18.0124
785,230,445,1700,0.1392,4.46795,10.0,35.6322
786,193,272,2400,0.084,2.69608,10.0,61.9048
787,90,1900,7500,0.0434,1.39181,6.45439,40.2685
788,1800,1800,4200,0.0083,0.265432,2.20588,52.6316
789,78,1700,7400,0.0265,0.851211,1.14329,67.2414
790,71,1200,4700,0.0483,1.55093,1.328,63.964
791,37,10200,4688,0.305,3.29357,-0.1765,82.716
792,423,875,3500,0.0465,1.49206,10.0,25.0
793,572,1900,7200,0.0138,0.44152,10.0,33.3333
794,22,9200,4900,0.2239,3.29076,0.214072,31.0165
795,867,1900,7300,0.0255,0.818713,1.0352,89.2857
796,13,416,443,0.4598,14.7596,3.84629,62.2951
797,278,2100,3600,0.3725,6.70588,3.01205,0.0
798,43,1200,3000,0.1809,5.80729,0.7472,100.0
799,15,185,4200,0.344,11.0425,10.0,84.058
800,139,2500,962,0.2207,3.97176,-1.91327,75.3388
801,1,1000,969,0.19,6.1,0.104674,30.1587
802,7,340,437,0.93,29.8529,0.435477,47.3214
803,60,427,376,0.6318,20.281,10.0,25.3886
804,80,305,539,0.429,13.7705,10.0,39.0071
805,89,699,270,0.3849,12.3538,0.749618,40.3315
806,20,525,511,0.5443,17.4709,2.43524,63.299
807,11,134,215,0.9028,28.9801,0.919118,42.0455
808,5,549,1100,0.4052,13.0055,3.39778,0.0
809,910,431,407,0.3783,12.1423,0.858738,20.8333
810,289,708,984,0.0785,2.51883,0.0509,46.0993
811,65,432,6300,0.1154,3.7037,1.09609,76.4706
812,44,243,177,0.4572,14.6776,1.12295,26.5306
813,1300,1200,1300,0.0676,2.1713,0.8692,13.3333
814,34,953,827,0.4293,13.781,0.71379,33.5958
815,10,476,777,0.3783,12.1429,0.632411,65.942
816,99,1200,799,0.118,3.78704,1.6331,29.2208
817,44,882,185,0.8872,28.4781,10.0,83.9202
818,3,28,25,0.2596,8.33333,0.649773,50.0
819,1000,1700,7500,0.0058,0.186275,1.2348,46.4286
820,76,328,416,0.4876,15.6504,0.167832,19.0476
821,197,81,53,0.1004,3.22359,0.7082,14.2857
822,227,449,506,0.1476,4.73892,-0.158623,19.6721
823,219,1500,5200,0.0649,2.08235,8.67052,53.9063
824,72,489,549,0.5758,18.4844,-0.110865,43.0233
825,128,432,395,0.2856,9.16923,-0.288169,30.6977
826,49,912,1100,0.0634,2.0346,-0.230664,0.0
827,26,1400,7300,0.1517,4.87013,1.3186,83.3333
828,251,20600,7500,0.0682,0.736516,-0.452803,25.1799
829,1100,8000,6200,0.0557,0.818056,1.93798,72.1088
830,215,3500,1000,0.055,0.990476,0.515996,43.2314
831,194,2500,6600,0.017,0.306667,3.54925,61.6667
832,1,1400,6500,0.109,3.5,-1.29032,69.0476
833,11,548,452,0.7817,25.0913,0.134505,26.2458
834,81,134,159,0.4431,14.223,0.135882,27.5
835,16,644,792,0.6326,20.3058,0.643087,33.4123
836,27,199,895,0.6401,20.5472,-0.445633,72.6852
837,155,15900,727,0.0369,0.398323,-0.110947,62.6632
838,181,841,2200,0.2091,6.71159,-0.0650214,37.3391
839,238,727,1000,0.518,16.6285,0.253582,13.6598
840,63,1000,751,0.4431,14.2222,0.9114,32.1839
841,27,291,1200,0.2343,7.52196,2.01654,24.2718
842,15,262,254,0.6888,22.112,0.632,17.341
843,622,1300,758,0.102,3.2735,5.23256,7.5
844,140,623,578,0.512,16.4348,1.19251,21.3287
845,96,660,1600,0.567,18.1996,0.590369,34.9398
846,66,235,340,0.2868,9.20696,2.24823,49.7076
847,198,3200,632,0.4196,7.55208,0.7192,98.0523
848,40,417,363,0.7002,22.4753,-0.877046,69.3446
849,72,87,234,0.2646,8.49298,0.8268,58.6207
850,153,970,714,0.2643,8.48306,0.0362476,39.7924
851,18,169,342,0.3372,10.8249,1.14351,66.4384
852,147,602,588,0.7187,23.0712,1.33136,39.8568
853,21,124,95,1.0,38.8441,-0.145455,97.2119
854,29,431,2400,0.1056,3.39005,5.36298,44.4444
855,567,2700,7400,0.0073,0.131687,0.666963,0.0
856,88,1500,1000,0.1943,6.23636,1.2843,32.3232
857,396,944,1700,0.3931,12.6177,1.21911,35.4762
858,201,771,800,0.1491,4.78455,0.439958,37.8238
859,11,973,6200,0.2713,8.70784,0.418076,83.1967
860,274,2300,7400,0.0233,0.42029,-0.753012,78.8462
861,301,1300,7500,0.0671,2.15385,-1.2987,58.9474
862,12,356,1100,0.2647,8.49719,0.103348,57.1429
863,3,77,552,0.7417,23.8095,-1.10197,42.8571
864,779,1000,7500,0.0216,0.694444,1.2124,40.7407
865,129,15200,1000,0.243,2.62406,-0.116023,40.8397
866,102,1100,1200,0.5961,19.1364,1.82927,0.0
867,63,1200,2700,0.5131,16.4706,0.8388,28.8848
868,27,47,19,0.545,17.4941,-0.363372,55.5556
869,425,2100,776,0.6098,10.9769,0.909091,47.2792
870,55,149,134,0.5004,16.0626,-0.3524,35.1064
871,141,1600,2500,0.403,12.9375,5.98802,49.7354
872,153,785,7456,0.1343,4.30998,-0.0451,72.9064
873,14,474,724,0.6525,20.9464,0.115808,50.2703
874,26,417,615,0.6562,21.0631,0.94697,27.3356
875,11,504,1100,0.7761,24.9118,1.52493,0.0
876,64,779,893,0.8026,25.7622,3.02982,34.2995
877,41,162,322,0.3312,10.631,-0.110873,44.8276
878,307,247,236,0.5641,18.1062,0.601308,22.3022
879,375,321,939,0.7252,23.278,-0.333611,73.8872
880,157,1700,997,0.1663,5.33725,10.0,37.6667
881,8,805,7400,0.8799,28.2453,-1.06326,93.3679
882,420,1400,3300,0.4084,13.1111,0.502,56.8123
883,42,664,2400,0.6743,21.6437,0.685358,69.8864
884,34,314,298,0.625,20.0637,0.234604,35.9833
885,6,24,33,0.3245,10.4167,1.61377,42.8571
886,20,336,375,0.7129,22.8836,1.4923,43.3213
887,54,281,188,0.4813,15.449,-2.16346,41.2162
888,157,695,381,0.9047,29.0394,10.0,58.7131
889,7,662,472,0.8674,27.8449,5.34034,74.9627
890,7,684,433,0.6279,20.1546,0.297177,64.9547
891,7,341,341,1.0,48.6804,1.43843,73.4118
892,10,240,155,0.8956,28.75,2.20901,60.0
893,19,491,286,0.8214,26.3655,1.36094,59.2233
894,88,972,760,0.48,15.4092,2.69993,46.3977
895,31,227,303,0.7197,23.1033,0.326131,62.8571
896,6,167,172,0.5037,16.1677,3.05149,44.0
897,35,239,422,0.512,16.4342,1.47195,61.6766
898,70,2200,757,0.4501,8.10101,1.0808,55.6835
899,59,474,1000,0.5364,17.2175,1.93072,25.6098
900,9,842,5600,0.224,7.19187,-0.581637,70.6731
901,74,602,1100,0.5318,17.0717,1.12233,44.1352
902,93,1200,711,0.1786,5.73333,0.8659,22.6148
903,32,346,687,1.0,39.7144,-0.152592,66.0241
904,37,1000,417,0.8273,26.5556,1.38547,0.0
905,21,1600,902,0.7145,22.934,1.4494,83.7462
906,35,1100,2900,0.1691,5.42857,1.0037,30.6773
907,13,1300,950,0.5315,17.0598,1.0233,46.9745
908,118,1400,3700,0.2478,7.95536,1.2385,0.0
909,11,662,4000,0.2405,7.72071,1.34234,71.2195
910,425,3500,7500,0.0966,1.73928,4.41176,40.0
911,1100,828,3500,0.024,0.771605,-1.24006,67.2727
912,55,1100,3000,0.4059,13.0303,1.97587,49.8715
913,123,3200,6100,0.6219,11.1944,1.88088,50.5281
914,47,846,1406,0.4716,15.1379,0.2616,37.5
915,20,240,918,0.2235,7.17593,0.0761,78.1022
916,26,1100,3500,0.3227,10.3576,3.71988,53.0612
917,86,951,7499,0.4794,15.3873,0.0383,49.7758
918,52,729,2400,0.6465,20.7514,0.259159,0.0
919,6,545,225,0.8037,25.7982,0.924556,47.4576
920,80,851,6400,0.0579,1.85754,10.0,69.9248
921,79,3100,4700,0.013,0.234767,-1.12931,89.1892
922,49,140,116,1.0,42.8175,-2.77864,75.6
923,18,291,490,0.7681,24.6564,3.4929,42.6829
924,32,346,720,0.4187,13.4393,8.9594,64.1148
925,8,1300,2500,0.2945,9.45192,-1.40056,54.5232
926,12,1900,1600,0.5063,16.2515,-4.03226,0.0
927,56,1200,3400,0.3619,11.6167,1.77096,0.0
928,40,1200,2900,0.255,8.18519,7.4418,0.0
929,10,80,11,0.4186,13.4375,1.4142,9.0909
930,8,49,42,0.7073,22.7041,1.59681,32.0
931,30,134,150,0.31,9.95025,0.857469,56.5217
932,545,1100,595,0.0653,2.09596,4.48407,19.6581
933,109,366,1100,0.0298,0.956284,10.0,25.9259
934,2,24,83,0.3245,10.4167,1.64294,50.0
935,241,4000,5900,0.1509,2.71667,1.42248,11.6223
936,10,294,445,0.4168,13.3787,7.97307,67.8322
937,11,42,11,0.6676,21.4286,1.0253,63.8889
938,112,625,2275,0.1714,5.50222,0.4092,45.5357
939,92,241,227,0.1293,4.14938,4.30062,55.9322
940,138,1300,328,0.3129,10.0433,1.46199,34.0237
941,5,222,1500,1.0,50.0,0.777672,84.9785
942,96,372,934,0.5809,18.6482,-0.191107,83.4963
943,180,1400,3200,0.3496,11.2206,1.39018,34.0589
944,9,603,7500,1.0,50.0,0.814349,98.2548
945,6,153,532,1.0,35.9477,3.69984,64.8438
946,157,1700,5900,0.1088,3.49346,10.0,60.4878
947,7,341,2200,0.1527,4.90154,-0.158562,69.863
948,228,1400,1500,0.2218,7.11905,0.6838,0.0
949,17,1700,3700,0.0503,1.61397,0.8645,73.4043
950,16,442,3400,0.7889,25.3243,0.779221,92.5878
951,2,176,371,1.0,36.3636,0.904159,23.5294
952,46,417,7500,0.6234,20.0107,4.42478,92.635
953,802,3400,996,0.2719,4.89379,-0.545951,58.6577
954,8,604,566,0.2672,8.57616,1.24275,50.3546
955,15,484,900,0.7908,25.3857,-0.523139,93.8931
956,51,2200,1300,0.5995,10.7914,0.7738,63.0062
957,42,624,703,0.7139,22.9167,1.11317,22.2857
958,72,1400,942,0.6919,22.2103,7.14286,65.1478
959,29,254,836,0.3925,12.5984,-0.424729,55.4913
960,491,1200,761,0.2173,6.97685,1.61377,28.5714
961,129,587,1900,0.1465,4.70376,0.219436,67.3913
962,13,172,948,0.2605,8.36315,-0.418293,93.4066
963,78,347,261,0.4818,15.4659,2.30224,62.9758
964,43,1400,1400,0.0073,0.234127,-1.18343,31.8182
965,95,637,2500,0.2883,9.25344,-0.388651,90.2748
966,104,1600,853,0.4448,14.2794,0.729,82.7011
967,47,515,429,0.499,16.0194,1.45728,0.0
968,46,14100,874,0.8419,9.09299,-0.374251,0.0
969,66,99,258,0.3357,10.7744,-0.863657,51.0638
970,28,860,2700,0.2276,7.3062,0.149206,57.0492
971,41,858,793,0.7328,23.5237,3.62301,35.7027
972,219,686,810,0.4032,12.9414,1.18577,48.6869
973,122,194,243,0.4086,13.1157,0.569909,32.4074
974,9,99,78,0.5389,17.298,0.18666,75.8065
975,57,983,688,0.5495,17.6387,0.786586,19.1781
976,415,865,2400,0.1288,4.13543,0.432963,47.861
977,30,5100,480,0.5115,7.51852,-0.69029,89.3905
978,33,320,1300,0.1323,4.24632,10.0,86.9159
979,124,854,652,0.5506,17.675,0.53219,37.2807
980,18,501,7400,0.2971,9.53648,-0.755659,85.9016
981,19,1000,4900,0.0897,2.87778,-1.6331,91.3462
982,244,2300,3000,0.0329,0.591788,0.6835,28.9855
983,442,1100,7300,0.0692,2.22222,0.8263,64.8485
984,50,385,2300,0.1636,5.25253,10.0,56.3492
985,805,6900,6200,0.1586,2.33078,-0.26455,85.6775
986,651,686,4000,0.0207,0.664075,10.0,40.0
987,1600,9900,5200,0.0145,0.213805,-1.72018,42.5
988,2,321,415,0.3203,10.2804,3.25591,13.0435
989,2100,690,1200,0.0216,0.692431,0.0257641,33.3333
990,704,274,876,0.0809,2.59529,1.37981,36.7347
991,13,191,854,0.2986,9.58518,0.975998,75.3623
992,3,29,146,1.0,50.0,-0.657895,96.5517
993,65,341,723,0.1705,5.4741,1.75406,19.7917
994,36,52,348,0.193,6.19658,5.29412,93.3333
995,8,613,4000,0.4021,12.9078,-0.175176,84.0
996,4,8000,557,1.0,50.0,-0.440788,97.6305
997,4,1100,413,0.9601,30.8182,0.515,34.5
998,2,407,266,0.4631,14.8649,0.267189,25.0
999,88,7400,319,0.682,10.0248,-0.243902,58.6942
1000,41,145,224,0.1289,4.13793,2.11069,19.4444
1001,238,344,1000,0.1399,4.48966,8.58206,17.1429
1002,21,1800,922,0.3269,10.4921,1.07604,25.9843
1003,254,1300,1300,0.2575,8.26697,1.46199,13.3652
1004,5,891,866,0.714,22.9181,1.58388,20.0535
1005,8,529,283,0.212,6.80529,0.870231,35.1852
1006,31,351,509,0.3363,10.7946,-0.0516529,33.617
1007,166,1300,1900,0.145,4.65385,0.5309,41.4322
1008,11,689,693,0.7506,24.0929,3.14033,18.9266
1009,10,842,1300,0.7046,22.6181,0.86458,23.1076
1010,7,668,835,0.5683,18.2421,10.0,46.9649
1011,6,1100,919,0.674,21.6364,1.78571,0.0
1012,3,753,1300,1.0,36.0779,9.69588,46.438
1013,32,1400,793,0.799,25.6476,1.1571,73.9657
1014,46,1100,904,0.4418,14.1818,1.3497,0.0
1015,105,769,644,0.6569,21.088,0.4255,11.2069
1016,175,890,1200,0.6251,20.0642,0.417973,34.8754
1017,113,705,1200,0.7109,22.8211,0.944075,28.5156
1018,237,506,44,0.3311,10.628,1.77515,14.8594
1019,142,448,572,0.6015,19.308,0.370503,29.3333
1020,161,5300,7400,0.0349,0.512972,-0.349406,53.6232
1021,32,217,254,0.4985,16.001,0.873057,63.4703
1022,92,1200,1100,0.5847,18.7685,1.66297,23.3491
1023,13,92,195,0.435,13.9632,0.40404,33.3333
1024,5,112,679,0.7176,23.0357,-1.1976,66.6667
1025,12,98,661,0.9854,31.6327,-0.363636,87.3494
1026,67,357,468,0.5992,19.2344,0.574553,75.4342
1027,11,1100,1500,1.0,38.8843,10.0,97.4774
1028,143,295,1500,0.3125,10.0299,-0.180846,25.4237
1029,4,535,467,0.1965,6.30841,0.784482,34.4262
1030,92,579,1800,0.3414,10.9576,0.31954,65.5246
1031,73,597,653,0.4753,15.2558,0.529705,36.6234
1032,99,1300,4400,0.0555,1.78205,1.4227,64.8936
1033,83,196,101,0.5439,17.4603,1.47987,71.0526
1034,19,1000,416,0.3453,11.0833,10.0,76.5517
1035,25,353,257,0.8938,28.6906,3.24435,47.1947
1036,60,870,791,0.5128,16.4623,1.75094,32.8846
1037,19,489,515,0.4852,15.576,3.58788,46.9388
1038,213,4700,3500,0.2259,4.06619,1.2715,45.2381
1039,15,111,36,0.4865,15.6156,9.18614,24.0
1040,1,230,747,0.8398,26.9565,7.56302,95.8333
1041,23,305,740,0.3551,11.3983,0.1763,0.0
1042,14,224,635,0.4391,14.0944,0.944693,79.3478
1043,230,574,1700,0.0814,2.61324,0.122399,59.434
1044,7,334,652,1.0,35.988,2.22222,68.7732
1045,96,448,875,0.2696,8.65283,2.67158,27.8788
1046,27,207,1300,0.3762,12.0773,5.44082,81.8182
1047,10,225,214,0.7323,23.5062,0.934579,29.7297
1048,107,570,269,0.9643,30.9552,-0.0951928,54.7884
1049,447,632,551,0.1432,4.5974,-0.0285502,34.8958
1050,111,727,4200,0.4995,16.0324,-0.655043,94.2308
1051,2,122,762,0.5873,18.8525,-0.436364,73.6842
1052,10,843,2600,0.1585,5.08897,-0.382425,65.4412
1053,61,614,244,0.1556,4.99457,10.0,25.3968
1054,37,303,280,0.8345,26.7877,-0.361816,43.7229
1055,162,1000,815,0.4199,13.4778,0.15027,33.4928
1056,1,79,102,0.3549,11.3924,10.0,37.5
1057,44,1300,709,0.6557,21.0473,1.4793,47.207
1058,91,1500,2100,0.3616,11.6078,1.35624,31.7982
1059,367,1900,913,0.2459,7.89182,1.2929,95.585
1060,1,194,122,1.0,39.6907,1.40562,57.1429
1061,2,413,785,0.3734,11.9855,1.21416,0.0
1062,1,65,70,0.7189,23.0769,1.49701,42.8571
1063,63,499,463,0.5868,18.8377,0.7879,26.1484
1064,55,737,629,0.48,15.4078,1.46628,36.6366
1065,23,7400,317,0.0692,1.01669,-0.242424,51.7188
1066,35,547,589,0.597,19.1651,0.37541,37.1287
1067,100,203,171,0.6232,20.0055,1.02919,21.9858
1068,186,1500,7300,0.2489,7.98889,0.5022,72.1221
1069,8,321,577,0.5313,17.0561,0.18498,46.3918
1070,9,85,163,0.3141,10.084,0.21777,54.2857
1071,339,357,407,0.2516,8.07656,-0.0510969,90.2913
1072,1,102,71,1.0,50.0,0.534759,30.6452
1073,26,151,99,0.5315,17.0627,10.0,43.5644
1074,151,370,421,0.3896,12.5075,1.82874,38.674
1075,17,1000,559,0.5129,16.4636,0.851574,74.141
1076,191,739,569,0.235,7.54398,-0.0482,78.0
1077,1,1200,52,1.0,49.4167,1.0337,91.3428
1078,24,630,922,0.4722,15.1587,0.588986,32.4051
1079,20,331,319,0.7146,22.9375,-0.0538,70.2128
1080,81,73,66,0.3959,12.7093,-0.2399,20.0
1081,29,250,894,0.3288,10.5538,2.37148,54.5455
1082,100,354,316,0.9949,31.9366,1.53374,42.6997
1083,610,238,411,0.3323,10.6676,0.150436,79.3478
1084,18,755,874,0.6453,20.7152,2.63269,69.4118
1085,70,230,889,0.6599,21.1836,2.69461,52.4272
1086,211,379,639,0.458,14.7024,0.61952,49.4624
1087,2500,2200,1800,0.1473,2.65103,-0.771803,74.3935
1088,60,1900,1900,0.2106,6.76023,2.11342,25.1908
1089,4,91,121,1.0,32.1429,-1.29088,24.5283
1090,13,422,864,0.4189,13.4479,1.04176,29.0
1091,11,3800,871,0.7519,13.5335,-0.463392,97.108
1092,37,809,3500,0.1217,3.90743,10.0,68.595
1093,18,684,664,0.7896,25.3446,-5.0,90.619
1094,149,309,781,0.2291,7.35347,0.0576,0.0
1095,549,1300,2100,0.3328,10.6838,3.26619,56.3319
1096,19,468,509,0.3802,12.2046,-0.821304,83.1606
1097,125,1700,874,0.4268,13.7017,1.1406,32.732
1098,301,1400,1200,0.4774,15.3235,1.35747,59.8558
1099,46,144,417,0.369,11.8441,1.05042,56.1404
1100,191,434,977,0.3079,9.88478,-5.0,41.6667
1101,314,995,2600,0.2915,9.35791,0.845865,53.4632
1102,95,248,641,0.5268,16.9118,0.146929,36.9863
1103,10,194,221,0.5139,16.4948,2.21804,18.1818
1104,67,236,89,0.3029,9.72222,0.79487,28.5714
1105,198,468,88,0.402,12.9036,3.51662,36.6812
1106,7,159,755,0.501,16.0827,10.0,74.6269
1107,1000,32100,7500,0.2358,2.19297,-0.617376,73.0203
1108,2,308,2000,0.2984,9.57792,10.0,64.4444
1109,10,21,73,0.178,5.71429,-0.836587,66.6667
1110,3500,8300,4400,0.0397,0.582999,0.22445,22.1757
1111,13,1200,5800,0.1643,5.275,3.8961,73.6486
1112,378,23300,490,1.0,19.7847,0.61657,88.361
1113,33,22,34,0.472,15.1515,5.12996,27.2727
1114,8,293,655,0.9051,29.0529,2.40136,81.6667
1115,131,3600,710,0.5326,9.58661,-0.945477,79.2689
1116,8,99,73,0.5304,17.0274,4.24107,35.1351
1117,165,470,1200,0.556,17.8487,3.00274,69.0021
1118,84,712,637,0.4429,14.2166,0.510031,33.6879
1119,287,4000,960,0.2447,4.40417,1.96078,57.0227
1120,44,214,102,0.5424,17.4099,0.979287,49.7608
1121,35,1000,3400,0.1088,3.49375,0.8172,21.2121
1122,95,5000,7500,1.0,19.2656,1.12641,98.315
1123,123,10700,2400,1.0,12.4221,-2.222,94.6704
1124,11,203,406,0.1784,5.7266,1.76904,0.0
1125,279,3400,5500,0.01,0.179739,1.0463,27.7778
1126,19,297,1800,0.2459,7.89375,-0.746826,79.0816
1127,6,3400,2300,0.0112,0.20098,-0.501253,0.0
1128,801,1500,7500,0.0037,0.118518,1.382,14.2857
1129,378,2100,5000,0.0773,1.39216,1.0244,45.3901
1130,58,121,441,0.1502,4.82094,2.12418,70.2703
1131,15,127,333,0.4188,13.4421,-0.55517,75.7282
1132,27,947,4900,0.2078,6.67019,-2.49864,49.3617
1133,519,995,5400,0.015,0.480179,-0.0877193,75.0
1134,1800,1600,7100,0.028,0.899306,10.0,38.4615
1135,239,1200,1200,0.0098,0.314815,-1.33393,58.8235
1136,189,329,2400,0.0558,1.78994,0.83321,37.8378
1137,39,1400,5433,0.2173,6.97619,0.8946,50.5703
1138,31,3700,6500,0.3994,7.18919,2.11416,58.3333
1139,45,967,7500,0.2169,6.96312,4.83191,83.7209
1140,163,924,1200,0.1483,4.7619,6.50506,32.6531
1141,78,712,2300,0.0552,1.77122,-0.621712,36.4706
1142,42,532,3400,0.205,6.57895,0.274261,71.0801
1143,266,1300,7500,0.0483,1.55128,0.6899,79.6512
1144,199,2100,6500,0.1008,1.81481,1.0038,24.7253
1145,74,897,7400,0.0938,3.01003,-1.18924,88.7372
1146,61,913,3500,0.1683,5.40343,1.51081,17.2566
1147,39,799,3000,0.086,2.76039,0.320378,76.6497
1148,136,1300,7500,0.0784,2.51709,-1.28315,83.631
1149,66,1200,7500,0.0708,2.27315,0.8266,51.3966
1150,178,1300,7000,0.0632,2.02991,0.7607,47.6744
1151,159,1100,4484,0.0398,1.27778,1.0492,51.2821
1152,27,509,3439,0.4596,14.7544,0.5455,51.2727
1153,254,1300,7500,0.1435,4.60577,0.72,85.7143
1154,119,347,946,0.3027,9.71822,1.26764,74.2358
1155,97,1500,2600,0.2088,6.7037,2.731,25.5639
1156,1200,3600,7300,0.0228,0.410494,1.02599,55.3191
1157,325,1400,3800,0.0611,1.96032,2.94118,40.8696
1158,81,1300,7300,0.086,2.76068,-1.28315,84.9432
1159,283,1100,7400,0.0576,1.84848,1.2638,54.1284
1160,25,56,82,0.3214,10.3175,0.6854,68.0
1161,484,571,2500,0.0246,0.788091,2.6528,28.9474
1162,26,2100,7500,0.3568,6.42328,10.0,91.4327
1163,101,352,3000,0.0413,1.32576,1.06937,53.125
1164,225,1800,7500,0.0409,1.31173,-0.945477,71.6279
1165,946,1200,7000,0.003,0.0972223,-1.34168,28.5714
1166,118,1700,7501,0.0355,1.14052,0.926,43.2203
1167,327,1300,1553,0.0316,1.01282,0.5168,23.0769
1168,498,343,548,0.052,1.66829,0.0525,31.4286
1169,126,1200,2700,0.1702,5.46297,-1.3986,82.5103
1170,12,908,7500,0.271,8.70044,0.322226,0.0
1171,107,221,930,0.1081,3.46908,0.580656,57.8947
1172,26,1600,7500,0.1435,4.60764,-1.08264,80.4582
1173,43,807,3800,0.2743,8.80576,10.0,63.1579
1174,112,578,3800,0.1183,3.79662,8.59151,72.3881
1175,37,882,7300,0.0412,1.32275,-0.756166,40.2439
1176,90,224,1300,0.2241,7.19246,0.665336,71.5596
1177,289,1200,5300,0.0487,1.56481,1.4976,61.1111
1178,12,686,5900,0.4386,14.0792,-1.57366,87.8357
1179,39,854,6300,0.2695,8.65209,-0.334378,89.41
1180,99,1200,4100,0.0487,1.56481,1.2436,55.0725
1181,1000,2100,6800,0.0109,0.195767,-0.792812,70.2703
1182,57,1200,3300,0.0466,1.49537,1.0696,29.4737
1183,121,940,3600,0.0501,1.60757,-0.151596,45.0
1184,32,555,2400,0.401,12.8729,0.899073,85.034
1185,130,2100,7200,0.0053,0.095238,1.0533,75.0
1186,1100,2200,7500,0.0422,0.760101,0.8932,23.1481
1187,152,2400,6900,0.1788,3.21759,-0.727273,37.1308
1188,347,609,3600,0.1461,4.68892,0.561687,63.8462
1189,115,158,424,0.1446,4.64135,1.73611,62.963
1190,163,1000,7400,0.0343,1.1,-1.61377,66.129
1191,30,706,5600,0.2274,7.29878,-1.25441,83.848
1192,12,1100,6800,0.2091,6.71212,-1.49701,81.5909
1193,39,376,1400,0.6036,19.3769,2.36661,61.1111
1194,119,752,5300,0.1047,3.36141,-0.689159,73.9583
1195,1100,1000,6800,0.0568,1.82222,1.4262,59.2593
1196,3,812,5000,0.1624,5.21346,-1.20961,70.5882
1197,41,1200,4200,0.0854,2.74074,1.2942,51.6588
1198,224,1100,3700,0.1588,5.09596,1.2249,61.5012
1199,47,155,258,0.144,4.62366,0.849652,51.7857
1200,81,333,855,0.4542,14.5812,-0.369849,38.3234
1201,54,555,955,0.1347,4.32432,0.473378,56.5
1202,834,991,7300,0.0024,0.0784841,-0.156977,20.0
1203,103,285,690,0.147,4.71735,0.863749,62.8319
1204,832,1600,4800,0.0512,1.64236,0.8805,36.6337
1205,111,690,6500,0.0996,3.19646,1.29088,72.6744
1206,114,887,3600,0.0228,0.732808,-1.5448,47.5
1207,845,9900,4500,0.0151,0.222222,-0.353607,44.2177
1208,115,952,3651,0.0362,1.1613,-0.0381,43.75
1209,181,1100,4300,0.2054,6.59375,0.604,43.0168
1210,150,237,223,0.0694,2.22691,0.62383,25.0
1211,3,7800,5100,0.4442,6.52991,-0.677507,91.5
1212,28,917,5711,0.178,5.71307,-0.1572,73.4375
1213,395,723,3800,0.084,2.6971,1.0948,46.789
1214,702,672,1800,0.0325,1.04167,1.39618,16.129
1215,284,1100,5700,0.009,0.287879,2.00376,70.0
1216,487,846,3700,0.0151,0.485947,1.81659,19.2308
1217,117,1300,6800,0.0628,2.01709,3.43053,47.5
1218,595,1400,5500,0.0258,0.829365,1.41576,40.5405
1219,36,972,2100,0.2635,8.45908,-0.411975,83.9674
1220,72,452,2600,0.2267,7.2763,0.30058,69.1176
1221,26,926,3700,0.1079,3.46247,-1.42308,63.4328
1222,1700,1000,5100,0.0073,0.233333,0.9772,40.0
1223,253,1300,4400,0.0523,1.67949,0.852,36.6071
1224,73,788,3900,0.2381,7.64241,1.4148,80.8824
1225,40,401,1500,0.4014,12.8845,-0.239908,67.3387
1226,48,577,4000,0.1167,3.74543,0.198262,48.855
1227,63,2400,7400,0.2774,4.99306,1.3621,45.0098
1228,35,1200,3200,0.0883,2.83333,0.7859,70.9779
1229,72,773,2000,0.0386,1.23822,-1.35054,28.5714
1230,246,892,2100,0.0394,1.26432,0.234109,33.3333
1231,62,1400,6400,0.058,1.86134,-1.27389,61.3924
1232,331,483,1100,0.3999,12.8364,0.120192,52.8239
1233,95,668,2000,0.0762,2.44511,0.23015,40.2985
1234,480,1500,7100,0.0268,0.85926,1.0965,27.9412
1235,50,1000,7500,0.107,3.43333,-3.18471,87.0206
1236,48,539,3400,0.1272,4.08163,-0.65064,48.2143
1237,99,1200,7500,0.0406,1.30392,-1.46987,77.1429
1238,225,1300,7400,0.0582,1.86752,0.9115,77.7778
1239,153,716,7100,0.0464,1.48976,-1.1696,73.2394
1240,2,1900,7500,0.1115,3.57895,0.7567,0.0
1241,2400,9800,7400,0.0048,0.0702948,10.0,22.2222
1242,214,881,4300,0.0678,2.17556,-0.653677,79.7753
1243,19,1000,7300,0.0838,2.68889,-1.74825,82.0069
1244,31,293,960,0.4785,15.3584,4.98408,0.0
1245,56,6900,4000,0.0612,0.899356,-5.0,88.3721
1246,164,1400,6600,0.0689,2.21032,1.4321,51.3369
1247,130,11800,5300,0.0079,0.0852443,-0.61862,27.1429
1248,1,1200,7300,0.0156,0.5,-1.43335,0.0
1249,80,1000,3600,0.0673,2.16,2.00584,93.6842
1250,9,920,7200,0.2075,6.66149,-1.46741,83.9286
1251,7,206,950,0.983,31.5534,-1.47548,93.7685
1252,133,1200,4400,0.1136,3.64815,1.75953,40.5128
1253,19,398,1300,0.4305,13.8191,5.77436,63.8418
1254,91,1200,5500,0.1744,5.59722,3.79747,25.0
1255,4,890,7100,0.3264,10.4775,-1.85474,78.9744
1256,211,1300,1700,0.0273,0.875332,10.0,31.25
1257,25,188,925,0.2679,8.59929,-0.10175,67.7966
1258,1500,1900,7500,0.0105,0.336257,0.9488,25.641
1259,61,485,3200,0.1781,5.71592,-0.352619,61.0738
1260,25,339,1600,0.3303,10.6021,4.33213,75.8065
1261,152,768,4500,0.03,0.962095,1.57011,0.0
1262,191,328,726,0.1346,4.3191,0.589623,12.7273
1263,2,544,3700,0.3436,11.0294,-0.445974,88.4615
1264,587,690,2400,0.072,2.31079,10.0,5.1282
1265,334,238,590,0.2909,9.33706,1.82593,43.75
1266,5,2800,1500,0.9841,17.7143,1.48883,0.0
1267,37,450,1800,0.5338,17.1358,-0.902132,84.8369
1268,2200,1400,6900,0.0075,0.242063,1.0942,52.7778
1269,123,784,4300,0.0296,0.949547,-0.0483138,69.0909
1270,194,1600,7500,0.1087,3.48897,1.0897,84.8684
1271,72,736,1900,0.2667,8.55978,0.0792149,44.5122
1272,25,201,1100,0.4667,14.9807,-0.286478,76.0766
1273,2200,2400,7500,0.0064,0.115741,1.3818,76.9231
1274,279,1900,7400,0.0917,2.94445,-0.974026,84.0206
1275,866,1400,3600,0.005,0.160714,-1.25,30.0
1276,15,669,4300,0.3117,10.005,-0.99475,85.3119
1277,47,1100,3900,0.1532,4.91919,-1.6129,85.0242
1278,26,1600,7500,0.2201,7.06597,1.30719,85.1595
1279,363,796,3600,0.0191,0.614182,1.59375,100.0
1280,12,425,535,0.6872,22.0588,2.87861,42.7948
1281,35,1400,5100,0.2272,7.29365,1.3986,74.942
1282,17,259,336,0.6426,20.6288,5.70968,45.122
1283,12,271,300,0.5817,18.6716,5.90035,67.1429
1284,12,421,500,0.8666,27.8174,3.11259,54.5455
1285,14,436,983,0.7178,23.04,1.1422,66.506
1286,3,206,443,1.0,35.9223,1.77527,61.9469
1287,46,475,904,0.7524,24.152,0.376233,43.5567
1288,4,354,519,1.0,41.3842,2.8006,40.9091
1289,5,108,270,1.0,41.8981,0.754148,83.8095
1290,2,138,242,1.0,36.9565,3.47395,28.5714
1291,35,890,963,0.7068,22.6896,2.61149,37.108
1292,723,1700,6100,0.0252,0.810457,0.706,27.0833
1293,148,273,247,0.4406,14.1433,-0.12987,20.0
1294,1,151,540,1.0,50.0,0.542,81.6327
1295,27,1600,1100,0.1577,5.0625,1.20482,81.7073
1296,184,1500,7200,0.0327,1.04815,0.6568,44.2748
1297,424,548,804,0.1492,4.79015,0.160606,53.4653
1298,230,1300,6000,0.2665,8.55555,5.26316,61.6622
1299,27,734,5900,0.2789,8.95398,-0.0245881,79.0837
1300,467,2500,6600,0.0053,0.0955556,-1.29955,15.3846
1301,50,315,632,0.6247,20.0529,2.64463,0.0
1302,696,1100,3700,0.0656,2.10606,1.74419,25.9615
1303,12,649,5468,0.772,24.7817,-0.0817,94.6394
1304,270,689,2600,0.0317,1.01597,-0.330688,91.0256
1305,2,115,328,1.0,50.0,-1.5873,100.0
1306,246,1100,2200,0.3118,10.0101,0.9727,26.1053
1307,7,38,264,1.0,50.0,-1.33038,84.7458
1308,160,1800,2600,0.3516,11.287,3.50877,17.0588
1309,6,678,733,0.9595,30.8014,-0.671488,42.2535
1310,706,268,1400,0.0032,0.103648,-0.256498,33.3333
1311,1300,1400,1000,0.0145,0.466387,1.0184,26.6667
1312,14,163,370,0.3918,12.5767,2.67266,80.8824
1313,896,530,1500,0.0307,0.985325,1.15142,10.0
1314,22,1100,3900,0.2056,6.60101,-1.52439,51.7327
1315,32,731,2000,0.482,15.4735,0.643832,31.8182
1316,224,347,1800,0.0539,1.72911,0.259525,38.0
1317,276,1000,1600,0.243,7.8,0.6448,50.0
1318,12,1800,1700,0.3581,11.4938,1.06952,33.2303
1319,3,110,318,0.9346,30.0,0.165801,33.3333
1320,262,1800,3054,0.0273,0.876543,1.2605,55.2147
1321,2,131,49,0.3924,12.5954,1.4274,57.1429
1322,2,18,43,0.0865,2.77778,0.7134,0.0
1323,39,90,198,0.4,12.8395,10.0,69.6203
1324,206,362,650,0.2099,6.73726,0.463559,29.1667
1325,73,1400,2100,0.174,5.58403,0.7287,40.6504
1326,100,1800,1100,0.8164,26.2059,1.1007,42.1459
1327,70,421,522,0.2874,9.22406,1.49568,18.125
1328,410,1200,1700,0.1715,5.50463,1.2857,48.1481
1329,12,511,2000,0.1473,4.72929,-0.280259,40.0
1330,127,344,751,0.404,12.9683,0.488467,24.8366
1331,213,457,541,0.2628,8.43666,0.2362,33.3333
1332,2,1500,823,0.1288,4.13333,1.29088,47.8261
1333,13,631,3500,0.2365,7.59112,1.39621,51.9651
1334,213,431,578,0.3871,12.4259,1.41768,0.0
1335,118,556,635,0.2381,7.64389,1.2281,32.3671
1336,74,1200,6700,0.2194,7.04167,-1.3986,71.6912
1337,64,112,1130,0.2349,7.53968,1.9333,95.4545
1338,488,353,658,0.3118,10.0094,0.832943,23.4043
1339,4100,1800,1400,0.0259,0.830247,0.8613,9.6154
1340,614,570,1762,0.3817,12.2515,0.0312,47.3498
1341,25,701,4200,0.3624,11.6342,0.75645,75.6055
1342,78,1400,7523,0.0334,1.07143,1.4424,60.3865
1343,28,687,4300,0.064,2.05402,-0.659018,78.0702
1344,450,1700,5500,0.0371,1.18954,3.87263,67.2727
1345,90,310,1300,0.0766,2.45968,0.236239,81.5789
1346,152,1200,7400,0.0961,3.08333,1.5949,37.7246
1347,403,647,2600,0.19,6.09848,-0.0829111,65.9674
1348,11,991,5900,0.4118,13.219,1.84944,61.6977
1349,13,273,1500,0.2502,8.03043,1.0875,80.3571
1350,61,453,2300,0.2399,7.70174,-0.507218,93.531
1351,71,863,2800,0.0979,3.1415,-0.0417856,57.2193
1352,10,1400,7207,0.0323,1.03571,0.5603,65.1515
1353,87,1200,7400,0.0792,2.54167,-1.37363,83.6576
1354,10,241,942,0.5119,16.4315,1.2904,78.7565
1355,5,2700,5900,1.0,50.0,-0.649351,88.9265
1356,130,2100,7400,0.0353,0.634921,-0.811688,62.5
1357,7,664,6500,1.0,50.0,-0.760855,95.4106
1358,11,581,2300,0.1979,6.35268,-0.66335,70.7865
1359,280,688,3800,0.0289,0.928618,-0.279351,72.8814
1360,21,840,2275,0.0468,1.50132,-0.1259,23.4694
1361,953,879,1700,0.1343,4.31045,10.0,61.0759
1362,68,1100,6400,0.1965,6.30808,1.4053,84.1463
1363,54,383,118,0.218,6.99739,7.47868,75.6098
1364,1100,2500,5400,0.057,1.02667,0.726744,36.9231
1365,482,1200,2300,0.0262,0.842593,0.6283,72.8972
1366,183,836,4200,0.1221,3.92079,-0.524747,70.2703
1367,18,812,6700,0.3958,12.7053,0.704604,36.8132
1368,129,807,5100,0.0755,2.42324,-0.353474,59.7222
1369,48,409,1500,0.2818,9.04645,0.36273,53.2609
1370,128,477,3100,0.0526,1.6888,-0.506152,85.2273
1371,162,414,2000,0.0819,2.63017,3.73715,18.0
1372,18,51,29,0.2477,7.95207,-1.0101,50.0
1373,11,230,833,0.3004,9.64427,10.0,53.271
1374,34,591,1800,0.195,6.26058,1.17936,57.9167
1375,74,1100,7200,0.0285,0.914141,1.2551,69.4444
1376,4,599,2400,0.1976,6.34391,-0.489895,42.1053
1377,179,1500,7100,0.033,1.05882,1.3308,87.5
1378,20,426,1700,0.0776,2.49087,-0.168114,43.6782
1379,508,1800,7500,0.0163,0.524691,0.9577,43.75
1380,53,205,255,0.0608,1.95122,1.01252,63.8889
1381,17,1100,7500,0.3342,10.7273,0.5495,72.5275
1382,43,265,556,0.3377,10.8386,1.39583,28.0303
1383,817,1000,2200,0.2915,9.35556,10.0,26.1745
1384,8,183,447,0.6682,21.4481,-0.195376,75.0
1385,195,959,6600,0.2783,8.93291,-0.740964,85.625
1386,33,1600,2000,0.1012,3.25,1.20482,46.2604
1387,98,485,307,0.4835,15.5212,-0.369549,57.4257
1388,121,405,1300,0.3977,12.7669,10.0,33.5443
1389,181,1500,1400,0.0426,1.36667,1.2404,67.9487
1390,10,310,1700,0.3326,10.6774,-0.512967,82.7586
1391,191,233,521,0.231,7.41536,-0.381971,36.5385
1392,80,892,7200,0.1607,5.15695,-1.10336,83.0303
1393,200,366,2100,0.1144,3.67335,0.24881,76.2963
1394,13,453,1700,0.6158,19.7657,-0.810435,81.9843
1395,3,1300,5048,0.3003,9.64103,1.4874,72.381
1396,71,1400,6500,0.1137,3.65079,0.6864,62.8986
1397,90,948,2393,0.1061,3.40483,0.0375,46.6292
1398,2200,1900,7500,0.0073,0.233918,1.4512,39.3939
1399,62,1900,7500,0.0254,0.815789,1.2047,58.9744
1400,34,430,1462,0.4564,14.6512,0.1667,62.5387
1401,74,1200,2000,0.1845,5.9213,1.1697,32.5153
1402,435,3800,5900,0.0309,0.555556,0.471402,31.6176
1403,373,2400,3900,0.0607,1.09259,1.201,41.1215
1404,346,796,2800,0.0191,0.614182,-0.0222729,14.6341
1405,170,866,1900,0.0464,1.48832,-0.083091,53.4884
1406,217,1600,2600,0.065,2.08681,0.8484,29.8507
1407,253,537,344,0.2665,8.55547,1.76334,34.9153
1408,27,78,314,0.2419,7.76353,-1.6513,28.0
1409,2,894,469,1.0,48.8814,5.23972,89.2377
1410,17,1300,7500,0.0912,2.92788,0.7661,0.0
1411,3,32,77,0.3894,12.5,1.20482,80.0
1412,79,1200,2100,0.1424,4.56944,-1.37363,42.0863
1413,366,763,2500,0.8365,26.8531,0.795921,61.166
1414,57,487,2400,0.4764,15.2909,0.972082,43.1535
1415,35,426,564,0.6395,20.5269,1.23035,0.0
1416,324,1200,1600,0.0548,1.7598,0.8576,0.0
1417,8,600,2898,0.2414,7.75,-0.433,78.9954
1418,20,165,233,0.3891,12.4916,-0.7355,46.2963
1419,96,534,3500,0.3636,11.6729,0.274864,56.1688
1420,460,3200,2400,0.0749,1.34896,-0.547645,70.1538
1421,11,2000,4570,0.0537,1.72273,1.2268,53.2258
1422,4,530,4700,1.0,48.1132,-0.724638,90.8046
1423,19,1300,610,0.3994,12.8205,0.9056,30.5304
1424,28,123,475,0.4953,15.8988,-0.710227,60.6742
1425,175,441,1400,0.0801,2.56992,-0.467472,70.4545
1426,58,630,7300,0.0665,2.13404,-0.764429,83.1933
1427,171,342,1300,0.334,10.7212,-0.457875,22.9008
1428,157,1000,5077,0.0748,2.4,1.1897,56.0976
1429,8,121,228,0.5503,17.6653,0.4513,53.0864
1430,5,985,4100,0.4396,14.1117,0.894761,78.5047
1431,43,222,771,0.361,11.5866,0.416412,48.5915
1432,13,748,1800,0.1999,6.41711,0.860585,0.0
1433,1805,1200,7337,0.0445,1.42708,0.6454,54.2553
1434,34,853,2700,0.3301,10.595,2.60069,0.0
1435,282,1400,7500,0.1564,5.02101,0.7562,36.2126
1436,60,796,1100,0.3748,12.0324,-0.179824,24.4838
1437,11,249,1100,0.4925,15.8087,-0.430416,73.4463
1438,44,1200,3400,0.1282,4.11574,1.0651,43.6482
1439,8,388,760,0.5045,16.1942,10.0,55.3763
1440,88,661,1800,0.2867,9.20323,-0.679863,32.9966
1441,740,1400,6700,0.0522,1.6746,0.7564,0.0
1442,41,1200,7500,0.2249,7.22059,1.0868,64.3923
1443,23,388,1100,0.5272,16.9244,-0.545455,43.0147
1444,6,300,500,0.2077,6.66667,-0.755155,33.9623
1445,5,1200,387,0.5672,18.2083,1.65289,0.0
1446,90,429,2100,0.1626,5.21885,4.85646,66.6667
1447,146,386,2800,0.1453,4.66321,4.23535,45.1613
1448,7,598,2200,0.614,19.7086,-1.13993,62.7063
1449,205,3600,4400,0.4894,8.80864,10.0,50.8551
1450,10,1100,2900,0.1444,4.63636,0.6995,40.8922
1451,175,1400,7500,0.0125,0.400794,1.2896,60.0
1452,1,89,129,0.21,6.74157,0.206612,20.0
1453,94,995,3600,0.1644,5.27638,0.916019,42.6966
1454,106,1500,6600,0.0984,3.15926,1.3796,73.5786
1455,453,2300,6253,0.2559,4.60614,0.8117,0.0
1456,107,808,3800,0.0685,2.20022,0.24646,83.2215
1457,194,1600,7500,0.0989,3.17361,0.6388,34.0782
1458,46,2600,7100,1.0,21.2137,-0.673401,79.694
1459,12,112,1400,1.0,50.0,-0.924499,97.8571
1460,7,656,2200,0.5122,16.4416,-0.137533,64.3382
1461,461,1300,4600,0.0499,1.6022,-1.29088,85.5932
1462,646,1800,2900,0.0513,1.64815,1.02599,38.5714
1463,60,1400,3600,0.0435,1.39732,-1.19048,35.1852
1464,93,1300,3900,0.1235,3.96581,0.6892,37.3585
1465,73,1700,7500,0.2205,7.07843,0.5415,65.8228
1466,49,1600,4077,0.0333,1.06944,1.2043,42.1875
1467,150,1500,5700,0.0456,1.46296,0.7028,38.5417
1468,354,1600,7100,0.0206,0.661765,1.0495,58.4416
1469,29,2200,4100,0.1169,2.10354,10.0,65.3992
1470,6,3700,7500,0.2147,3.86487,0.8603,72.3301
1471,102,1400,4500,0.1671,5.36508,1.4045,27.8638
1472,84,1700,7100,0.0639,2.05229,-1.0101,82.2642
1473,225,831,3400,0.0434,1.39247,0.175672,14.4068
1474,13,622,2200,0.2366,7.59337,-0.26091,52.7972
1475,89,153,796,0.293,9.4045,-0.236035,80.5556
1476,53,1000,1400,0.364,11.6833,0.463392,31.3901
1477,164,291,548,0.1421,4.56281,-0.548781,86.5248
1478,97,1900,7100,0.0926,2.97368,-0.903614,39.7727
1479,31,218,903,0.0969,3.10907,1.4214,49.2063
1480,28,465,1500,0.2572,8.25568,-0.8978,79.322
1481,188,699,5600,0.3999,12.8358,-0.205735,77.5986
1482,75,614,2400,0.1542,4.94933,-0.204948,48.2558
1483,51,948,7400,0.1225,3.93225,-0.318372,64.3636
1484,7,756,3900,0.4032,12.9441,-0.330579,87.1886
1485,84,1200,986,0.2547,8.17593,0.6232,50.7014
1486,9,256,2600,0.5652,18.1424,1.4927,92.8205
1487,27,914,5400,0.4829,15.4996,-0.521689,67.8851
1488,114,3000,7000,0.2745,4.94074,1.98413,37.9965
1489,11,70,220,0.3293,10.5714,7.1006,100.0
1490,201,484,2776,0.1098,3.5242,-0.0366,35.2518
1491,114,1300,1222,0.1857,5.96154,0.9715,40.7407
1492,3,485,1869,0.8414,27.0103,-0.4634,75.6944
1493,18,771,3600,0.2579,8.27929,5.68412,50.9804
1494,4,486,271,0.3221,10.3395,0.185625,28.866
1495,2,96,108,0.4381,14.0625,4.69925,53.3333
1496,4,100,810,1.0,36.0,-0.352237,93.2584
1497,149,571,778,0.1328,4.26153,-0.0317864,12.8571
1498,8,97,1200,1.0,35.8247,-1.20912,86.087
1499,38,68,142,0.2978,9.55882,0.544366,52.0
1500,25,253,120,0.2066,6.63153,0.364361,43.8596
1501,24,777,1100,0.5019,16.1109,1.111,40.5099
1502,35,432,1200,0.2909,9.33642,-0.527955,54.3269
1503,2,726,2700,0.2188,7.02479,-0.932488,51.3514
1504,64,181,913,0.0296,0.951504,-0.191736,0.0
1505,28,202,779,0.5056,16.2305,1.44097,55.8559
1506,28,501,1300,0.1285,4.12508,0.5287,62.963
1507,168,527,3200,0.0693,2.22433,-1.1577,35.0
1508,197,513,665,0.2647,8.49673,7.99867,28.7234
1509,29,293,1121,0.7797,25.0284,-0.2405,85.7143
1510,12,481,1400,0.3751,12.0409,-0.222657,28.022
1511,25,127,104,0.1485,4.76815,-0.280191,22.2222
1512,180,1300,6300,0.1065,3.4188,0.5645,65.8683
1513,29,216,891,0.1635,5.24691,-0.167823,64.5161
1514,54,392,2100,0.0902,2.89616,1.09995,40.678
1515,24,1900,7300,0.0473,1.51754,1.4869,91.5825
1516,263,204,1600,0.112,3.59477,1.8018,68.3333
1517,171,313,4600,0.5076,16.2939,-0.982783,96.7742
1518,1400,1300,4000,0.0343,1.10256,1.44509,23.1884
1519,209,102,249,0.4938,15.8497,0.937207,88.785
1520,24,304,918,0.0677,2.17471,-0.0592534,44.4444
1521,31,383,1000,0.2297,7.37214,0.727873,29.6296
1522,37,348,1800,0.3481,11.175,-0.0520969,62.5
1523,27,586,3400,0.1645,5.28062,-0.596445,85.2843
1524,2,30,82,0.3634,11.6667,0.623182,100.0
1525,367,533,3000,0.0652,2.09311,-0.459775,49.1379
1526,1,130,378,0.1198,3.84615,-0.669344,60.0
1527,219,495,5500,0.1853,5.94837,-1.36594,79.0323
1528,12,1700,1900,0.4545,14.5882,1.13636,0.0
1529,1,173,342,0.5042,16.185,-0.10513,66.6667
1530,12,288,3800,0.3383,10.8586,0.45569,40.9449
1531,2,384,1000,0.2758,8.85417,0.687961,54.7619
1532,5,1600,6400,0.2111,6.775,1.2197,83.0389
1533,49,260,252,0.0752,2.41453,0.140095,43.3333
1534,183,1000,2697,0.0666,2.13889,0.8099,17.3611
1535,7,158,294,0.4962,15.9283,0.116514,35.0
1536,293,2000,5200,0.1593,5.11389,1.96078,48.1405
1537,1600,1700,6400,0.0053,0.169935,0.5051,12.0
1538,145,893,1100,0.1165,3.73896,-0.434525,31.4721
1539,17,299,243,0.3549,11.3909,0.960307,51.9774
1540,17,132,296,0.4206,13.5027,2.15716,54.7945
1541,58,1200,3800,0.0539,1.73148,-1.39018,41.2903
1542,36,982,3700,0.1662,5.33492,0.205973,64.0212
1543,191,1100,7100,0.1127,3.61616,1.0705,45.2489
1544,679,1900,7500,0.0161,0.517544,1.1389,20.0
1545,29,2100,7000,0.3752,6.75397,-0.821468,50.6108
1546,87,1500,2000,0.1591,5.10588,1.29088,16.0237
1547,203,1500,7500,0.1402,4.50196,0.9997,47.7745
1548,25,47,69,0.2099,6.73759,-0.378788,95.7447
1549,21,1200,4800,0.1793,5.75463,1.0716,58.2441
1550,136,560,2378,0.1147,3.68056,0.1923,11.3402
1551,14,1900,7000,0.1438,4.61579,1.0101,70.0
1552,1400,1500,7200,0.045,1.44444,1.1278,72.619
1553,48,1200,3500,0.0699,2.24479,0.9242,35.0
1554,66,851,2700,0.2567,8.23867,-0.106202,27.0903
1555,81,612,2600,0.1445,4.63871,-0.176523,59.1195
1556,154,2600,2300,0.1433,2.57906,1.0763,82.7273
1557,179,619,1300,0.0271,0.87058,-0.369514,67.4419
1558,27,545,3200,0.1959,6.2895,-0.33162,83.2618
1559,247,1400,508,0.3605,11.5714,-2.24551,67.2598
1560,53,115,547,0.1701,5.45894,-0.61488,77.7778
1561,102,689,3400,0.083,2.66371,-0.202549,42.6471
1562,1200,1600,5800,0.0596,1.91319,0.8107,93.2075
1563,56,644,4300,0.2429,7.79848,0.0282765,63.7195
1564,20,279,797,0.629,20.1912,-0.256987,49.1453
1565,174,506,2000,0.0068,0.219587,-0.436887,50.0
1566,770,1600,7300,0.0335,1.07639,0.699,63.8554
1567,3,844,2000,0.1809,5.80569,-0.0643984,34.9206
1568,254,1300,3200,0.0226,0.726496,0.8245,72.3404
1569,651,1900,7500,0.0773,2.48246,0.968992,31.4554
1570,57,854,3900,0.1267,4.06583,10.0,55.7143
1571,187,2000,2800,0.0382,1.22778,0.912686,25.6637
1572,38,443,3200,0.3368,10.8101,0.944395,72.242
1573,2001,1100,7480,0.0074,0.237374,-1.4881,66.6667
1574,84,225,1000,0.0954,3.06173,0.0801967,26.6667
1575,36,855,5600,0.7708,24.7433,-0.27565,91.8414
1576,1358,1100,7500,0.068,2.18182,0.7567,17.7778
1577,85,1800,5100,0.0239,0.768519,-0.928793,42.735
1578,185,662,6000,0.1799,5.77375,-0.243869,89.441
1579,47,129,585,0.0832,2.67011,0.720046,63.6364
1580,21,622,1900,0.2023,6.49339,0.0292783,74.1313
1581,475,788,637,0.1819,5.83756,10.0,27.1186
1582,93,1100,6500,0.0109,0.348485,0.5192,85.7143
1583,420,722,2300,0.3795,12.1807,0.89852,35.0725
1584,334,1500,6044,0.0839,2.69167,1.268,53.2787
1585,88,504,2600,0.2352,7.55071,-0.143164,59.7285
1586,92,275,521,0.258,8.28283,-0.260671,14.8936
1587,28,3300,2226,0.0055,0.0993266,-0.5221,45.4545
1588,276,1400,612,0.1045,3.35317,1.37363,37.2881
1589,75,6700,6500,0.475,6.98231,-0.264178,67.333
1590,151,890,1500,0.3549,11.392,0.793469,27.088
1591,35,312,867,0.406,13.0342,0.722892,70.1107
1592,4,214,236,0.131,4.20561,0.614844,78.5714
1593,48,569,1200,0.1861,5.9754,1.82873,37.0732
1594,15,118,734,0.204,6.54854,7.83972,78.3784
1595,120,161,391,0.3934,12.6294,0.582751,44.6602
1596,2,41,193,0.2659,8.53659,0.910332,0.0
1597,3,58,221,0.376,12.069,8.54701,83.3333
1598,24,157,364,0.0915,2.93701,6.61742,18.1818
1599,2,475,1032,1.0,39.7895,0.6992,0.0
1600,1,53,164,0.6466,20.7547,2.7174,75.0
1601,37,457,1200,0.2428,7.79237,4.19884,44.6701
1602,12,324,583,1.0,32.4417,1.91209,27.8539
1603,16,390,998,0.3821,12.265,0.1376,33.3333
1604,23,166,230,0.0949,3.04552,-0.534874,25.9259
1605,114,313,1900,0.1819,5.83955,-1.27173,73.4375
1606,195,109500,6000,0.1888,1.41598,-0.599852,94.9059
1607,1,190,354,0.5083,16.3158,6.16895,0.0
1608,3,69,69,0.3612,11.5942,1.10548,42.8571
1609,24,327,904,0.171,5.4876,3.24261,27.2727
1610,1,157,138,0.1786,5.73248,0.11655,66.6667
1611,24,291,1900,0.136,4.36628,1.46044,51.7647
1612,27,336,412,0.7932,25.463,-0.261835,96.9817
1613,311,714,3600,0.1111,3.56731,-0.844499,51.6393
1614,82,324,6600,0.3285,10.5453,-1.78571,94.8509
1615,60,142,269,0.2584,8.29421,0.2536,8.5106
1616,11,258,411,0.2551,8.18798,5.39059,19.1781
1617,82,313,343,0.4119,13.2233,2.26166,19.3548
1618,82,286,424,0.1422,4.56488,0.125,12.963
1619,16,102,599,0.5307,17.0343,0.177862,78.75
1620,73,1200,1100,0.0559,1.79487,10.0,55.0336
1621,55,122,230,0.4497,14.4353,0.150263,38.806
1622,167,2000,7400,0.0566,1.81667,-1.61377,65.7588
1623,18,73,146,0.1446,4.64231,-0.242758,0.0
1624,102,362,1800,0.2276,7.30509,0.989171,41.1765
1625,143,662,2002,0.0667,2.13998,-0.0801,60.0
1626,18,146,267,0.253,8.12133,0.637024,27.1186
1627,5,27,28,0.3,9.62963,1.2811,75.0
1628,6,131,474,0.3488,11.1959,0.138185,42.8571
1629,29,263,620,0.5416,17.3849,0.274154,57.4803
1630,3,47,75,0.4198,13.4752,-0.378788,58.3333
1631,37,135,954,0.2743,8.80658,-0.132089,80.5195
1632,1,75,180,0.9553,30.6667,0.492166,63.6364
1633,183,7300,1600,0.0782,1.14992,1.2871,51.8634
1634,4,345,1500,0.4334,13.9131,1.11888,0.0
1635,39,431,3248,0.2142,6.87619,-0.1623,85.1064
1636,44,689,1700,0.3464,11.1192,0.487739,33.2386
1637,89,790,3400,0.0646,2.07454,0.813291,32.8947
1638,14,192,291,0.073,2.34375,0.286862,27.7778
1639,10,596,3300,0.588,18.8758,-0.708104,91.0256
1640,42,1200,2000,0.1431,4.59375,0.654,20.2586
1641,11,207,1300,0.1833,5.88494,0.26738,60.0
1642,44,339,1227,0.1639,5.26057,-0.3613,62.3288
1643,73,422,2800,0.089,2.85677,0.438648,52.439
1644,6,708,7100,0.6527,20.951,-0.472316,91.0112
1645,8,145,282,0.29,9.31034,0.766251,18.4211
1646,1,53,329,0.8817,28.3019,2.33524,75.0
1647,21,642,5200,0.0922,2.9595,10.0,79.4393
1648,14,108,96,0.3358,10.7804,0.519481,32.3077
1649,76,967,807,0.22,7.06079,-0.596386,47.8764
1650,22,307,619,0.1936,6.21398,2.35384,29.7872
1651,130,552,2800,0.101,3.24074,0.130344,52.381
1652,66,111,427,0.1871,6.00601,0.847362,80.3279
1653,5,520,3200,1.0,34.4615,-0.572121,90.367
1654,23,981,3900,0.3301,10.5958,-0.343374,90.3808
1655,180,488,1900,0.0667,2.14025,0.187084,60.4651
1656,8,140,607,1.0,35.8036,-0.747198,92.7152
1657,113,218,624,0.1842,5.91233,-0.475486,46.0317
1658,15,2000,7500,0.2005,6.4375,-0.860585,66.1538
1659,1,129,409,0.5071,16.2791,0.2812,52.9412
1660,52,547,1700,0.4718,15.1432,-0.668166,45.7064
1661,2,79,203,0.276,8.86077,0.46941,58.3333
1662,81,238,85,0.312,10.014,6.81161,22.7273
1663,151,1400,6500,0.1119,3.59127,-1.20482,52.7919
1664,79,1400,7400,0.1184,3.80159,1.39018,68.5879
1665,21,77,221,0.98,31.4574,-0.231696,85.2349
1666,5,132,970,0.2974,9.54546,10.0,45.4545
1667,5,223,640,0.2626,8.43049,1.6832,60.0
1668,25,1800,7300,0.2229,7.15433,0.7683,77.4629
1669,8,382,1700,0.0469,1.50524,-0.13998,55.0
1670,163,185,1100,0.217,6.96697,-0.096581,68.0412
1671,67,211,592,0.2026,6.50342,1.18656,35.0
1672,1,84,293,1.0,50.0,-1.0153,89.2857
1673,9,1800,7500,0.5157,16.5555,1.2433,84.893
1674,138,1100,1000,0.0936,3.00505,-1.47929,12.3077
1675,176,837,3300,0.1191,3.82318,1.48583,26.9231
1676,26,142,1400,0.5387,17.2926,0.523834,63.8298
1677,131,1400,3085,0.1365,4.38095,1.4116,54.8747
1678,18,315,428,0.1418,4.55027,-0.0575374,61.3636
1679,2000,145,364,0.1206,3.86973,-0.359827,22.2222
1680,64,791,5153,0.3214,10.3175,-0.1115,89.0836
1681,37,97,466,0.0535,1.71821,-0.87535,33.3333
1682,19,584,3200,0.7447,23.906,-0.631104,78.7185
1683,190,682,3300,0.2505,8.04008,0.321745,62.8415
1684,135,1300,6300,0.1197,3.84188,1.0458,76.6147
1685,86,369,1800,0.1309,4.20054,-0.383497,56.1905
1686,109,602,1700,0.1216,3.90365,10.0,24.1071
1687,22,179,1000,0.075,2.40653,1.65295,34.7826
1688,64,283,898,0.1127,3.61671,-0.243092,31.25
1689,45,1100,3100,0.0486,1.56061,1.4979,62.4113
1690,578,1200,1100,0.2329,7.47549,3.50877,23.9216
1691,27,438,1400,0.3371,10.8194,-0.203976,51.7606
1692,56,1100,2700,0.4347,13.9545,1.80723,45.2681
1693,10,68,97,0.1787,5.7353,0.844278,31.8182
1694,101,515,1100,0.037,1.18662,-0.279812,34.8837
1695,61,1600,4100,0.2303,7.39338,1.20482,29.9401
1696,12,101,197,0.1465,4.70297,1.186,36.3636
1697,6,286,468,0.354,11.3636,0.8446,54.2857
1698,1,66,154,0.7552,24.2424,-0.269736,38.4615
1699,11,169,261,0.5329,17.106,0.107573,33.9623
1700,105,2300,7200,0.1277,2.29855,2.63158,48.3871
1701,170,408,3100,0.3237,10.3894,-0.0441865,84.8739
1702,37,345,660,0.1184,3.80032,2.85033,0.0
1703,72,568,1700,0.1723,5.53024,1.87114,57.8704
1704,34,212,643,0.249,7.99266,10.0,30.9524
1705,2,218,378,0.2787,8.94495,-0.0825219,40.7407
1706,32,2400,7400,0.4767,8.58102,0.9592,45.8134
1707,63,1700,7500,0.1068,3.4281,0.9238,47.4522
1708,11,342,599,0.4405,14.1414,-0.31348,79.3814
1709,247,649,1400,0.1717,5.51275,0.740832,20.8333
1710,124,801,1900,0.2014,6.46414,0.980861,40.4082
1711,6,134,539,0.9183,29.4776,0.847139,92.8571
1712,210,1300,3300,0.1186,3.80769,1.4881,28.1513
1713,62,3000,6100,0.3915,7.04722,0.61212,27.6995
1714,38,88,72,0.1652,5.30303,0.422833,30.0
1715,53,446,949,0.1672,5.36871,-0.437637,33.7838
1716,5,946,3400,0.297,9.53488,-0.697914,65.1079
1717,77,3200,6400,0.2964,5.33507,0.58651,41.8164
1718,45,356,1534,0.1245,3.99501,-0.0992,46.0674
1719,87,846,3600,0.3171,10.1786,0.566202,41.8338
1720,1,57,153,0.4372,14.0351,1.00402,87.5
1721,74,420,1500,0.0911,2.92328,-0.932672,32.8947
1722,110,620,660,0.7691,24.6882,-0.0294568,46.0159
1723,70,509,5900,0.0704,2.25933,-0.883739,63.6364
1724,79,204,430,0.2647,8.49673,0.462435,30.8511
1725,260,693,1600,0.2967,9.52381,-0.701836,45.3901
1726,9,261,1700,0.4834,15.5172,-0.403687,45.614
1727,43,907,5300,0.213,6.83572,-0.563326,82.3647
1728,716,1600,4900,0.1485,4.76736,1.3643,0.0
1729,17,63,167,0.2349,7.53968,1.20349,30.4348
1730,71,2700,7499,0.1049,1.88889,4.0344,43.8356
1731,7,134,279,0.445,14.2857,0.136705,60.7843
1732,44,319,2200,0.1725,5.53814,0.473438,62.2807
1733,255,1300,2400,0.1436,4.61111,0.9618,12.585
1734,168,1300,7400,0.0503,1.61538,0.8423,39.4366
1735,311,404,1300,0.0227,0.728823,-0.0446229,23.5294
1736,365,891,2200,0.0221,0.710812,2.24295,12.5
1737,1,130,247,0.3355,10.7692,0.4193,41.6667
1738,12,194,570,0.2409,7.73196,0.1849,53.125
1739,119,1100,7500,0.0716,2.29946,-1.49701,63.0435
1740,13,396,2100,0.4085,13.1119,-0.4914,83.5821
1741,16,66,441,0.0856,2.74621,1.1044,78.5714
1742,361,2200,7479,0.0191,0.343434,0.5431,36.5854
1743,96,849,7500,0.1209,3.88038,1.14808,43.8503
1744,1,115,224,0.3522,11.3043,10.0,36.3636
1745,55,1700,5700,0.1248,4.00654,-1.0101,54.25
1746,29,481,1700,0.4595,14.7494,-0.553206,67.03
1747,38,57,206,0.3856,12.3782,1.35578,72.8571
1748,11,374,990,0.2135,6.85464,-0.0487805,30.5785
1749,40,1500,1400,0.3122,10.0222,1.3816,0.0
1750,108,385,920,0.3039,9.7547,0.236369,22.3602
1751,9,455,1400,0.3956,12.6984,1.94647,67.7249
1752,43,537,2600,0.1702,5.46244,-0.232548,69.6429
1753,52,196,785,0.1916,6.15079,-0.277461,51.2195
1754,4,92,172,0.237,7.6087,3.43774,20.0
1755,35,326,970,0.1736,5.5726,1.77533,30.3279
1756,4,108,157,0.2308,7.40741,-0.645439,42.1053
1757,10,449,1100,0.1068,3.42984,0.246255,33.3333
1758,14,237,1000,0.3634,11.6637,0.154739,81.25
1759,12,193,333,0.0942,3.02245,-0.459137,45.7143
1760,8,924,2716,0.1427,4.58153,0.0972,25.8427
1761,4,282,355,0.3314,10.6383,0.395257,37.7049
1762,9,91,431,0.2054,6.5934,-0.391007,47.0588
1763,41,345,566,0.1916,6.15137,-0.0525486,66.9903
1764,4,93,258,0.5862,18.8172,0.198834,50.0
1765,1,296,540,0.1368,4.39189,-0.363431,40.0
1766,2,178,534,0.5688,18.2584,-1.14833,65.7895
1767,58,1800,5600,0.1103,3.53922,1.4716,57.2816
1768,7,123,655,0.2931,9.40767,0.7209,78.9474
1769,32,359,1800,0.1147,3.68307,10.0,42.1053
1770,24,263,348,0.114,3.6597,10.0,34.6939
1771,31,743,557,0.1137,3.64887,-0.0488103,17.3913
1772,27,113,305,0.2129,6.83382,-0.320085,37.8378
1773,60,721,4700,0.2789,8.95362,-0.247227,87.5984
1774,4,273,440,0.1198,3.84615,0.0676651,50.0
1775,8,56,55,0.3129,10.0446,-0.623182,41.1765
1776,9,282,705,0.0687,2.20646,-0.128822,59.2593
1777,60,216,566,0.129,4.14095,-0.250585,71.2121
1778,25,932,3200,0.0462,1.48426,-0.25012,53.7815
1779,29,193,433,0.1255,4.02994,-0.18648,36.1702
1780,12,107,304,0.2742,8.80062,-0.495868,77.551
1781,333,1200,6100,0.0213,0.685185,1.3561,80.0
1782,127,806,2800,0.1554,4.98759,10.0,0.0
1783,6,167,291,0.2176,6.98603,-0.215169,78.7879
1784,4,2100,5100,0.086,1.54762,-0.821468,37.1795
1785,94,836,2400,0.1733,5.5622,-0.341443,27.8884
1786,3,38,152,0.7378,23.6842,0.9256,85.7143
1787,370,423,960,0.1506,4.8332,-0.894269,31.7073
1788,5,897,7300,0.1132,3.63434,-0.739645,54.6667
1789,22,1300,5000,0.0738,2.36752,1.4314,59.1954
1790,304,289,1200,0.1258,4.03691,1.51695,30.5556
1791,615,2200,7500,0.0561,1.0101,1.1316,33.0882
1792,50,365,1100,0.1214,3.8965,-0.0490822,52.0833
1793,323,1100,4800,0.0601,1.92929,-1.51515,61.5942
1794,38,1500,5800,0.1968,6.31852,0.9196,68.75
1795,51,1700,7500,0.0257,0.823529,1.2727,47.8261
1796,1,341,3500,1.0,50.0,-0.618079,95.4887
1797,169,1000,6700,0.0642,2.06111,1.1047,90.3614
1798,11,1800,6200,0.0993,3.18889,1.2054,55.4307
1799,147,798,2400,0.1271,4.07964,-0.0227557,61.7512
1800,203,1400,4900,0.0666,2.13889,1.2127,45.2174
1801,102,1000,2100,0.1468,4.71111,0.9473,31.2217
1802,59,119,139,0.2603,8.35667,1.4876,71.4286
1803,180,867,637,0.3212,10.3101,0.1471,67.6413
1804,204,1100,6200,0.0368,1.18182,0.5983,75.7895
1805,428,597,1900,0.0809,2.59631,-0.270027,56.383
1806,337,996,3700,0.0705,2.26461,0.237572,32.2368
1807,733,1700,6952,0.0337,1.0817,0.9536,25.7426
1808,172,1000,3400,0.0635,2.03889,0.125136,22.5
1809,11,205,373,0.3606,11.5743,1.23857,49.4845
1810,153,730,2304,0.1321,4.23897,0.4744,25.8706
1811,137,463,2600,0.0815,2.61579,0.274123,51.3514
1812,1400,1900,7300,0.021,0.675439,0.7118,15.0685
1813,247,2100,3065,0.0376,0.677249,1.3579,37.6812
1814,965,1400,7000,0.0256,0.821429,-1.21951,28.8136
1815,23,1800,6300,0.1615,5.18301,1.154,62.5181
1816,42,352,1500,0.2803,8.99621,-0.153649,65.9292
1817,87,166,447,0.1887,6.05756,0.446229,17.9487
1818,66,866,4400,0.0947,3.0408,3.08883,61.0465
1819,423,2000,7500,0.0272,0.872222,0.951173,36.2745
1820,9,225,1700,0.542,17.3968,0.0811688,58.4158
1821,112,2400,7501,0.4178,7.52083,1.0196,50.0
1822,1000,1500,4500,0.2229,7.15556,1.0092,34.2593
1823,0,74,75,1.0,50.0,-5.0,47.2222
1824,21,455,965,0.1442,4.62759,0.325402,39.3103
1825,363,1800,7400,0.1068,3.42901,1.4871,37.0213
1826,378,1100,2600,0.1353,4.34343,10.0,18.9474
1827,6,593,686,0.2522,8.09443,-0.301523,32.8767
1828,102,1400,6100,0.0431,1.38492,0.9081,37.6923
1829,11,128,483,0.4759,15.2778,10.0,62.3188
1830,15,58,158,0.1325,4.25287,-0.894188,76.1905
1831,29,632,2900,0.3434,11.0232,-0.561125,90.3061
1832,70,301,637,0.3174,10.1883,0.243398,37.1795
1833,15,2900,7347,0.3039,5.46983,0.6711,41.3183
1834,90,345,1100,0.1811,5.81321,-0.459465,53.1532
1835,13,165,778,0.1961,6.29371,10.0,43.75
1836,175,1300,3200,0.1058,3.39744,1.0772,18.9744
1837,17,408,1400,0.2026,6.50327,3.01299,41.9118
1838,75,822,3700,0.0705,2.26413,1.21316,32.3308
1839,17,1300,3000,0.1388,4.45701,1.4331,34.3023
1840,79,1100,6500,0.1855,5.95455,1.0355,56.3187
1841,485,1600,7500,0.0085,0.274306,1.3783,5.7143
1842,62,1700,7500,0.0549,1.76125,1.12275,37.0787
1843,165,863,5900,0.0285,0.914124,-0.426748,57.6923
1844,1400,1100,7500,0.0419,1.34343,0.7899,25.8065
1845,209,992,3100,0.1014,3.25546,0.7503,34.7134
1846,366,1700,7300,0.0702,2.2549,-0.998004,54.7486
1847,1500,1100,6600,0.0074,0.237374,0.5948,30.7692
1848,198,1300,3700,0.0607,1.94872,1.1042,25.5172
1849,53,110,164,0.2816,9.04041,1.3705,24.5283
1850,37,1100,6700,0.2912,9.34848,0.6427,68.8312
1851,206,1100,1800,0.4339,13.9293,1.80723,32.8537
1852,9,114,393,0.3856,12.3782,0.6017,45.614
1853,35,570,1900,0.1114,3.577,0.031954,43.662
1854,37,67,417,0.4624,14.8425,-0.26738,87.9518
1855,14,539,2900,0.3369,10.8137,-0.430806,82.7243
1856,87,1500,6300,0.1074,3.44815,0.8001,65.109
1857,1100,1700,3300,0.0388,1.2451,1.09012,37.3494
1858,176,682,2433,0.0941,3.02216,-0.1567,23.3766
1859,456,1300,7500,0.0471,1.51282,1.168,54.1667
1860,85,463,1200,0.1349,4.33165,-0.154795,26.7241
1861,13,304,1000,0.5282,16.9557,-0.351906,62.2318
1862,2,767,6700,1.0,47.1969,-0.662403,97.1154
1863,195,2600,7400,0.0664,1.19444,-0.665336,59.2437
1864,958,506,3300,0.138,4.4292,0.688489,27.907
1865,18,431,1300,0.8669,27.8277,1.60698,60.4736
1866,8,1200,5000,0.3553,11.4062,0.5916,59.1331
1867,74,1200,6600,0.0516,1.65741,0.6868,47.7124
1868,44,867,929,0.2614,8.391,1.77215,39.0977
1869,50,1200,7500,0.0803,2.5787,10.0,52.7778
1870,122,1400,5051,0.2305,7.4,1.332,65.0391
1871,47,1000,1400,0.1994,6.4,1.205,19.943
1872,67,711,1600,0.0986,3.16456,-0.227273,22.4138
1873,5,498,2800,0.5255,16.8675,-0.668191,59.4444
1874,13,178,637,0.2477,7.9516,-0.101574,58.75
1875,255,1200,5900,0.044,1.41204,0.8879,26.3889
1876,285,1300,3799,0.1232,3.95385,0.6428,33.9286
1877,321,1800,6900,0.0484,1.55247,1.0502,55.8442
1878,145,1200,7400,0.1421,4.56019,0.8426,64.3799
1879,75,905,4600,0.0734,2.35727,-0.431499,39.1304
1880,96,1400,5000,0.0791,2.53968,1.1393,30.5221
1881,452,796,3100,0.0257,0.823562,1.98749,35.7143
1882,731,2000,6400,0.0586,1.88056,0.917993,15.9091
1883,15,141,621,0.4051,13.0024,-0.622665,51.9481
1884,55,2400,7500,0.1377,2.47917,1.3566,0.0
1885,28,585,7200,0.2819,9.05033,-0.687799,82.971
1886,329,1600,6920,0.0249,0.797794,1.4498,36.0465
1887,5,273,405,0.5848,18.7729,0.548885,14.6789
1888,2,192,1000,0.6084,19.5312,0.0957732,63.1579
1889,133,1000,1500,0.1888,6.06111,1.0582,19.6923
1890,781,1200,6100,0.0172,0.550926,10.0,27.027
1891,6,2300,6900,0.4778,8.6,0.8367,45.8453
1892,16,242,724,0.3038,9.75208,1.2717,35.3982
1893,327,463,7200,0.1678,5.38757,1.88644,41.9643
1894,3,1500,5300,0.0907,2.91111,-1.13636,46.0784
1895,359,1100,3500,0.1383,4.43939,1.4271,31.1741
1896,33,516,2000,0.1197,3.84367,-0.309811,25.4237
1897,4,534,541,0.1254,4.02622,-0.134366,36.2069
1898,385,807,3000,0.0538,1.72794,0.0224222,28.75
1899,25,982,1800,0.1599,5.13125,0.245413,19.3846
1900,127,1900,6700,0.0274,0.880117,0.8947,38.3838
1901,155,912,4000,0.0575,1.84576,-0.575551,71.8447
1902,508,734,1225,0.0453,1.45322,-0.0243,80.3738
1903,465,2400,7500,0.0604,1.08796,1.2296,33.5135
1904,121,492,3200,0.0566,1.81798,0.967467,12.5
1905,198,641,3500,0.0975,3.12879,0.394033,37.5
1906,1300,1300,3800,0.0182,0.58547,0.6322,46.0
1907,63,1300,7400,0.0381,1.22222,-1.29088,41.4063
1908,544,549,4000,0.0265,0.85003,-0.977706,48.6486
1909,193,3600,7300,0.2352,4.23303,1.4241,73.6549
1910,7,138,317,0.0742,2.38095,0.26738,75.0
1911,269,735,3000,0.1801,5.78231,-0.194587,55.2795
1912,37,125,599,0.2852,9.15556,1.2829,36.5079
1913,65,623,874,0.1217,3.90583,-0.028962,24.8227
1914,892,1500,5200,0.0106,0.340741,0.6419,27.027
1915,6,297,593,0.1311,4.20875,0.372625,30.0
1916,361,1200,4100,0.0624,2.00463,-1.38185,46.4052
1917,100,484,1200,0.2489,7.98898,0.578005,19.7674
1918,41,2800,7400,0.0632,1.1369,1.4215,41.5094
1919,37,1400,5000,0.1461,4.69048,0.6727,58.0786
1920,24,84,715,0.5144,16.5114,3.63636,96.2733
1921,13,457,997,0.0653,2.09701,-0.0773,52.5
1922,8100,1700,7500,0.0029,0.0915032,0.6207,0.0
1923,133,205,1000,0.2642,8.48238,-0.345881,51.5152
1924,55,727,2900,0.24,7.70289,0.203535,40.6475
1925,30,1800,7500,0.1448,4.64815,-0.956938,51.8135
1926,37,210,557,0.1665,5.34391,0.443459,21.5385
1927,83,205,387,0.466,14.9594,0.932401,40.1639
1928,5,36,25,0.7442,23.8889,0.9136,95.2381
1929,8,166,333,0.5935,19.0512,-0.534874,0.0
1930,347,230,2200,0.1012,3.24808,-0.153941,63.4146
1931,194,500,7400,0.1035,3.32222,-0.690926,70.0
1932,29,927,7100,0.3405,10.9313,-0.625,91.5512
1933,14,900,7200,0.7138,22.9127,-0.58651,93.3953
1934,17,1100,2700,0.1979,6.35151,1.81818,39.2045
1935,82,613,1900,0.3208,10.2977,0.5747,35.9649
1936,126,682,3674,0.1213,3.89378,0.0262,56.0209
1937,10,279,1500,0.6434,20.6541,-0.754337,80.9524
1938,40,871,2400,0.521,16.7241,-0.559504,24.109
1939,39,1200,4500,0.0577,1.85185,1.2085,46.3636
1940,540,822,7200,0.3657,11.7396,-0.107963,63.4921
1941,58,742,2900,0.0623,1.9991,0.474929,37.1429
1942,235,324,564,0.1026,3.29218,0.627567,48.1013
1943,6,411,1100,0.2779,8.92132,-0.349264,69.6203
1944,9,1100,6500,0.5872,18.8485,2.19061,81.7221
1945,92,513,2891,0.0361,1.15876,0.1412,35.7143
1946,630,1500,2900,0.0117,0.374074,0.9318,11.7647
1947,12,364,3700,0.2418,7.76099,-0.533333,72.8477
1948,897,1600,4400,0.0221,0.708333,1.16959,29.5455
1949,159,973,2800,0.0585,1.8785,10.0,76.9231
1950,331,208,3700,0.0314,1.00661,-5.0,45.8333
1951,819,707,2400,0.0933,2.99387,0.301154,13.0435
1952,1500,1600,4200,0.0162,0.520833,-1.03199,55.8824
1953,143,804,1300,0.0693,2.22499,-0.264178,39.2
1954,148,979,1600,0.037,1.18744,0.0555501,93.4932
1955,106,769,2800,0.0686,2.20344,-0.165011,69.7479
1956,11,2000,6900,0.0078,0.25,0.5668,50.0
1957,79,441,1200,0.3387,10.8718,1.282,30.4124
1958,23,478,1400,0.3983,12.7848,0.514546,50.0
1959,990,1000,7000,0.0547,1.75556,1.2098,33.3333
1960,92,904,3500,0.2186,7.01819,2.41174,38.2979
1961,161,1100,4600,0.0541,1.73737,0.7027,49.5495
1962,20,587,1700,0.3358,10.7799,-0.0621144,67.2941
1963,208,1900,5874,0.0899,2.88596,1.0375,50.3704
1964,5,59,423,0.3062,9.83051,-2.9826,46.1538
1965,194,930,3200,0.088,2.82557,-0.206289,13.9344
1966,118,2100,6700,0.0351,0.632275,-1.5715,76.9231
1967,97,549,3500,0.0318,1.02206,-0.256476,18.1818
1968,19,812,5044,0.2024,6.49631,0.8926,75.5245
1969,46,1300,6200,0.0345,1.10684,1.1229,50.4065
1970,32,2000,5181,0.0205,0.658333,-0.8658,46.6667
1971,28,702,4500,0.0636,2.04178,1.3421,69.0909
1972,112,1600,5400,0.122,3.91667,1.20482,31.3808
1973,52,1400,4400,0.0947,3.03968,1.40713,52.381
1974,25,1700,2600,0.5737,18.4157,1.15741,30.9875
1975,378,2300,7500,0.0102,0.183575,1.0486,12.0
1976,158,1300,7400,0.0639,2.05128,0.6485,36.3636
1977,249,2000,3800,0.13,4.17222,1.3771,22.2826
1978,17,1200,6000,0.2897,9.29902,-1.43335,71.535
1979,113,425,1200,0.2696,8.65359,0.221828,58.9744
1980,10,338,1000,0.5172,16.6009,0.0552924,52.4324
1981,13,536,1900,0.0478,1.53559,1.22248,32.6087
1982,53,142,486,0.0878,2.8169,1.7094,28.9474
1983,98,1200,1500,0.0988,3.1713,1.2603,26.7327
1984,658,505,859,0.0891,2.86029,0.146945,32.6087
1985,490,1100,6700,0.0938,3.0101,1.3449,35.1648
1986,336,2000,3600,0.026,0.833333,1.1547,29.1667
1987,53,982,1700,0.1153,3.70193,-0.16818,29.4118
1988,26,669,934,0.4408,14.1505,-0.082672,37.467
1989,107,1800,5300,0.0675,2.16667,0.9465,57.3379
1990,291,1700,7500,0.0977,3.13725,1.15741,58.0071
1991,51,459,1900,1.0,40.6162,0.245278,0.0
1992,208,1000,2700,0.0426,1.36667,0.5914,21.6216
1993,95,1400,2200,0.1863,5.98016,1.4583,33.5227
1994,23,1300,3800,0.2761,8.86325,0.7518,73.1788
1995,259,1100,2900,0.0716,2.29798,0.6663,41.1392
1996,40,1600,5300,0.2784,8.9375,1.21951,42.402
1997,1200,1400,5600,0.0072,0.230159,1.4004,65.3846
1998,116,401,1800,0.2814,9.03297,-0.494426,61.2121
1999,677,4900,2900,0.0084,0.151927,-0.35503,16.6667
2000,300,3300,729,0.0965,1.73737,-0.53802,95.7396
2001,739,1000,824,0.0877,2.81667,0.145744,18.8312
2002,50,2100,7500,0.1509,2.71693,0.6573,33.4559
2003,98,854,3000,0.2085,6.69399,0.17298,55.9375
2004,1,735,2800,0.4281,13.7415,-1.03322,100.0
2005,18,1200,3000,0.1473,4.72685,1.0801,49.4444
2006,34,259,965,0.2553,8.19391,-0.0712251,70.6897
2007,362,999,2600,0.0761,2.44133,1.61406,39.0
2008,78,2000,7500,0.1366,4.38333,0.945477,78.5714
2009,577,1600,7500,0.0796,2.55556,1.0073,45.2381
2010,115,570,837,0.4825,15.4873,0.915161,64.4444
2011,107,229,556,0.2267,7.27802,1.11454,50.8772
2012,28,506,815,0.3089,9.91436,0.297486,28.8703
2013,132,902,1900,0.3287,10.5506,2.02724,96.2175
2014,78,283,1300,0.4752,15.2532,-0.872927,90.1468
2015,70,539,1100,0.1856,5.95753,-0.200167,99.3548
2016,58,126,114,0.4423,14.1975,-1.24224,36.6667
2017,7,166,769,0.7399,23.7522,1.0863,100.0
2018,207,502,1600,0.1972,6.33023,-0.290487,71.9101
2019,91,1200,7500,0.0346,1.11111,0.5224,60.1695
2020,326,2300,7400,0.0488,0.879227,1.3345,42.2535
2021,148,732,1700,0.3951,12.6822,1.87736,92.4226
2022,103,970,999,0.3038,9.75136,-0.0400834,0.0
2023,96,1100,2100,0.2241,7.19481,1.96078,28.7273
2024,155,994,7500,0.1748,5.61145,1.86726,51.0
2025,2900,16000,1400,0.0282,0.304514,-0.80608,38.8393
2026,42,29,114,0.4894,15.7088,0.8372,100.0
2027,32,414,570,0.625,20.0617,-0.216967,59.5062
2028,2,186,798,1.0,50.0,2.67738,85.1852
2029,20,438,662,0.7882,25.3022,1.05402,42.1512
2030,10,240,420,0.9678,31.0648,1.41173,37.7483
2031,21,453,2000,0.1547,4.96689,-0.122589,71.123
2032,87,480,1600,0.3386,10.8681,2.07039,27.7457
2033,6,983,1100,0.4831,15.5065,0.781876,0.0
2034,18,2200,3000,0.6056,10.9015,1.77515,42.9126
2035,2,192,1800,0.0568,1.82291,-0.780979,0.0
2036,25,575,1000,0.5671,18.2029,0.161447,48.6726
2037,5,121,97,0.6951,22.314,2.17537,53.2258
2038,5,726,4000,0.2884,9.2562,0.666001,0.0
2039,116,584,416,0.4732,15.1894,0.0309988,0.0
2040,5,91,254,1.0,36.2637,3.54554,44.2623
2041,64,871,1700,0.2992,9.60581,0.801768,0.0
2042,160,793,5600,0.198,6.35421,-0.487841,52.2436
2043,9,290,268,0.9162,29.4089,1.27262,18.3784
2044,12,222,238,0.5693,18.2754,1.22765,50.0
2045,6,390,639,0.8693,27.906,1.35184,43.3198
2046,170,769,2300,0.2926,9.39171,1.57888,50.9158
2047,88,2100,4,0.3054,5.4972,10.0,70.0483
2048,18,287,278,1.0,50.0,-1.79419,97.519
2049,26,57,66,1.0,32.4561,0.318878,54.2857
2050,41,392,681,0.6093,19.5578,0.673401,35.8491
2051,192,6000,4200,0.378,5.55648,2.38691,93.3502
2052,2,22,31,1.0,50.0,5.15996,0.0
2053,352,1700,7500,0.1521,4.88235,1.2278,21.6152
2054,15,196,226,0.6676,21.4286,1.38185,24.7788
2055,31,157,185,0.4663,14.9682,0.3479,40.678
2056,8,137,186,0.5685,18.2482,2.89252,25.0
2057,25,566,356,0.681,21.8591,0.569915,27.7473
2058,71,532,727,0.5157,16.5531,1.22646,19.5489
2059,85,150,351,0.4938,15.8519,2.00803,43.8202
2060,13,169,120,0.4949,15.8853,10.0,28.6885
2061,1100,987,3100,0.1094,3.51233,0.490552,12.5
2062,30,222,301,0.1567,5.03003,-2.60417,31.7073
2063,4,252,290,0.8128,26.0913,1.3233,51.2
2064,1300,826,2400,0.2343,7.51951,1.19588,16.0173
2065,124,779,588,0.5079,16.303,1.05024,33.6634
2066,10,369,344,0.8696,27.9133,1.61882,38.1166
2067,8,341,363,1.0,44.2815,0.0528355,31.5271
2068,188,877,811,0.4442,14.2595,0.603496,20.6718
2069,297,662,2300,0.2414,7.74836,2.52015,48.1013
2070,15,360,1569,0.6432,20.6481,0.5102,52.2936
2071,54,533,293,0.372,11.9413,0.330299,23.7113
2072,73,1600,1700,0.4852,15.5764,0.7521,90.1325
2073,9,1800,252,0.0747,2.39815,0.7699,30.1205
2074,11,300,458,0.5976,19.1818,4.08163,0.0
2075,5,239,494,1.0,40.4812,7.27428,81.5451
2076,71,557,997,0.5245,16.8362,1.66549,42.3188
2077,60,976,392,0.2167,6.95583,0.592848,50.1661
2078,46,287,2100,0.4806,15.4278,2.89184,76.8
2079,23,478,700,0.7614,24.4421,0.670479,40.2556
2080,268,811,657,0.2151,6.90506,0.0219,0.0
2081,68,2500,5200,0.2162,3.89111,1.2061,33.9181
2082,79,415,2200,0.402,12.9049,5.52867,36.8132
2083,16,686,2000,0.5052,16.2172,5.39398,48.7879
2084,20,55,77,0.5135,16.4848,4.01606,27.7778
2085,1,15,31,1.0,50.0,-3.73715,85.7143
2086,13,795,4800,0.1572,5.04717,-1.18203,68.4211
2087,13,110,176,0.531,17.0455,10.0,41.1765
2088,26,252,631,0.75,24.0741,1.3986,60.7955
2089,14,236,638,0.4462,14.322,10.0,63.9535
2090,53,597,566,0.6015,19.3095,2.13212,36.2805
2091,103,1100,745,0.5511,17.6919,0.5899,78.696
2092,4,162,236,0.6795,21.8107,1.45455,51.7857
2093,158,4300,2700,0.5011,9.02052,3.76344,32.8261
2094,601,856,3900,0.0216,0.694444,10.0,8.3333
2095,27,213,298,0.6938,22.2711,4.57123,53.8462
2096,51,313,604,0.5381,17.2724,4.06162,24.0223
2097,10,158,108,0.4502,14.4515,0.11511,33.3333
2098,36,595,496,0.5439,17.4603,0.154083,47.0199
2099,163,682,1300,0.6387,20.5034,0.243145,31.9307
2100,63,232,220,0.8161,26.1973,0.7164,53.6232
2101,16,260,1000,0.4576,14.6875,0.64801,51.6667
2102,45,247,399,0.5451,17.4989,1.09247,49.3151
2103,26,1100,876,0.3689,11.8409,1.202,61.1913
2104,71,309,232,0.5259,16.8824,0.730193,27.8409
2105,17,973,871,0.39,12.5199,2.53353,30.2885
2106,48,694,735,0.6544,21.0054,1.0406,33.0969
2107,329,1000,4100,0.1192,3.825,-1.5949,0.0
2108,542,12300,1300,0.1631,1.76197,-0.142315,39.0152
2109,66,475,386,0.1272,4.08187,1.9966,99.4536
2110,60,782,3000,0.3384,10.8625,-0.585059,0.0
2111,152,694,307,0.5342,17.147,-0.0276702,45.2328
2112,98,1100,743,0.6849,21.9849,0.7308,96.2216
2113,23,980,2000,0.4998,16.0423,0.181741,59.4862
2114,15,536,395,1.0,36.3433,2.84138,54.0856
2115,14,168,670,0.8437,27.0833,-0.784314,82.4859
2116,5,976,3700,0.7756,24.8975,6.05101,100.0
2117,13,155,748,0.6793,21.8065,6.82012,100.0
2118,19,737,791,0.5231,16.791,0.30303,0.0
2119,13,602,780,0.621,19.9336,0.657174,0.0
2120,25,301,619,0.3829,12.2923,1.29408,0.0
2121,47,575,903,0.6632,21.2899,3.85085,75.2717
2122,173,1300,1000,0.2456,7.88462,1.47059,0.0
2123,67,451,1700,0.2874,9.22641,0.61803,48.4979
2124,179,1400,1000,0.5387,17.2936,1.46056,96.2315
2125,408,1200,1100,0.5152,16.537,1.75953,31.4662
2126,103,632,449,0.4253,13.6515,0.464545,15.0235
2127,97,917,453,0.9607,30.8373,2.32584,57.6883
2128,6,153,157,0.8348,26.7974,10.0,0.0
2129,4,163,223,1.0,34.0491,1.93213,38.0952
2130,14,274,272,0.6367,20.438,0.26936,55.2036
2131,903,706,3563,0.3089,9.91501,0.1011,35.2941
2132,30,317,1000,0.5995,19.2429,-0.395212,59.727
2133,22,270,511,0.5711,18.3333,3.44413,33.1325
2134,116,409,2100,0.3191,10.2418,2.84982,73.0924
2135,489,1300,5100,0.0708,2.2735,0.7694,0.0
2136,26,848,2600,0.3041,9.76153,0.930521,47.8873
2137,24,173,379,0.6983,22.4149,6.43557,72.9927
2138,9,559,355,0.8359,26.8336,0.481651,0.0
2139,33,228,500,0.7788,25.0,0.523104,70.0361
2140,10,699,280,0.6953,22.3176,-0.0280112,0.0
2141,9,300,360,1.0,40.1333,2.82542,28.3654
2142,370,1600,67,0.0132,0.425,10.0,39.4737
2143,21,1100,115,0.947,30.3977,1.96078,68.3263
2144,134,1400,1300,0.4877,15.6548,0.6149,27.4119
2145,11,368,308,0.67,21.5062,2.14014,30.4878
2146,55,324,658,0.7031,22.5694,1.62881,0.0
2147,7,56,316,1.0,43.3673,-0.930136,76.1364
2148,24,561,396,0.5204,16.7063,-0.287081,41.8848
2149,97,1300,556,0.2967,9.52564,0.6887,0.0
2150,71,1100,7400,0.2228,7.15341,1.78571,58.6777
2151,5,553,2000,0.6929,22.2423,10.0,47.5
2152,57,304,2100,0.4532,14.5468,1.2987,78.0059
2153,11,546,395,1.0,32.3718,4.38974,57.2727
2154,28,145,417,0.9143,29.3487,1.28915,78.6026
2155,31,1200,580,0.5777,18.5441,1.4317,72.6596
2156,11,49,20,0.4578,14.6939,3.97059,16.6667
2157,70,342,1400,0.6462,20.744,0.776053,0.0
2158,2,346,960,0.8103,26.0116,0.814082,39.823
2159,504,1900,1700,0.1294,4.15263,0.527,21.875
2160,68,632,1800,0.5597,17.9677,0.0867177,39.7878
2161,206,1900,4500,0.1648,5.29123,3.62903,42.7466
2162,5,202,791,1.0,36.5099,1.75735,84.7458
2163,12,321,1200,0.6255,20.0793,1.53563,68.0147
2164,92,239,146,0.2621,8.41469,0.784457,33.6735
2165,2,141,387,1.0,45.3901,2.25882,85.1852
2166,16,441,2000,0.6022,19.3311,2.23422,84.434
2167,42,1100,684,0.4891,15.6989,2.21293,28.5088
2168,4,78,140,1.0,36.859,2.01681,36.7347
2169,56,305,174,0.778,24.9727,1.33633,32.1244
2170,6,193,236,1.0,45.5959,1.7562,49.7354
2171,78,407,542,0.6276,20.1474,0.691542,52.4242
2172,180,540,1000,0.5981,19.1975,1.79072,32.5301
2173,1,56,79,0.1113,3.57143,-0.924499,100.0
2174,2,328,484,1.0,41.4634,0.217865,27.0677
2175,1,171,297,1.0,50.0,0.472739,94.1748
2176,4,142,435,1.0,46.4789,1.46628,77.3333
2177,9,393,1100,0.6024,19.3384,1.34082,59.7701
2178,2,462,834,0.1787,5.73593,-0.0828912,27.7778
2179,23,272,513,0.6465,20.7516,0.770956,55.0661
2180,35,342,333,0.8051,25.8447,-0.1032,45.9941
2181,90,221,834,0.5889,18.904,1.0586,52.451
2182,27,254,300,0.5679,18.2283,1.86335,28.6885
2183,271,786,828,0.4941,15.8609,-0.0458688,28.1095
2184,7,178,3300,1.0,50.0,-0.967118,97.2556
2185,85,1900,2300,0.8421,27.0322,0.998004,37.2061
2186,874,2000,3700,0.1729,5.55,0.923361,7.014
2187,278,362,444,0.6129,19.6746,-1.08619,37.2549
2188,9,506,903,0.5218,16.749,1.30182,18.0791
2189,36,1100,777,0.3368,10.8128,0.9285,73.0579
2190,33,1000,1257,0.3875,12.4389,0.5087,23.1102
2191,9,431,542,0.8204,26.3341,-0.311332,0.0
2192,3,262,595,0.6104,19.5929,1.44795,40.6593
2193,15,289,275,0.6029,19.3524,1.42469,31.2102
2194,19,345,405,0.9506,30.5138,2.25052,19.4553
2195,25,346,384,0.6738,21.6281,1.54828,46.7811
2196,70,179,130,0.9514,30.54,1.07585,33.1034
2197,22,315,1400,0.3566,11.4462,-0.346141,86.9231
2198,497,275,466,0.3933,12.6263,0.615174,42.8571
2199,736,1600,4700,0.1226,3.93403,1.2849,45.3083
2200,32,393,1500,0.628,20.1583,2.89622,42.5087
2201,12,1100,1100,0.8994,28.8712,10.0,88.9712
2202,125,1600,483,0.2021,6.48611,1.2607,61.7241
2203,17,644,5200,0.7525,24.1557,2.32447,75.3959
2204,53,617,363,0.5027,16.1354,1.79564,21.831
2205,42,486,1000,0.4405,14.1404,1.90324,50.4298
2206,46,652,1500,0.8091,25.9714,2.89661,32.7394
2207,67,2200,4100,0.5231,9.41667,1.0137,38.897
2208,102,950,987,0.3642,11.6904,7.62194,51.7647
2209,4,746,304,1.0,50.0,9.85134,100.0
2210,18,350,303,0.7152,22.958,1.70455,31.3808
2211,192,367,746,0.274,8.79503,1.8642,15.8879
2212,2,65,68,1.0,50.0,9.08215,34.2105
2213,6,386,681,0.9039,29.0155,4.21494,60.2941
2214,26,599,1746,0.7729,24.8099,0.1796,71.6312
2215,12,276,474,0.745,23.913,2.85114,23.8095
2216,599,4400,960,0.4254,7.65783,10.0,39.3169
2217,4,1300,3700,0.3313,10.6346,0.6058,49.4737
2218,46,1800,1300,0.1245,3.99691,0.532,70.132
2219,27,201,646,0.378,12.1338,0.364753,63.1206
2220,19,707,648,0.8603,27.6146,0.570414,90.0172
2221,75,2500,2400,0.5328,9.59,1.1494,61.9655
2222,71,391,572,0.7255,23.2879,3.71618,46.8468
2223,34,2000,517,0.5393,17.31,-0.927644,47.7111
2224,5,276,770,0.973,31.2319,1.72081,0.0
2225,6,63,347,0.8241,26.455,-0.826446,76.7442
2226,33,238,1600,0.5683,18.2423,8.75749,74.5098
2227,741,259,1900,0.0942,3.02445,-0.538249,64.3836
2228,384,1700,4700,0.0068,0.218954,0.6068,40.0
2229,40,317,971,0.6277,20.1498,1.04228,47.7387
2230,147,1100,1300,0.2698,8.66162,1.97368,54.8544
2231,49,338,872,0.594,19.0664,1.01048,41.9811
2232,5,174,175,0.9131,29.3103,10.0,42.2414
2233,5,247,330,0.7668,24.6154,0.746351,58.9286
2234,37,1100,1900,0.3492,11.2086,1.4245,36.1022
2235,15,677,616,0.6883,22.095,1.06829,25.0
2236,14,263,450,0.92,29.5311,3.73052,0.0
2237,24,1500,2900,0.2412,7.74286,6.57174,69.2053
2238,15,472,371,0.8044,25.821,2.32962,48.2072
2239,15,519,392,0.6122,19.6532,1.58558,0.0
2240,6,231,357,1.0,32.4675,1.07125,0.0
2241,22,158,2500,0.9815,31.5049,-0.815851,97.2
2242,115,888,556,0.1605,5.15203,-0.592966,24.6753
2243,20,292,1000,0.7481,24.0154,0.548747,38.4058
2244,1,210,1900,0.8011,25.7143,1.45138,0.0
2245,5,754,3600,1.0,35.4775,1.76251,62.6113
2246,25,2900,5800,0.0633,1.13985,-0.606061,50.2326
2247,50,570,952,0.7585,24.347,2.16583,36.3636
2248,42,300,392,0.7604,24.4074,0.838818,57.5163
2249,13,1000,7500,0.7718,24.775,-1.81818,89.98
2250,1,177,324,1.0,45.7627,0.630318,34.2105
2251,17,272,775,1.0,36.0294,0.198,62.8571
2252,8,278,1100,0.7652,24.5632,0.263829,53.8071
2253,27,798,600,0.5685,18.2502,5.83986,77.3438
2254,8,368,469,0.9047,29.0421,0.214072,96.5812
2255,4,145,586,0.6875,22.069,0.682439,62.5
2256,36,162,230,0.8055,25.8573,0.821114,71.9844
2257,76,467,720,0.8568,27.5042,-0.803389,36.8932
2258,72,2000,1500,0.3737,11.9944,-1.64294,70.5934
2259,1,130,456,1.0,40.7692,1.58228,100.0
2260,7,184,251,1.0,36.3043,4.60587,84.375
2261,4,182,407,0.7574,24.3132,1.39319,78.8991
2262,10,258,483,0.6909,22.1792,1.04726,58.9189
2263,141,919,2500,0.3923,12.5922,0.796135,50.2479
2264,24,1300,765,0.2936,9.42308,1.64474,0.0
2265,21,326,302,0.5967,19.1547,1.51933,43.4959
2266,32,624,602,0.7059,22.6585,2.61965,46.9979
2267,61,748,562,0.6661,21.3829,0.595494,38.2609
2268,28,370,384,0.7456,23.9339,1.21248,42.2222
2269,30,862,732,0.5437,17.4529,1.25564,41.9355
2270,12,852,102,0.4052,13.0068,-0.642212,0.0
2271,49,341,666,0.3472,11.1437,0.212,26.2857
2272,35,578,447,0.8731,28.0277,0.753481,0.0
2273,58,902,741,0.5039,16.1739,10.0,31.1475
2274,27,1200,2900,0.2398,7.69907,1.0215,52.765
2275,35,2100,509,1.0,18.4206,3.20513,31.6602
2276,9,395,1000,0.8347,26.7932,0.0991375,44.8
2277,11,187,834,0.7211,23.1474,7.70498,75.7353
2278,13,228,381,0.9194,29.5113,10.0,43.6364
2279,34,108,146,0.5817,18.6728,1.46341,43.8095
2280,47,1000,141,0.5298,17.0071,0.792919,24.0506
2281,3,287,777,0.7055,22.6481,0.729056,47.0149
2282,5,128,1000,1.0,46.0938,2.5365,85.7143
2283,3,145,274,0.5801,18.6207,4.48654,39.4737
2284,207,518,414,0.3692,11.8503,0.351519,32.4324
2285,12,731,498,0.6746,21.6553,0.2492,35.101
2286,1200,430,1200,0.4001,12.8424,10.0,48.4581
2287,2,109,226,1.0,34.8624,1.12024,44.4444
2288,2,207,485,1.0,50.0,2.55955,0.0
2289,45,902,1700,0.2731,8.76525,-0.663121,0.0
2290,25,843,7500,0.4844,15.5489,3.32792,88.5542
2291,1,130,235,0.8387,26.9231,0.948767,48.4848
2292,77,999,563,0.6029,19.3527,0.739645,23.6364
2293,6,134,284,1.0,37.4378,1.91854,37.3832
2294,740,1400,1922,0.2571,8.25397,0.9383,28.6432
2295,267,5000,7500,0.3277,5.89889,1.13982,38.5554
2296,7,278,224,1.0,44.5144,0.886565,68.3849
2297,39,819,2900,0.7817,25.0915,1.73634,30.1708
2298,2,983,2100,0.3993,12.8179,2.72492,42.6471
2299,38,319,1100,0.7237,23.2323,0.407925,75.1899
2300,10,347,1200,0.4992,16.023,0.106045,55.6054
2301,7,442,806,0.4863,15.6108,4.43906,20.9677
2302,23,271,682,0.6295,20.2084,1.56238,57.8358
2303,19,954,896,0.7326,23.515,0.462846,0.0
2304,90,512,457,0.6331,20.3234,1.08448,40.5028
2305,3,162,706,0.9615,30.8642,0.922155,34.8837
2306,55,561,549,0.6716,21.5587,1.0238,37.3219
2307,447,1100,1600,0.4393,14.101,0.8799,28.5217
2308,9,115,468,1.0,48.6957,2.9033,0.0
2309,35,227,683,0.3957,12.7019,1.37834,66.092
2310,23,200,172,0.4638,14.8889,0.856735,32.7434
2311,16,188,362,0.8472,27.1942,0.808081,75.4986
2312,11,766,2043,1.0,37.3249,-0.1396,49.4238
2313,37,828,5000,0.0922,2.95894,0.392157,80.2139
2314,133,300,989,0.435,13.963,1.14664,50.365
2315,26,249,534,0.7455,23.929,4.94649,40.0
2316,18,254,380,0.6439,20.6693,0.311688,38.9831
2317,12,482,1100,0.6404,20.5583,0.746122,87.7729
2318,288,805,500,0.078,2.50518,-5.0,25.8824
2319,14,495,274,0.4585,14.7164,-5.0,44.5983
2320,20,285,241,0.6598,21.1802,10.0,0.0
2321,215,2800,2000,0.5176,9.31746,0.707714,40.4412
2322,84,550,396,0.4309,13.8303,10.0,34.8624
2323,21,285,210,0.6112,19.6199,4.19132,47.7419
2324,12,1000,297,0.7679,24.65,1.53951,97.0711
2325,195,2100,3700,0.19,3.42063,0.882353,36.7769
2326,20,1600,4300,0.337,10.8188,1.1905,0.0
2327,31,412,699,0.4909,15.7594,6.14406,50.7246
2328,64,1900,412,0.3995,12.8235,2.12615,79.064
2329,52,3000,6900,0.129,2.32222,-0.58651,34.0796
2330,80,1200,2100,0.4803,15.4167,1.65289,42.8058
2331,155,16900,3100,0.5169,5.58251,10.0,0.0
2332,69,2500,5300,0.2181,3.92667,-0.712251,37.6682
2333,28,339,1100,0.3745,12.0206,3.42742,50.5263
2334,16,1800,3900,0.2317,7.43651,1.3909,44.5652
2335,1,994,7500,0.3949,12.6761,2.7177,81.0
2336,78,771,674,0.4276,13.7255,3.03744,31.4642
2337,153,817,2600,0.4525,14.5247,-0.0441326,36.2768
2338,133,1600,6800,0.2351,7.54514,1.4343,94.3937
2339,7,471,2100,0.3095,9.93631,10.0,41.1111
2340,1600,3100,5800,0.018,0.324373,-2.84495,72.549
2341,213,1100,2300,0.4439,14.25,1.75439,0.0
2342,39,1100,1700,0.3811,12.2323,1.2837,0.0
2343,459,1600,4100,0.0042,0.135417,1.06,19.0476
2344,14,350,429,0.4361,14.0,4.86618,0.0
2345,59,836,1000,0.6881,22.0893,0.799306,37.2792
2346,16,1900,844,0.5252,16.8597,1.08225,0.0
2347,60,551,2100,0.2642,8.47953,4.28875,56.3063
2348,12,235,232,0.6512,20.9043,2.30415,0.0
2349,15,476,460,0.7884,25.3081,0.0771843,45.7346
2350,50,438,540,0.6429,20.6367,-0.326131,69.0021
2351,10,212,757,0.4387,14.0835,2.2126,51.5789
2352,52,1500,4500,0.1133,3.63704,1.31464,50.7463
2353,18,370,348,0.9941,31.9112,-0.0525081,74.717
2354,14,739,424,1.0,34.5061,0.268969,0.0
2355,30,1300,542,0.4115,13.2098,1.3978,74.0396
2356,5,141,664,1.0,34.5745,4.34783,75.5396
2357,66,294,308,0.8065,25.8881,1.78725,18.1818
2358,1,27,45,0.3461,11.1111,1.44578,50.0
2359,58,656,450,0.7506,24.0938,10.0,31.4667
2360,320,646,859,0.5915,18.9856,3.11797,24.7761
2361,9,308,316,1.0,35.7504,0.484848,36.25
2362,8,1800,7500,0.5931,19.037,1.0713,62.514
2363,163,398,795,0.7484,24.0229,0.2272,35.0
2364,1500,2900,6600,0.0987,1.77586,10.0,80.7377
2365,9,565,196,1.0,39.41,-2.17253,97.619
2366,29,239,300,0.819,26.2901,2.39345,56.7961
2367,51,156,546,0.831,26.6738,1.0722,71.123
2368,96,344,619,0.7587,24.354,5.12334,58.6592
2369,34,516,1100,0.7362,23.6326,1.84919,51.5351
2370,22,660,618,0.3755,12.0539,0.926462,58.2822
2371,1,147,391,1.0,50.0,2.22068,66.6667
2372,195,462,298,0.4634,14.8749,-0.115897,32.0988
2373,21,126,424,0.4368,14.0212,3.82166,55.2632
2374,58,574,445,0.537,17.2377,0.204453,32.948
2375,11,493,395,0.7218,23.1688,1.81415,61.8234
2376,52,341,591,0.6258,20.088,2.5157,32.0652
2377,6,219,537,0.8286,26.5982,2.07962,47.1698
2378,2,108,348,0.4904,15.7407,3.72354,63.1579
2379,262,749,634,0.4561,14.6417,-0.215879,37.9205
2380,3,320,1100,0.9897,31.7708,0.286862,51.5528
2381,45,263,351,0.9391,30.1467,1.52416,35.814
2382,47,60,750,1.0,47.4074,0.325945,93.2143
2383,32,308,741,0.54,17.3341,2.15218,62.3762
2384,26,455,1500,0.8387,26.9231,1.49309,46.7742
2385,221,949,85,0.1322,4.24423,7.91351,0.0
2386,23,2600,4200,0.1448,2.60577,1.45349,30.0699
2387,145,500,836,0.6722,21.5778,0.036217,18.6667
2388,180,532,1100,0.3672,11.7857,2.08841,16.8317
2389,19,543,793,0.5348,17.1665,1.01275,59.1584
2390,119,1100,1800,0.3864,12.404,1.80723,55.0162
2391,1300,4300,5400,0.2515,4.52713,10.0,30.1939
2392,16,564,1200,0.4002,12.8465,9.84725,27.3684
2393,199,2300,4300,0.3078,5.54076,1.69062,54.7284
2394,8,1500,3100,0.4694,15.0667,2.74725,26.7905
2395,84,795,872,0.1514,4.86074,0.43208,27.4648
2396,233,400,790,0.2747,8.81944,1.55031,71.2195
2397,25,87,87,0.2924,9.38697,1.282,63.2653
2398,605,1800,7500,0.0048,0.154321,1.10294,38.4615
2399,4,574,720,0.7178,23.0401,-0.0309,0.0
2400,8,711,986,0.8383,26.9105,0.607822,45.4976
2401,58,277,431,0.5673,18.211,0.2601,78.8043
2402,36,326,136,0.8887,28.5276,0.3895,73.5714
2403,17,403,446,0.9115,29.2597,1.6022,45.7627
2404,41,660,924,0.2053,6.59091,0.394033,44.8718
2405,52,444,304,0.6506,20.8834,2.71553,23.7037
2406,12,384,4732,0.4009,12.8689,-0.2764,93.2722
2407,112,1000,1200,0.0391,1.25556,1.4637,78.4314
2408,1400,2500,7400,0.0204,0.366667,0.7685,80.9524
2409,301,1100,4600,0.0433,1.38889,-1.50602,76.5957
2410,767,1800,3300,0.0773,2.48148,1.10294,42.0833
2411,81,1300,3700,0.0788,2.52992,0.5928,71.831
2412,345,1800,1467,0.2439,7.83025,0.594,14.7874
2413,5,530,790,0.4996,16.0377,0.244835,0.0
2414,89,183,461,0.8322,26.7152,0.826162,73.5192
2415,18,460,330,0.9645,30.9591,0.528778,0.0
2416,148,650,1300,0.265,8.50678,0.196743,0.0
2417,92,231,381,0.5432,17.4363,0.558036,34.375
2418,150,233,453,0.2681,8.60753,-0.075861,17.5676
2419,303,431,1300,0.5634,18.0846,0.126675,67.4877
2420,545,794,1300,0.4155,13.3361,1.15587,40.241
2421,107,993,1100,0.4602,14.772,1.42138,13.5484
2422,55,304,506,0.6308,20.2485,0.1769,71.0448
2423,741,637,7500,0.3937,12.6374,-0.576775,89.3189
2424,1000,1300,350,0.099,3.17788,1.1951,45.0847
2425,12,357,917,0.918,29.4678,4.25217,81.0606
2426,135,544,605,0.4435,14.2361,1.51202,33.8776
2427,18,642,7500,0.4316,13.8543,0.622388,81.2379
2428,75,305,2100,0.3433,11.02,0.929176,74.1784
2429,49,1100,2000,0.4548,14.5989,1.85185,25.4428
2430,95,750,594,0.8266,26.5333,1.91278,30.9524
2431,58,831,772,0.6538,20.9854,3.28939,33.8053
2432,4,384,2900,0.4705,15.1042,0.361707,57.1429
2433,121,372,3600,0.0288,0.925926,10.0,43.3333
2434,55,981,3100,0.3561,11.4315,3.00229,66.5962
2435,653,1300,855,0.4104,13.1752,1.60256,28.1481
2436,49,808,598,0.9697,31.1262,0.934863,0.0
2437,13,359,2800,1.0,33.4262,0.166322,76.4045
2438,13,1100,564,0.6271,20.1313,1.98676,53.8194
2439,68,1100,1500,0.4185,13.4343,0.5383,82.0388
2440,207,799,2900,0.1972,6.33144,1.03452,28.2486
2441,31,547,1800,0.3033,9.73492,2.16968,35.4839
2442,456,1200,1100,0.1376,4.41666,1.61377,38.7879
2443,1100,10400,7500,0.1056,1.14038,0.341997,16.092
2444,394,1500,1800,0.2345,7.52592,2.731,15.8537
2445,191,2600,294,0.8905,16.0299,0.722892,29.6143
2446,97,5800,1100,0.3423,5.03161,0.313283,31.2548
2447,844,12900,5800,0.0276,0.297588,2.81206,14.2857
2448,51,647,689,0.2549,8.18306,0.113796,0.0
2449,1700,2100,1400,0.3723,6.70115,1.1078,20.3098
2450,4,333,875,0.7422,23.8238,0.972243,32.1168
2451,381,1500,1100,0.2916,9.36111,1.38249,38.3701
2452,1900,30600,7500,0.2756,2.56293,0.70355,39.9249
2453,375,974,1700,0.3522,11.3054,1.58566,30.0448
2454,25,189,375,0.5851,18.7831,2.05702,64.6154
2455,11,465,654,0.9915,31.828,1.83872,30.3406
2456,27,303,1100,0.437,14.0264,5.30696,0.0
2457,29,2400,2681,0.7,12.5994,0.781,56.513
2458,36,4100,7334,0.6388,11.4978,0.9212,0.0
2459,195,9600,5694,0.161,2.3669,1.1905,61.1111
2460,27,488,429,0.6277,20.1503,-3.6839,78.8991
2461,63,778,510,0.3377,10.8398,2.93677,32.7273
2462,77,1100,1900,0.4454,14.298,1.90428,48.5493
2463,401,1100,1000,0.236,7.57576,1.4329,0.0
2464,101,1900,5300,0.0961,3.0848,-0.914634,84.7917
2465,93,956,1000,0.401,12.8726,0.851159,34.1304
2466,300,1400,545,0.1632,5.2395,0.511,49.4152
2467,118,858,1100,0.3536,11.3507,-0.0209128,35.3698
2468,202,23100,286,0.124,1.33959,-0.0769704,0.0
2469,207,1800,4300,0.0754,2.41975,0.5319,31.4815
2470,88,1600,7500,0.0591,1.89583,1.4449,28.2895
2471,185,1100,1649,0.2898,9.30303,1.7751,39.0625
2472,429,1300,2700,0.3218,10.3297,1.1424,28.8546
2473,84,2200,7500,0.2038,3.66919,0.868,65.0485
2474,138,260,44,0.1058,3.39744,10.0,22.5
2475,1200,1100,748,0.225,7.22222,1.74419,0.0
2476,386,695,7500,0.1126,3.61311,-0.734544,66.8712
2477,179,112,362,0.1947,6.25,-0.604961,13.7931
2478,16,202,156,0.1465,4.70297,3.57194,55.5556
2479,975,912,529,0.2454,7.87646,0.0791369,13.4831
2480,324,666,1000,0.1047,3.36169,0.953647,35.8491
2481,25,669,992,0.5725,18.3763,1.24891,39.8892
2482,48,704,711,0.6173,19.8153,2.09077,41.7526
2483,3400,24400,4000,0.0293,0.316029,0.512183,36.0
2484,44,620,3800,0.3981,12.7778,-0.516095,87.6126
2485,769,1500,1400,0.1261,4.04815,0.8583,21.0843
2486,648,1500,756,0.1251,4.01481,0.9697,27.2494
2487,1,217,584,0.7178,23.0415,0.883704,92.0
2488,189,4800,5200,0.0263,0.473379,0.5724,77.5641
2489,213,567,1300,0.4493,14.4229,0.1284,9.4915
2490,51,1500,5405,0.0644,2.06667,1.3397,0.0
2491,503,1100,1400,0.3422,10.9849,1.76471,13.5255
2492,15,325,1400,0.3251,10.4359,0.226565,74.5946
2493,829,445,866,0.4138,13.2834,0.6027,26.383
2494,31,1100,1100,0.135,4.33333,0.7868,18.2171
2495,287,477,1800,0.4372,14.0345,-0.152122,55.4318
2496,3400,8900,2200,0.0109,0.1598,-0.394815,40.7407
2497,279,2400,4000,0.067,1.20602,-0.736196,70.2586
2498,174,2800,7200,0.0202,0.363095,0.8083,83.4862
2499,1900,3500,111,0.0215,0.387302,1.4479,56.8182
2500,9,193,466,0.2009,6.4479,10.0,41.6667
2501,190,449,1600,0.2436,7.81985,-0.120676,47.0899
2502,933,4400,1100,0.0842,1.51641,0.412825,21.6606
2503,351,2900,1000,0.6205,11.1686,0.7448,13.9834
2504,273,1100,968,0.4593,14.7433,1.0153,0.0
2505,665,595,600,0.4119,13.2213,0.67335,0.0
2506,1500,1200,1200,0.1704,5.46875,1.73712,14.9826
2507,507,747,1500,0.3276,10.5161,0.426386,24.0
2508,18,262,1100,0.1823,5.85242,0.280191,57.5472
2509,274,593,789,0.2098,6.73599,0.426699,46.1988
2510,7,316,497,0.9436,30.2893,0.90307,63.0769
2511,12,756,2800,0.8571,27.5132,1.44831,0.0
2512,2,1300,1289,0.3798,12.1923,1.2634,50.0
2513,35,981,2300,0.2715,8.7156,2.53405,40.4706
2514,2,754,746,0.6735,21.618,3.57919,47.9167
2515,3,542,692,1.0,33.6716,2.39067,0.0
2516,13,684,1400,0.4714,15.1316,4.42975,50.1548
2517,33,1700,975,0.5234,16.8015,7.44048,50.2547
2518,1,291,228,1.0,50.0,0.0616,0.0
2519,26,163,142,0.6636,21.302,1.56627,34.9593
2520,15,344,865,0.6137,19.7004,1.68106,60.6897
2521,7,381,450,1.0,39.0026,1.71375,88.1423
2522,10,297,1100,0.6107,19.6034,-0.421213,80.9322
2523,8,1300,1700,1.0,40.7692,1.47929,91.6667
2524,4,402,589,0.5502,17.6617,1.25313,80.9211
2525,32,547,1800,0.4602,14.7738,2.96344,46.3768
2526,71,37300,986,0.1471,1.3684,-0.0963855,70.4831
2527,24,342,1400,0.3831,12.2969,0.0539733,95.7447
2528,31,5400,2370,1.0,29.284,0.6699,63.5262
2529,96,411,1700,0.0737,2.3655,7.14946,55.5556
2530,58,970,1600,0.1959,6.28866,0.523757,30.6709
2531,5,132,403,1.0,36.5152,0.575153,41.7582
2532,458,538,2200,0.0685,2.1995,-0.812286,31.25
2533,15,1700,7300,0.1228,3.94118,3.8961,62.5
2534,2,59,97,0.2904,9.32203,7.79333,57.1429
2535,53,355,736,0.1497,4.80438,2.06542,73.7226
2536,134,227,856,0.064,2.0558,0.1597,46.875
2537,58,187,995,0.2925,9.388,-0.980392,63.0435
2538,5,193,409,0.778,24.9741,0.0925,45.1923
2539,30,1100,718,0.2909,9.33838,-1.52439,49.8084
2540,160,404,386,0.3903,12.5275,0.973319,50.6803
2541,283,1100,1300,0.1223,3.92424,2.14823,0.0
2542,97,729,1000,0.5769,18.5185,3.3101,25.6545
2543,3,228,540,1.0,39.4737,0.503609,61.3636
2544,76,626,634,0.4609,14.7941,1.68011,34.6939
2545,75,213,613,0.3721,11.9457,0.280112,43.6975
2546,11,354,601,0.6996,22.4576,4.48143,39.5238
2547,69,554,557,0.6139,19.7052,1.37688,0.0
2548,139,167,465,0.4923,15.8017,2.02381,60.1266
2549,74,600,662,0.4598,14.7593,-0.529568,38.9881
2550,63,839,1300,0.5961,19.1339,1.76482,31.0204
2551,379,1300,343,0.5526,17.7393,1.59236,67.4058
2552,7,269,597,1.0,35.8736,0.982863,72.4891
2553,30,725,2200,0.3769,12.0996,1.72761,47.3684
2554,15,1400,7000,0.1537,4.93333,-2.21894,88.2353
2555,85,3200,7500,0.0165,0.296875,-0.571755,32.2034
2556,15,218,965,0.4363,14.0061,-0.0835282,83.2402
2557,20,885,5700,0.1228,3.94225,-0.626881,79.5122
2558,65,500,4500,0.0111,0.355556,0.32928,42.8571
2559,38,2600,3400,0.2739,4.92949,-0.677507,81.4123
2560,593,2800,7300,0.0194,0.349206,2.13018,77.6119
2561,188,1100,7500,0.0428,1.37374,-1.58228,66.6667
2562,131,798,754,0.4583,14.7104,0.0686106,0.0
2563,47,1200,590,0.2784,8.93518,1.192,25.6705
2564,471,4100,264,0.4992,8.98645,-0.430293,96.875
2565,9,1400,7500,0.1033,3.31746,1.4518,91.1765
2566,136,2800,7500,0.0229,0.412698,1.2028,50.495
2567,15,357,737,1.0,33.3118,1.08562,71.371
2568,6,112,146,0.8623,27.6786,1.1976,41.791
2569,21,335,282,0.5566,17.8678,5.63579,37.2549
2570,197,1400,832,0.3192,10.2476,6.93642,0.0
2571,44,350,381,0.8052,25.8476,1.40713,35.2273
2572,6,118,1500,1.0,34.887,0.1554,85.7143
2573,9,1100,1100,0.8032,25.7841,1.86335,28.0387
2574,12,181,241,1.0,41.7588,0.557041,61.0909
2575,4,2000,3100,1.0,50.0,1.2807,89.5826
2576,112,509,578,0.866,27.7996,1.26338,22.1557
2577,46,130,64,1.0,33.6095,-0.264271,59.5745
2578,108,117,404,0.5281,16.9516,-0.590319,77.9874
2579,185,345,1200,0.5348,17.1659,0.156642,53.8136
2580,138,897,2600,0.5447,17.4842,1.1891,51.2953
2581,12,403,180,0.6098,19.5754,0.0906824,41.791
2582,234,339,1700,0.3063,9.83285,0.729463,83.2061
2583,40,398,1300,0.5997,19.249,0.60957,0.0
2584,68,755,2700,0.4543,14.5843,-1.08871,91.8641
2585,526,838,2000,0.0816,2.61867,10.0,55.1282
2586,57,1100,7500,0.082,2.63131,0.5314,49.0196
2587,11,224,377,0.2851,9.15178,4.05077,29.5775
2588,51,517,968,0.7055,22.6467,0.2135,26.7081
2589,3,303,2400,0.7677,24.6425,2.84091,59.0551
2590,17,523,560,0.5885,18.891,2.33486,53.3875
2591,4,148,1300,1.0,50.0,0.252122,85.2713
2592,8,330,1400,0.8339,26.7677,4.26887,0.0
2593,138,1100,888,0.7165,23.0,0.8571,19.3548
2594,16,278,413,0.4237,13.6016,1.88734,50.5952
2595,54,511,427,0.7742,24.8532,0.663839,27.8409
2596,23,128,423,0.6178,19.8317,2.76783,0.0
2597,37,427,967,0.2874,9.22456,10.0,74.7634
2598,29,286,253,0.711,22.8244,6.23133,54.6559
2599,7,309,289,0.6392,20.5178,5.09924,25.1908
2600,404,1800,1600,0.099,3.17901,10.0,17.284
2601,3,151,221,1.0,41.9426,2.60131,35.7143
2602,85,323,1800,0.463,14.8607,-0.222408,76.8683
2603,879,304,556,0.3317,10.6485,-0.0596,52.193
2604,190,6300,1300,0.1177,1.73016,-0.566305,75.5269
2605,1,173,297,1.0,50.0,-1.37044,58.1967
2606,2,143,208,0.6862,22.028,0.126508,28.2051
2607,2,50,46,0.1869,6.0,0.5132,33.3333
2608,4,365,2100,0.7639,24.5206,-0.212551,83.7838
2609,15,223,329,1.0,32.8102,9.15825,58.9888
2610,12,1000,797,0.447,14.35,-1.6331,29.8319
2611,6,661,398,0.9764,31.3414,0.680903,29.6104
2612,32,335,625,0.6747,21.6584,0.388027,35.9712
2613,285,596,928,0.2852,9.15362,2.12295,32.6087
2614,38,711,1000,0.8011,25.715,1.34578,37.8092
2615,7,374,4058,0.2957,9.49198,0.0482,44.1176
2616,63,856,128,0.2704,8.68137,10.0,85.1613
2617,13,555,577,0.7108,22.8174,1.95853,46.1039
2618,12,318,329,0.9167,29.425,1.86874,46.5347
2619,3,257,527,1.0,44.9416,2.20694,0.0
2620,7,357,295,0.5759,18.4874,3.04588,53.7931
2621,1,45,49,1.0,40.0,1.77384,50.0
2622,8,232,594,1.0,50.0,10.0,41.8719
2623,46,850,830,0.3862,12.3982,1.16762,38.8704
2624,177,632,1000,0.7665,24.6044,-0.0283793,23.7864
2625,42,823,1600,0.6433,20.6494,0.381177,20.0924
2626,280,860,1900,0.3109,9.98062,10.0,25.6484
2627,23,809,627,0.8635,27.7176,0.226186,29.908
2628,47,1100,849,0.4657,14.9495,1.81818,34.8214
2629,197,768,4000,0.2483,7.97164,1.40449,53.2738
2630,78,1500,895,0.746,23.9451,4.46429,36.3636
2631,17,559,628,0.9603,30.8243,1.69759,18.6441
2632,88,1200,944,0.8681,27.8657,0.7062,73.9805
2633,189,1600,969,0.6276,20.1458,0.8136,67.3117
2634,6,673,349,1.0,33.5562,0.755343,35.3066
2635,24,303,498,0.4381,14.0631,0.493066,31.4917
2636,123,1600,975,0.617,19.8042,1.3773,53.2635
2637,32,1200,944,0.6953,22.3195,1.66297,0.0
2638,31,1300,861,0.7606,24.4145,1.5528,37.7694
2639,7,521,751,0.8585,27.5569,0.498517,26.6667
2640,194,842,871,0.601,19.2927,0.681599,26.4368
2641,141,626,1800,0.569,18.2641,1.59702,23.6769
2642,1,159,906,1.0,38.9937,0.249781,79.6296
2643,44,414,740,0.9335,29.9651,0.538723,22.0065
2644,73,279,1100,0.4144,13.3015,0.501337,40.2597
2645,565,497,469,0.4381,14.0622,-0.310619,39.2982
2646,4,209,459,0.9502,30.5024,-0.554443,25.8929
2647,20,1600,165,0.3074,9.86719,1.1021,94.9631
2648,66,611,1100,0.8784,28.196,2.49867,51.7382
2649,41,478,423,0.4471,14.3515,2.12404,0.0
2650,50,98,1200,1.0,34.4104,2.71821,93.311
2651,122,7000,7200,0.0653,0.960317,-0.800569,90.8546
2652,90,269,2600,0.4098,13.1557,1.92077,83.959
2653,1,186,535,1.0,37.0968,1.13597,59.375
2654,35,962,2600,0.1045,3.35528,3.27921,70.2439
2655,80,699,1200,0.3882,12.4622,0.867036,58.4615
2656,43,519,330,0.7166,23.0036,-0.272699,29.8013
2657,66,439,233,0.2515,8.0739,3.56167,36.9863
2658,192,983,849,0.4583,14.7112,1.06599,29.4498
2659,6,373,274,0.8486,27.2386,2.25363,0.0
2660,3,91,183,0.4279,13.7363,-0.391007,63.6364
2661,6,293,1100,0.645,20.7053,2.72879,66.1692
2662,10,387,962,0.6037,19.3799,7.8827,37.8151
2663,1,361,790,1.0,50.0,7.56201,86.7089
2664,54,195,369,0.5689,18.2621,0.478469,25.4237
2665,8,125,386,0.8816,28.3,0.757576,64.0351
2666,41,469,598,0.7428,23.8451,10.0,56.4748
2667,2,302,296,0.8717,27.9801,0.615208,49.6063
2668,83,656,569,0.5496,17.6406,2.4034,23.5988
2669,6,388,747,0.7162,22.9897,0.591017,0.0
2670,36,297,458,0.6034,19.3702,-0.0653709,37.5566
2671,77,1200,865,0.7632,24.5,0.7728,24.5575
2672,5,146,143,1.0,44.5205,0.704523,97.093
2673,4,157,397,0.9376,30.0956,1.49564,45.3125
2674,10,111,278,0.7402,23.7613,0.857633,52.439
2675,16,127,147,0.8553,27.4541,1.92051,0.0
2676,10,158,210,0.8675,27.8481,1.0982,47.5
2677,27,750,419,0.7696,24.7048,1.96106,23.5808
2678,114,1800,927,0.2849,9.14506,9.61539,43.9068
2679,1,106,168,1.0,42.4528,0.17316,68.9655
2680,4,111,206,1.0,43.4684,1.78934,30.7692
2681,122,620,1100,0.7157,22.9749,1.19437,26.2032
2682,7,131,187,0.8561,27.4809,10.0,75.7576
2683,7,236,364,0.6336,20.339,1.96329,67.2316
2684,16,266,561,0.6115,19.6294,1.24133,49.3023
2685,134,7400,498,0.6635,9.75406,10.0,43.2432
2686,129,920,3100,0.1181,3.79227,-0.558997,75.6598
2687,44,1000,3700,0.1067,3.425,1.84378,40.5594
2688,4,156,734,1.0,36.6987,1.48749,89.8734
2689,141,674,2100,0.2568,8.24266,0.588097,34.8837
2690,8,356,427,0.5309,17.0412,1.41743,77.8626
2691,20,483,499,0.6506,20.8834,1.20409,33.9744
2692,71,1600,1500,0.3572,11.4663,10.0,50.9317
2693,56,768,719,0.5843,18.7572,2.21358,0.0
2694,16,215,442,0.6218,19.9612,3.65932,43.3333
2695,6,337,1700,0.567,18.1998,5.23367,83.3333
2696,34,1700,975,0.753,24.1728,2.5974,66.5254
2697,88,1100,689,0.5955,19.1152,1.4534,0.0
2698,8,203,526,0.75,24.0764,0.491932,67.4556
2699,75,642,649,0.5473,17.5679,0.400021,30.3136
2700,82,635,634,0.6013,19.3012,2.12162,31.6092
2701,12,182,371,0.4201,13.4865,-0.29484,60.8696
2702,36,511,3000,0.5128,16.4601,-0.281968,83.3055
2703,1,1000,7000,1.0,50.0,1.3719,89.2644
2704,363,1800,932,0.2107,6.76235,0.7815,15.6489
2705,12,661,545,0.4336,13.9183,1.64311,27.6596
2706,9,1000,762,0.7212,23.15,1.0526,50.5618
2707,348,887,997,0.2115,6.78942,0.960075,23.1092
2708,738,901,1900,0.2075,6.65927,0.0600136,36.1314
2709,713,2000,1800,0.3283,10.5389,1.2539,68.3119
2710,110,1600,2500,0.279,8.95486,1.20482,64.8775
2711,577,1000,902,0.4798,15.4,1.2336,55.164
2712,162,433,2600,0.478,15.3451,-0.0416412,40.8696
2713,11,1500,7200,0.3524,11.3111,1.27551,58.2716
2714,356,503,573,0.5708,18.3234,0.107143,12.4481
2715,125,1100,1100,0.7266,23.3232,1.78571,31.3095
2716,22,608,610,0.6405,20.5592,5.23519,30.2594
2717,3,64,214,1.0,43.2292,0.905159,47.2222
2718,455,796,1200,0.337,10.818,0.256331,25.6484
2719,12,151,520,0.5302,17.0199,1.60865,57.3913
2720,196,772,829,0.682,21.8912,-0.193517,13.9535
2721,12,211,343,0.6707,21.5301,3.24992,51.145
2722,3,355,428,1.0,35.0704,3.83754,0.0
2723,20,275,355,0.7338,23.5556,-0.451322,62.013
2724,92,368,204,0.6453,20.7126,0.399202,0.0
2725,29,1200,1500,0.6412,20.5833,1.65289,35.5304
2726,37,390,404,0.507,16.2745,0.091,0.0
2727,12,506,509,0.9673,31.0496,0.831486,28.9231
2728,75,357,686,0.9361,30.0498,10.0,29.0984
2729,1100,1000,2700,0.108,3.46667,0.0177692,45.5696
2730,57,2500,991,0.4829,8.69231,3.36134,41.0587
2731,184,1300,6900,0.2948,9.46154,1.47929,36.2398
2732,29,1300,332,0.6561,21.0598,1.447,63.5315
2733,178,660,3900,0.3016,9.68013,2.08333,39.5833
2734,5,579,145,1.0,50.0,3.86852,100.0
2735,4,130,665,0.8148,26.1538,-0.988933,63.7681
2736,15,290,1100,0.7637,24.5141,2.77906,62.6556
2737,695,1500,67,0.3128,10.0407,1.4389,33.8192
2738,173,184,125,0.4778,15.3382,1.68067,70.8861
2739,477,1400,1300,0.4188,13.4429,1.37363,26.9461
2740,6,252,337,0.8674,27.8439,0.829876,36.7347
2741,18,492,153,0.4242,13.6179,-0.397614,23.4848
2742,2,294,592,0.8901,28.5714,-0.242581,22.6804
2743,248,975,1300,0.3048,9.78348,10.0,28.7037
2744,292,829,3000,0.1418,4.55033,-0.63886,41.629
2745,105,1700,383,0.5767,18.5131,1.12952,40.5594
2746,0,136,39,0.2202,7.06699,-5.0,56.5217
2747,2000,9200,3700,0.1748,2.57005,1.20984,18.1992
2748,35,1200,1402,0.3185,10.2244,1.6138,0.0
2749,729,4300,5700,0.1853,3.33488,1.78891,36.1775
2750,1200,4900,2800,0.2447,4.40476,0.365497,0.0
2751,772,4000,6500,0.3324,5.98382,0.945477,41.3423
2752,730,8800,351,0.1804,2.65152,0.619195,0.0
2753,781,4800,3067,0.641,11.5382,0.3799,35.8629
2754,1800,1300,3800,0.1568,5.03419,0.9022,40.4959
2755,8,217,955,0.2853,9.15899,-0.646465,70.8333
2756,425,7400,1300,0.4298,6.31757,0.759045,32.5199
2757,440,1100,613,0.3268,10.4899,1.3009,16.9492
2758,29,4500,3100,0.5644,10.1595,0.840572,45.0697
2759,82,1400,3000,0.1278,4.10317,0.8497,28.4314
2760,60,2000,2000,0.513,16.4667,2.03252,25.8306
2761,118,582,1800,0.0794,2.54868,-0.687046,43.3333
2762,36,2400,651,0.964,17.3529,0.5967,48.4901
2763,471,8800,7500,0.1486,2.18434,0.410397,0.0
2764,450,3400,5600,0.3559,6.40658,1.12952,51.4454
2765,66,1700,7300,0.2199,7.05882,9.62567,0.0
2766,170,9100,2100,0.6339,9.31802,6.00418,28.8682
2767,3100,2300,7500,0.0164,0.294686,1.2819,23.5294
2768,398,1300,1600,0.2701,8.67094,1.49701,15.4217
2769,23,1200,2200,0.2729,8.76041,1.6835,52.0107
2770,418,2300,7500,0.1809,3.25575,0.7754,27.2494
2771,29,1400,1800,0.4603,14.7755,1.4985,39.1304
2772,41,99,86,0.7535,24.1863,0.770218,55.4348
2773,79,315,840,0.2681,8.6067,-0.2226,53.125
2774,89,1000,1000,0.2705,8.68333,-1.77096,41.8919
2775,32,33,44,0.236,7.57576,6.61765,75.0
2776,56,436,2000,0.1798,5.77217,0.676247,67.3913
2777,2,99,399,0.4091,13.1313,2.68336,43.75
2778,230,1100,1800,0.0731,2.34546,2.53483,18.5714
2779,169,1400,242,0.2131,6.84127,10.0,31.3351
2780,298,949,964,0.2174,6.97811,0.286785,17.3745
2781,14,2400,158,0.7076,12.7372,1.0401,80.9715
2782,41,4100,783,0.6606,11.8902,1.4495,87.5
2783,10,256,863,0.1472,4.72656,-0.613776,78.5714
2784,185,1200,2000,0.3391,10.8843,0.8745,22.8037
2785,38,233,355,0.6409,20.5722,1.25104,0.0
2786,10,804,250,0.4327,13.8889,0.548747,40.9677
2787,131,980,1218,0.1754,5.6308,0.127,28.866
2788,25,955,842,0.0999,3.2058,0.151756,39.7661
2789,16,241,1700,0.2569,8.24689,-0.654545,80.3797
2790,839,3600,7500,0.3031,5.45525,0.8104,53.4606
2791,72,1200,1800,0.3818,12.2546,1.1591,50.5131
2792,278,1500,4700,0.0965,3.0963,1.3436,28.626
2793,195,1400,6100,0.2025,6.5,-1.20482,51.6807
2794,95,1100,1300,0.3763,12.0808,1.1257,47.9627
2795,136,710,847,0.3591,11.5258,3.90938,27.5676
2796,9,530,1200,0.7498,24.0671,0.0688705,29.1176
2797,988,1000,2900,0.2445,7.85,0.7751,25.4743
2798,673,1000,1200,0.104,3.33889,-1.61377,42.8571
2799,458,16900,502,0.5396,5.82775,0.534874,15.1763
2800,60,727,3300,0.2285,7.33608,0.301495,0.0
2801,22,1100,845,0.0939,3.01299,1.394,48.1481
2802,1700,1700,1800,0.2226,7.14533,10.0,34.7518
2803,5600,2400,3400,0.1296,2.33333,0.753958,0.0
2804,32,1200,643,0.1927,6.18518,1.65289,31.0212
2805,734,711,1000,0.2877,9.23582,0.230309,39.779
2806,305,1700,3559,0.1067,3.42647,0.8501,6.0071
2807,129,38600,930,0.2159,2.00801,-0.409308,0.0
2808,778,1300,2500,0.2993,9.60683,1.0433,25.8013
2809,154,4900,2400,0.6141,11.0536,1.55945,49.2625
2810,5956,2900,6445,0.0349,0.628352,0.7385,20.6186
2811,319,950,4039,0.1206,3.87135,0.1544,44.9074
2812,2300,29800,1500,0.1315,1.22278,0.181598,13.3652
2813,1000,414,291,0.0711,2.28127,0.351865,25.8621
2814,437,1500,1800,0.0797,2.55926,1.36488,27.4262
2815,2700,737,1900,0.2375,7.62231,0.18207,27.6978
2816,31,454,1900,0.305,9.78953,6.30419,87.4055
2817,73,1600,4400,0.1236,3.96875,1.25,18.8119
2818,12,1200,915,0.6282,20.1667,1.1195,67.5325
2819,957,2200,1200,0.1877,3.37879,0.6117,28.0742
2820,262,787,557,0.2285,7.33612,-0.121406,30.7453
2821,438,974,1800,0.2703,8.67558,1.54495,22.8346
2822,1,34,49,1.0,38.2353,3.78151,38.4615
2823,47,155,390,0.8642,27.7419,2.6298,55.0
2824,74,628,2000,0.528,16.9498,0.292432,81.4867
2825,43,487,687,0.3252,10.4381,-0.147228,32.906
2826,5,769,4644,0.156,5.0065,1.5567,52.381
2827,182,366,614,0.1802,5.78324,-0.698877,0.0
2828,9,109,195,0.5494,17.6351,-0.165289,30.0
2829,71,3300,2000,0.0578,1.0404,-0.52521,60.7955
2830,7,64,219,1.0,35.3125,-0.2731,48.3333
2831,170,604,3500,0.2799,8.98639,1.51458,22.5664
2832,5,460,2200,0.4046,12.9892,0.563895,27.7228
2833,45,79,142,0.4513,14.4866,-1.65187,50.0
2834,70,189,861,0.2289,7.34862,1.43713,35.4167
2835,175,112,166,0.6027,19.3452,-0.317058,46.5347
2836,403,709,1500,0.3732,11.9804,0.568461,37.3938
2837,42,561,553,0.6799,21.8261,0.0324675,47.0019
2838,91,2400,260,1.0,21.2755,4.64396,36.3776
2839,984,2500,7500,0.0549,0.988889,8.16049,69.4737
2840,17,1100,584,0.5685,18.25,1.84049,24.3056
2841,137,1400,908,0.3024,9.70636,1.37363,21.8147
2842,96,383,961,0.1085,3.48129,-5.0,73.2394
2843,45,251,369,0.2751,8.83134,4.43733,30.8642
2844,23,617,1800,0.1203,3.86278,0.241772,70.2929
2845,118,2000,1123,0.0345,1.10833,0.9398,73.3333
2846,27,86,391,0.0302,0.968992,-0.958344,37.5
2847,58,778,208,0.1063,3.41331,10.0,69.9422
2848,1,306,114,0.6414,20.5882,-0.294095,53.4483
2849,4,99,53,0.5428,17.4242,2.03059,16.6667
2850,86,1400,7300,0.0953,3.05952,-1.23457,71.4286
2851,9,73,110,1.0,37.1575,5.95041,71.6667
2852,14,370,3300,0.3807,12.2201,-1.37231,87.6106
2853,25,1600,6200,0.0575,1.84722,4.30005,42.0732
2854,52,518,6000,0.2774,8.90302,0.335729,84.456
2855,195,426,915,0.0731,2.34742,-0.523515,74.1935
2856,11,326,2200,0.6151,19.7434,-1.31868,87.6513
2857,339,858,6500,0.0083,0.265475,-0.972324,75.0
2858,252,2500,7500,0.4025,7.24444,0.9375,29.7254
2859,1000,1600,7200,0.1835,5.88889,-1.07604,57.4713
2860,645,1300,1200,0.2986,9.58546,1.51515,0.0
2861,5,21,27,0.445,14.2857,2.95858,100.0
2862,2600,806,827,0.0648,2.08161,0.400748,10.2362
2863,6,110,284,0.8213,26.3636,3.72841,34.4828
2864,84,540,592,0.5407,17.356,0.590996,9.6463
2865,62,652,7200,0.408,13.0965,-0.667367,89.7929
2866,99,179,300,0.2659,8.53507,0.522466,51.2195
2867,52,217,50,0.0678,2.17614,10.0,44.1176
2868,6,156,1000,0.8654,27.7778,1.10647,90.2098
2869,47,1100,3700,0.2034,6.52841,1.84049,19.398
2870,31,434,1600,0.2484,7.97491,-0.487877,17.3077
2871,65,56,258,0.3338,10.7143,-0.971607,53.5714
2872,140,1800,732,0.067,2.15152,10.0,54.646
2873,210,1700,7400,0.0507,1.62745,2.35294,39.5062
2874,7,518,1400,0.201,6.45339,1.26194,88.0952
2875,1500,1700,4600,0.081,2.59862,1.09012,20.8122
2876,458,3200,345,0.8666,15.599,9.2437,45.0512
2877,177,431,263,0.4377,14.05,1.47186,13.9037
2878,66,1300,1600,0.4878,15.6581,1.4881,48.284
2879,665,1800,1800,0.0678,2.17593,1.02599,20.603
2880,2100,526,1500,0.383,12.294,-0.136395,75.6989
2881,7,230,278,0.1935,6.21118,1.44239,46.0
2882,56,1200,4400,0.0356,1.14352,1.5949,42.8571
2883,119,806,960,0.1445,4.63882,8.26608,62.212
2884,36,138,81,0.5117,16.4251,0.836587,57.037
2885,927,521,320,0.1601,5.13969,1.20041,13.2231
2886,27,329,656,0.1483,4.76191,0.863326,22.3881
2887,14,777,668,1.0,36.5186,0.0474965,76.0836
2888,2000,6000,338,0.1253,1.84167,3.11419,20.1195
2889,12,1500,4200,0.4444,14.2667,1.1676,35.5517
2890,23,36,47,0.251,8.05556,1.2986,58.8235
2891,65,480,1700,0.3746,12.0255,0.699899,38.7454
2892,1,637,521,0.7434,23.8619,5.32544,56.051
2893,18,3400,2600,0.1245,2.2402,-1.85759,18.1818
2894,130,1100,902,0.5694,18.2778,1.235,31.7757
2895,16,349,694,0.5417,17.389,1.35084,36.715
2896,3,373,1339,0.8575,27.5246,0.1439,47.7987
2897,4,150,406,0.9346,30.0,1.86038,0.0
2898,138,743,2900,0.8251,26.4842,-0.0488103,84.472
2899,3200,679,641,0.0494,1.5873,0.472222,15.3846
2900,54,230,191,0.4425,14.2029,0.396825,91.9753
2901,1900,1500,5600,0.0046,0.148148,0.771,16.6667
2902,15,625,2300,0.1552,4.98133,-0.258102,62.963
2903,2000,2300,7500,0.0137,0.246377,-0.748503,82.1429
2904,107,3600,7000,0.1626,2.92747,-0.49743,92.4802
2905,123,2800,6900,0.0185,0.333333,1.4227,56.044
2906,67,1100,3100,0.1568,5.03409,1.80723,21.0526
2907,164,1500,7200,0.0485,1.55833,0.6242,84.0426
2908,134,685,781,0.5505,17.6723,0.298545,0.0
2909,69,471,1900,0.1143,3.66832,-0.0387557,40.625
2910,60,159,336,0.0533,1.71209,-0.112275,72.4138
2911,118,1200,1900,0.214,6.87037,0.6258,20.0647
2912,220,906,1500,0.1656,5.31641,1.82947,15.6118
2913,173,3100,7500,0.0662,1.19086,1.2931,32.9897
2914,220,750,3000,0.0711,2.28148,-0.0766166,29.703
2915,28,173,57,0.3644,11.6967,0.528318,68.7943
2916,16,197,220,0.2846,9.13706,1.58798,22.3881
2917,5,336,1085,1.0,50.0,-0.1571,85.274
2918,1,88,1500,1.0,50.0,-0.401606,98.3696
2919,354,1300,2500,0.1154,3.70513,1.1167,64.9446
2920,1100,2300,7500,0.0313,0.562802,1.0656,33.6957
2921,910,8500,4757,0.0022,0.0326797,1.1805,14.2857
2922,22,209,974,0.2923,9.38331,-0.42225,86.6667
2923,10,578,4900,0.4069,13.0623,-1.25138,80.8642
2924,132,872,4400,0.0933,2.99439,-0.467242,58.7912
2925,177,1500,6300,0.0378,1.21481,1.4081,39.8374
2926,60,1500,6700,0.1649,5.2926,-1.12952,90.5995
2927,3,862,2600,1.0,34.5708,-0.49251,83.8875
2928,78,1500,5464,0.0478,1.53333,0.6059,0.0
2929,254,1500,6224,0.0353,1.13333,1.3263,47.1264
2930,337,2500,3100,0.1136,2.04444,0.730994,29.1005
2931,318,2600,7500,0.1297,2.33547,1.0222,42.2492
2932,1500,2100,7400,0.0148,0.267196,5.48246,26.8293
2933,9,1200,7000,0.4941,15.8611,-1.40713,88.2022
2934,371,178,668,0.3461,11.1111,-0.101574,91.6201
2935,28,1500,7200,0.0345,1.10741,-1.13636,92.6829
2936,1400,1200,4100,0.1151,3.69444,1.4012,90.3427
2937,202,6400,7400,0.0158,0.232639,-0.547645,70.8333
2938,2300,1300,2200,0.0415,1.33333,0.7974,43.6364
2939,15,1800,4800,0.2743,8.8037,-0.956938,43.3272
2940,65,1100,7500,0.0502,1.61111,-1.50602,80.3468
2941,32,319,1300,0.3304,10.6061,-0.226535,76.8116
2942,81,851,3200,0.0659,2.11516,0.283777,50.7353
2943,123,2800,3400,0.333,5.99405,1.3986,42.2287
2944,1,902,4200,0.1243,3.99113,-0.279583,93.75
2945,480,1100,3200,0.0327,1.05051,1.2927,23.8636
2946,69,603,1700,0.3258,10.457,0.924195,48.3077
2947,217,1500,6200,0.1364,4.37778,-1.15031,77.9156
2948,1400,12300,5900,0.0038,0.0415537,10.0,78.5714
2949,297,9700,6400,0.0288,0.423893,-1.04645,94.2708
2950,447,1200,5100,0.0365,1.1713,-1.3655,85.7143
2951,149,2300,7400,0.0883,1.58937,1.4283,54.3605
2952,41,878,3400,0.1674,5.37206,0.495103,72.987
2953,298,2800,7300,0.0709,1.27579,-0.630782,37.3272
2954,183,1400,5800,0.1768,5.6746,0.5262,87.2093
2955,47,1200,5023,0.3288,10.5556,1.1127,54.4118
2956,1700,1400,6900,0.0124,0.396826,0.6941,85.7143
2957,3,1400,7500,0.1024,3.28571,0.5419,0.0
2958,65,1100,2900,0.1382,4.43636,0.9819,36.6667
2959,162,395,1300,0.1805,5.79465,-0.0927199,46.9565
2960,95,295,1100,0.3174,10.1883,-0.548246,73.0769
2961,97,693,2500,0.1194,3.83197,-0.265057,81.2121
2962,942,1600,3300,0.0175,0.5625,0.8801,55.9322
2963,313,1700,4700,0.1531,4.91503,1.12275,25.1064
2964,1200,2200,7500,0.0095,0.171717,-0.776398,41.6667
2965,28,1600,7100,0.2502,8.03125,1.3694,86.9527
2966,6200,1800,2900,0.0006,0.0185185,0.9555,0.0
2967,10,3000,5800,0.0594,1.07,0.9444,74.8299
2968,247,1500,5700,0.0166,0.533334,1.3181,22.5
2969,3,173,183,0.5282,16.9557,0.458103,60.7143
2970,88,1000,5800,0.0195,0.625,2.37383,56.25
2971,1900,6200,6800,0.0019,0.0277778,4.91308,43.75
2972,19,2800,7100,0.4928,8.87054,7.64331,93.9024
2973,1,1100,3600,0.1954,6.27273,-1.60256,87.5
2974,207,1200,3000,0.0487,1.56481,1.2045,27.6423
2975,64,1000,4600,0.2395,7.68889,-1.75953,89.3758
2976,1400,1800,7500,0.0068,0.219136,0.8217,45.8333
2977,541,2600,7300,0.059,1.06197,-0.721501,90.7104
2978,195,1800,5400,0.0643,2.06481,-1.02529,85.1282
2979,15,1200,6500,0.1832,5.88095,1.361,51.9298
2980,104,305,763,0.345,11.0747,0.6134,62.6866
2981,2,24,23,0.2596,8.33333,4.69925,50.0
2982,907,1600,2000,0.0612,1.96528,0.5068,10.0671
2983,4600,2600,4500,0.0023,0.0405983,-0.642261,50.0
2984,1800,1800,3600,0.0231,0.740741,-0.917993,26.3158
2985,464,680,1000,0.0646,2.07516,0.215146,30.1075
2986,645,1900,6500,0.0194,0.622807,1.2454,75.2688
2987,472,485,2900,0.2073,6.65521,-0.436353,71.5556
2988,66,338,638,0.4782,15.3517,-0.368906,25.1208
2989,68,971,4100,0.1661,5.33242,-0.524096,0.0
2990,82,715,2600,0.1162,3.7296,1.14949,51.5695
2991,379,882,491,0.1236,3.96825,3.09715,27.7778
2992,3200,4000,4000,0.0553,0.995833,0.917993,15.1515
2993,10,814,2700,0.0551,1.76904,-0.0889086,43.4783
2994,1300,7200,7500,0.0009,0.0138889,-0.468677,22.2222
2995,855,2300,4300,0.2755,4.95987,0.811688,11.1588
2996,437,540,2600,0.1279,4.10494,-0.104902,25.7143
2997,956,5200,6200,0.0057,0.0844017,-0.349406,23.0769
2998,591,1900,7500,0.0254,0.815789,-0.925926,3.3333
2999,2000,1700,1000,0.0322,1.03287,1.2049,24.5399
3000,1200,1400,4100,0.0344,1.10317,1.415,32.1839
3001,26,54,7,0.6122,19.6502,1.03806,54.0541
3002,56,220,54,0.2541,8.15656,6.70353,43.75
3003,22,162,633,0.5331,17.1125,2.56082,57.6642
3004,1,139,255,0.8068,25.8993,2.33679,45.8333
3005,4,83,151,1.0,50.0,0.221729,84.3137
3006,3,189,199,1.0,40.5644,1.13045,32.1429
3007,5,378,765,0.9697,31.1287,2.29211,53.8462
3008,103,433,145,0.4409,14.1519,0.814681,27.439
3009,1,86,118,0.7245,23.2558,-0.61287,76.4706
3010,4,125,146,1.0,34.4,0.9041,48.6486
3011,6,240,120,0.9129,29.3056,-0.601082,0.0
3012,15,482,2700,0.4815,15.4564,6.96909,55.4502
3013,3,602,202,1.0,34.4684,0.438503,38.5135
3014,79,972,636,0.2945,9.45359,1.04225,33.7838
3015,1400,1000,7500,0.0921,2.95556,0.299896,20.9877
3016,66,266,199,0.6175,19.8204,3.1272,57.8947
3017,33,718,425,0.6026,19.3438,2.19055,80.3398
3018,2,353,1300,0.7678,24.6459,-0.381264,84.3478
3019,32,810,477,0.3296,10.581,0.754148,33.8279
3020,71,605,891,0.309,9.91736,1.53787,41.5638
3021,10,858,982,1.0,37.1406,-2.52071,91.7404
3022,21,1000,469,0.412,13.225,0.9628,68.4366
3023,25,161,807,0.3756,12.057,1.70068,60.6299
3024,5,7100,1300,0.619,9.09859,-0.486342,96.2493
3025,94,86,5,0.2375,7.62274,2.0872,67.4419
3026,163,449,858,0.229,7.34967,0.0798977,22.2222
3027,5700,5300,392,0.009,0.132075,1.03448,38.4615
3028,28,416,1549,1.0,38.9423,0.9971,73.9583
3029,45,190,893,0.9628,30.9064,0.5823,91.5556
3030,31,293,530,0.6456,20.7243,2.7917,0.0
3031,15,654,566,1.0,42.2455,1.9036,81.5412
3032,15,186,935,0.9681,31.0753,6.93674,56.4885
3033,1,127,545,1.0,34.6457,4.59559,83.3333
3034,281,13500,5000,0.0788,0.850926,9.06593,60.2198
3035,44,985,6200,0.5877,18.8663,8.04934,75.1391
3036,5,338,850,0.776,24.9112,-0.456343,46.0396
3037,2,282,632,1.0,48.227,-3.55714,88.3249
3038,26,140,625,0.4042,12.9762,10.0,82.4176
3039,35,288,537,0.8461,27.1605,2.26518,30.5
3040,29,654,1800,0.3346,10.7416,-0.425725,28.3333
3041,3,322,347,1.0,36.9565,1.94071,0.0
3042,1,233,117,1.0,46.3519,1.54321,65.1786
3043,17,323,854,0.5244,16.8344,1.99938,48.2759
3044,36,224,351,0.7263,23.3135,0.6619,32.2751
3045,27,838,981,0.9468,30.3929,0.57178,26.6798
3046,116,751,661,0.2606,8.36662,3.53684,23.3129
3047,35,2800,1500,0.3539,6.37103,10.0,76.1011
3048,38,382,798,0.5591,17.9465,0.3843,43.9216
3049,17,546,1400,0.5969,19.1603,1.27569,49.0196
3050,63,44,32,0.7198,23.1061,-2.74725,47.5
3051,1,16,74,0.5841,18.75,-1.0442,66.6667
3052,3,259,200,1.0,41.5058,1.39706,26.1364
3053,15,200,165,0.9356,30.0333,0.471921,40.9326
3054,267,384,407,0.654,20.9925,0.9792,36.0656
3055,17,433,549,0.5444,17.475,1.83942,72.3343
3056,25,609,585,0.5383,17.2779,-0.0298063,22.4189
3057,44,330,516,0.8458,27.1515,-0.109529,55.3691
3058,38,662,365,0.5289,16.9772,-0.11054,56.2057
3059,13,522,999,0.4222,13.5536,1.33869,40.2135
3060,79,2700,2000,0.2929,5.27161,0.690926,0.0
3061,18,565,1200,0.567,18.2006,1.08172,56.4935
3062,163,555,2700,0.29,9.30931,1.94315,43.0605
3063,141,1100,777,0.8551,27.4495,0.8724,21.2766
3064,330,1200,1500,0.1921,6.16667,0.501,27.4238
3065,11,1200,5700,0.1304,4.18519,-1.47929,79.7909
3066,20,552,717,0.3688,11.8393,6.14139,35.2601
3067,27,699,510,0.3967,12.7325,1.40427,37.1069
3068,34,163,577,0.3992,12.8153,1.1812,64.2857
3069,33,597,571,0.4061,13.0374,1.49125,60.0939
3070,47,312,612,0.522,16.7557,3.30579,0.0
3071,422,1200,731,0.2124,6.81945,0.845,47.343
3072,63,488,402,0.7508,24.1006,0.781739,35.6164
3073,73,350,394,0.7452,23.9206,0.394997,96.8037
3074,11,166,349,0.7757,24.8996,3.25027,55.0725
3075,94,896,1000,0.5161,16.5675,0.862774,42.8241
3076,14,223,727,0.716,22.9821,3.16585,73.7374
3077,19,156,191,0.7706,24.736,-0.23015,59.0551
3078,4,199,285,1.0,42.2111,0.368494,42.3729
3079,4,290,606,0.4297,13.7931,10.0,44.1176
3080,84,442,1900,0.3731,11.9768,4.10445,0.0
3081,59,820,1800,0.3419,10.9756,1.80757,30.3483
3082,0,192,174,1.0,50.0,-5.0,0.0
3083,15,418,2500,0.2723,8.74003,-0.0876424,54.1667
3084,363,667,1400,0.3109,9.97834,0.370391,46.5714
3085,42,934,910,0.5735,18.4078,0.650703,39.2781
3086,3,257,348,1.0,39.1699,0.2807,43.3962
3087,31,326,1305,0.9401,30.1764,1.2308,82.0998
3088,3,354,288,0.9328,29.9435,3.06985,0.0
3089,10,299,421,0.8895,28.5535,3.26619,33.7079
3090,6,176,807,1.0,49.9999,-0.650665,85.2381
3091,10,204,994,0.431,13.8344,5.39216,67.2131
3092,54,493,448,1.0,32.2157,1.94937,18.4659
3093,15,710,933,0.9753,31.306,1.18617,37.6782
3094,21,675,2700,0.4698,15.0815,5.81764,81.7308
3095,16,189,199,0.9406,30.1918,0.423953,73.2824
3096,19,930,1700,0.357,11.4606,4.32616,63.9566
3097,4,150,150,0.8152,26.1667,1.97239,29.1667
3098,8,147,438,0.8053,25.8503,7.674,0.0
3099,33,90,108,0.6673,21.4198,0.4083,45.0704
3100,8,257,829,1.0,35.214,1.71121,26.2411
3101,86,862,444,0.5106,16.3895,0.514484,61.657
3102,9,595,581,1.0,40.6387,0.435477,32.2493
3103,25,785,2800,0.5457,17.5159,0.304326,58.8161
3104,7,282,774,1.0,35.0177,2.1777,47.9167
3105,116,638,7500,0.0944,3.03031,0.116836,37.931
3106,3,63,169,0.923,29.6296,1.54863,50.0
3107,40,178,295,0.7253,23.2834,-0.100963,47.0149
3108,34,221,487,0.679,21.7949,1.7206,58.3673
3109,4,289,460,0.7294,23.4141,0.614195,20.6186
3110,6,106,411,1.0,33.9623,0.754148,68.8312
3111,11,269,1400,1.0,37.0353,1.58529,67.1141
3112,22,727,393,0.647,20.7703,-0.436646,31.4642
3113,43,342,302,0.7196,23.0994,0.934066,21.8182
3114,95,468,4400,0.277,8.89126,0.0761866,89.1365
3115,10,174,715,0.4172,13.3908,0.762112,62.0
3116,69,903,435,0.3806,12.2162,0.263977,30.8782
3117,248,1400,2700,0.1794,5.75794,1.4012,41.4239
3118,375,674,1700,0.4406,14.1444,0.32958,34.1379
3119,23,399,2900,0.2733,8.77193,4.45178,72.093
3120,117,602,4200,0.2263,7.26283,2.36369,68.1319
3121,203,2200,320,0.9342,16.8157,-0.785752,29.7114
3122,9,414,1598,0.6112,19.6189,0.1327,44.0
3123,78,1100,354,0.4588,14.7273,1.875,13.0435
3124,14,417,449,0.6812,21.8661,2.44716,0.0
3125,19,352,312,0.8301,26.6477,-0.0503,45.1613
3126,26,413,589,0.6398,20.5384,0.968158,71.5812
3127,128,1200,955,0.1979,6.35185,0.9869,52.09
3128,116,2500,1300,0.2781,5.00667,0.753012,46.9979
3129,3,193,184,1.0,38.342,3.31555,0.0
3130,4,301,717,0.6313,20.2658,0.32694,44.9541
3131,46,207,509,0.6706,21.5278,0.66879,72.3636
3132,13,109,107,0.8003,25.6881,0.165344,28.5714
3133,140,1000,2200,0.5066,16.2611,0.826798,53.8462
3134,21,1500,2100,0.2098,6.73333,1.29088,43.4959
3135,35,338,484,0.4854,15.5819,-0.0527,34.434
3136,27,481,435,0.7853,25.2079,5.84923,18.1132
3137,9,928,2787,0.2769,8.89009,1.4924,83.3333
3138,22,190,340,0.46,14.7661,1.4414,36.8
3139,90,673,626,0.8764,28.1327,1.15845,23.7668
3140,75,738,3200,0.2425,7.7838,-0.0529942,95.0276
3141,38,770,1100,0.7773,24.9503,1.20148,26.7327
3142,24,458,645,0.568,18.2314,0.237042,0.0
3143,187,1500,7500,0.3227,10.3583,1.0519,0.0
3144,371,380,4700,0.1034,3.31871,0.780302,81.4159
3145,35,449,302,0.9742,31.2721,0.133638,33.0435
3146,22,315,840,0.711,22.8219,-0.0562,53.0744
3147,11,465,1000,0.6976,22.3925,1.16128,0.0
3148,37,529,514,0.6938,22.2708,0.30108,39.2097
3149,2,30,66,0.4673,15.0,5.46733,57.1429
3150,5,435,2800,0.381,12.2299,1.03101,83.7209
3151,405,445,2000,0.2897,9.30088,1.06224,18.1818
3152,36,1200,2100,0.6859,22.0185,1.2766,45.7906
3153,57,1300,857,0.7716,24.7692,1.63399,0.0
3154,3,290,978,0.7197,23.1034,-0.780078,28.0702
3155,3,140,336,0.7491,24.0476,-0.254539,38.1818
3156,4,166,542,1.0,36.5462,10.0,70.7865
3157,6,499,969,1.0,32.9659,10.0,17.4312
3158,6,346,908,0.5474,17.5722,-0.221198,47.8261
3159,39,1100,950,0.9234,29.6414,7.48424,48.324
3160,3,194,282,0.7066,22.6804,0.715283,36.7347
3161,13,214,115,0.9462,30.3738,-3.34125,43.871
3162,4,387,1600,1.0,42.7218,0.256647,74.7423
3163,76,207,1400,0.1221,3.91841,1.26521,48.0
3164,775,963,1900,0.3449,11.0707,1.40816,28.8509
3165,27,1700,7500,0.4444,14.2647,2.43902,92.7978
3166,170,738,2500,0.2568,8.243,1.81237,35.4167
3167,18,3000,817,0.3398,6.11569,0.6068,98.7539
3168,6,168,567,0.5971,19.1667,0.334635,52.8571
3169,119,320,492,0.4873,15.6424,0.831848,0.0
3170,25,491,354,0.4695,15.0713,1.17049,26.7016
3171,41,841,705,0.6125,19.6615,0.775588,38.2831
3172,3,3100,1000,0.5102,9.1828,1.4363,71.0472
3173,69,808,513,0.6504,20.8794,-0.196713,24.821
3174,248,456,2500,0.0497,1.596,10.0,36.0
3175,29,363,368,0.6475,20.7836,0.608766,0.0
3176,9,336,661,1.0,38.9881,7.86812,53.2934
3177,30,1900,7100,0.1374,4.40936,3.67647,67.433
3178,6,85,176,0.7574,24.3137,-0.212706,60.0
3179,55,766,765,0.7149,22.9475,0.2405,31.2734
3180,64,867,982,0.7841,25.1708,4.20757,46.5201
3181,41,1200,891,0.4558,14.6296,1.66297,55.1957
3182,1700,1400,7000,0.1097,3.51984,0.7926,0.0
3183,12,911,854,0.7031,22.5686,2.5911,19.685
3184,47,1100,4700,0.2324,7.46104,1.94805,38.8278
3185,10,576,1800,0.9377,30.0998,1.92999,75.5319
3186,3,76,87,0.5944,19.0789,0.494397,40.0
3187,38,335,638,0.3785,12.151,0.21972,48.6381
3188,27,828,516,0.8984,28.8379,0.694569,26.0417
3189,77,155,330,0.594,19.0681,1.2389,0.0
3190,220,3100,7500,0.4719,8.49395,1.23153,39.9043
3191,6,433,4400,1.0,35.1809,-0.167439,0.0
3192,119,1100,7500,0.0225,0.722222,1.42,42.0
3193,78,2700,1800,0.5167,9.30041,1.45455,0.0
3194,2300,13700,3800,0.0235,0.253852,-0.25243,20.0
3195,479,1600,2100,0.1684,5.40625,1.4656,42.1769
3196,20,1500,570,0.4808,15.4334,1.31464,0.0
3197,1,1100,7500,1.0,32.3636,1.0182,0.0
3198,64,1100,1000,0.5367,17.2273,2.65088,20.4724
3199,29,2700,5700,0.2092,3.76543,-0.665484,82.3087
3200,5,2500,3100,0.3861,6.95,0.776398,59.9398
3201,25,641,427,0.7711,24.753,0.62724,36.8778
3202,9,305,289,0.8835,28.3607,5.27597,15.493
3203,203,10100,157,0.388,4.19087,-0.561938,37.9229
3204,118,1100,850,0.4382,14.0657,10.0,0.0
3205,32,770,1100,0.8044,25.8225,1.33257,24.0803
3206,62,4300,980,0.0373,0.670543,-0.843882,85.7143
3207,58,399,1700,0.0439,1.40977,-0.775925,20.0
3208,73,207,261,0.8779,28.1804,0.356104,62.9787
3209,116,138,509,0.7236,23.2287,1.87952,86.5306
3210,22,771,4200,0.5024,16.1262,5.85182,76.7059
3211,25,879,620,0.7966,25.572,0.642467,85.4577
3212,20,1100,3700,0.3714,11.9221,3.6028,45.0166
3213,34,532,583,0.3832,12.3016,-0.0345308,77.5726
3214,3,822,3300,0.4453,14.2944,0.0472069,51.8519
3215,10,710,485,0.9258,29.7183,2.70487,88.8889
3216,10,116,231,0.3693,11.8534,-1.5873,51.8519
3217,20,424,484,0.3841,12.3297,2.65356,36.8421
3218,321,1200,1100,0.3199,10.2685,1.77096,41.635
3219,33,422,472,0.9178,29.4629,2.67792,50.0
3220,7,574,602,1.0,36.7596,4.58103,61.9266
3221,7,357,337,0.9773,31.3726,1.3136,36.4964
3222,6,47,100,0.1215,3.90071,1.27047,80.0
3223,3,105,100,1.0,35.2381,0.955414,39.4737
3224,6,325,240,0.7141,22.9231,1.00219,52.9801
3225,39,424,164,0.5329,17.1069,4.9246,0.0
3226,1,35,578,1.0,50.0,4.80769,100.0
3227,12,1000,820,0.785,25.2,10.0,40.9864
3228,31,725,2137,0.4512,14.4828,-0.0749,38.6266
3229,57,356,797,0.6164,19.7877,1.42676,38.8889
3230,191,1500,1400,0.4741,15.2185,1.007,0.0
3231,95,645,1900,0.2404,7.71546,3.78788,56.9672
3232,25,961,4500,0.369,11.8453,0.288295,77.8378
3233,56,1900,1900,0.0748,2.40059,-1.69062,52.0833
3234,779,3200,7100,0.0153,0.276042,2.47729,80.4878
3235,13,2900,1666,0.5068,9.12315,-0.5952,57.7689
3236,366,1300,5800,0.0075,0.239316,5.52147,54.5455
3237,273,3300,3500,0.1092,1.96633,9.25926,57.5893
3238,52,460,1200,0.3108,9.97584,0.747559,45.6067
3239,134,547,2300,0.0975,3.12817,2.36732,47.5
3240,393,761,2800,0.0034,0.109505,3.09589,0.0
3241,14,644,3100,0.1373,4.40606,10.0,0.0
3242,20,200,695,0.4517,14.5,-0.996166,75.5814
3243,231,335,1200,0.0744,2.38806,0.648738,75.0
3244,125,1600,3100,0.0766,2.45956,-1.12402,52.2936
3245,13,420,2100,0.4439,14.2491,-0.548246,85.2332
3246,5,419,1100,1.0,50.0,-0.364975,0.0
3247,15,423,2000,0.4556,14.6234,-0.700894,78.8679
3248,133,744,1200,0.0495,1.5905,-1.72783,56.383
3249,385,752,2500,0.0237,0.760934,0.720634,43.5897
3250,3,607,3200,0.8451,27.128,-1.70363,69.6581
3251,769,2600,7500,0.0273,0.492081,-0.698812,30.7018
3252,2,320,1100,0.4868,15.625,-0.921659,56.5217
3253,447,1400,864,0.296,9.5,1.2299,30.1471
3254,422,138,262,0.3875,12.4396,0.255015,6.8182
3255,11,323,561,0.5261,16.8871,0.4535,0.0
3256,329,1100,581,0.4145,13.3068,0.5086,27.3279
3257,32,373,3400,0.8138,26.1245,-1.01266,93.7873
3258,282,1200,720,0.2387,7.66204,1.4723,19.0476
3259,53,953,555,0.3443,11.0528,0.305569,97.7974
3260,14,143,355,0.8932,28.6713,4.47613,44.0
3261,94,802,1000,0.6073,19.4929,1.60366,37.9775
3262,290,15600,487,0.6158,6.6504,-0.365186,25.8879
3263,6,259,4000,1.0,50.0,1.83211,92.6366
3264,4,100,336,1.0,50.0,1.96492,84.1584
3265,24,407,257,0.6556,21.0435,0.651216,44.8399
3266,65,1200,2200,0.2814,9.0324,0.5854,38.3178
3267,3,175,852,1.0,45.1429,0.464738,76.5306
3268,350,1500,2000,0.4631,14.8667,2.74725,20.6096
3269,234,1700,5900,0.2202,7.06863,1.3813,30.5936
3270,8,222,306,1.0,32.5225,6.50233,57.3643
3271,20,494,1500,0.6004,19.2741,2.49238,46.0432
3272,2,173,501,0.8283,26.5896,1.57258,0.0
3273,9,112,387,0.7093,22.7679,2.09444,47.8261
3274,1,163,504,0.7454,23.9264,0.734934,65.7895
3275,9,381,1300,0.9917,31.8335,1.51532,64.0669
3276,30,272,467,0.2917,9.36419,7.66416,53.9216
3277,79,324,982,0.4757,15.2687,10.0,40.2367
3278,60,347,1400,0.726,23.3045,0.81163,55.642
3279,428,168,179,0.4327,13.8889,0.433,63.6364
3280,1400,1200,1200,0.0216,0.694444,1.3252,29.1667
3281,6,3400,4700,0.0477,0.857843,-1.0101,47.561
3282,120,710,2500,0.2928,9.3975,1.31038,67.3347
3283,250,1900,4400,0.0792,2.54094,10.0,32.1321
3284,73,732,3000,0.3573,11.4678,-0.365097,78.24
3285,5,103,350,1.0,41.1651,0.545455,90.3226
3286,2000,2100,2200,0.1806,3.25132,1.3504,22.3077
3287,300,1400,2900,0.0308,0.988095,1.0618,61.9565
3288,1200,4500,7500,0.0068,0.122876,2.19298,100.0
3289,2400,4200,3800,0.0129,0.232493,0.872093,39.1892
3290,564,1500,3300,0.026,0.833334,0.7411,13.9241
3291,792,89600,1100,0.0054,0.0402716,1.43335,69.5313
3292,468,600,3700,0.0978,3.13889,0.489956,23.5294
3293,23,869,3300,0.4244,13.6231,10.0,33.9426
3294,40,501,251,0.4532,14.5487,0.830042,53.0035
3295,99,425,1000,0.5542,17.7909,0.79448,66.2722
3296,21,3300,620,0.2997,5.39394,1.0119,0.0
3297,17,2100,7400,0.3169,5.70476,0.5207,44.4676
3298,416,228,1800,0.1723,5.53119,0.240964,54.2857
3299,37,447,624,0.297,9.53269,-0.245278,38.2979
3300,3,154,768,0.445,14.2857,0.367918,44.0
3301,17,679,2200,0.3716,11.9293,2.16073,58.9552
3302,4,1300,2300,0.8519,27.3461,1.63399,67.0194
3303,27,1200,4100,0.4621,14.8333,-3.92157,87.2319
3304,56,80,219,0.5257,16.875,-0.219154,80.2469
3305,75,1700,6000,0.0981,3.15033,0.9725,89.9103
3306,29,371,969,0.3928,12.6086,-0.157282,74.3421
3307,3,345,288,0.7434,23.8647,1.79502,34.6154
3308,15,412,468,0.3535,11.3471,-0.174825,34.8066
3309,191,672,461,0.3024,9.70569,-0.053952,48.1159
3310,28,628,721,0.8265,26.5304,1.36986,29.2365
3311,2,633,555,1.0,41.5482,0.831395,20.1681
3312,82,279,647,0.598,19.1955,1.471,37.3206
3313,291,1000,333,0.077,2.47059,4.94827,25.4144
3314,62,347,96,0.2534,8.13321,3.90797,46.3542
3315,2,163,1000,0.344,11.0429,0.449236,76.9231
3316,9,224,1400,0.4729,15.1786,-1.61725,71.2871
3317,16,422,348,0.4939,15.8552,0.763187,23.0435
3318,184,533,719,0.2828,9.07859,1.68671,33.5793
3319,37,441,387,0.7476,23.9985,0.459546,70.4268
3320,104,1800,7500,0.7996,25.6667,1.1096,97.1096
3321,62,132,242,0.5612,18.0135,-0.534759,53.7736
3322,1400,1400,1300,0.3189,10.2381,0.6783,12.4343
3323,149,491,777,0.2316,7.43381,0.656067,39.8305
3324,5,560,1100,0.3338,10.7143,0.0663746,40.146
3325,411,19700,1800,0.3233,3.49154,1.53573,20.4056
3326,12,451,434,0.5052,16.2179,0.0879147,55.8559
3327,1400,1600,4900,0.0798,2.5625,-1.0442,48.0597
3328,53,755,5400,0.1625,5.21707,-0.48907,72.5352
3329,7,352,243,0.067,2.15098,1.88088,77.2727
3330,10,559,5600,0.3316,10.644,-0.350877,75.5952
3331,43,624,2500,0.1154,3.7037,0.660449,53.8462
3332,15,122,1400,1.0,42.1311,-1.04353,0.0
3333,19,507,32,0.2443,7.84314,4.19974,34.4262
3334,56,225,215,0.6961,22.3457,1.84924,51.0309
3335,19,248,531,0.2575,8.26613,6.96641,0.0
3336,40,964,2500,0.2525,8.10425,1.00951,44.1718
3337,10,598,557,1.0,32.8476,0.686128,30.203
3338,39,307,66,0.5754,18.4691,4.76796,35.0
3339,73,228,1200,0.4934,15.8382,0.73825,48.6667
3340,52,152,189,0.6729,21.6009,0.236686,30.6122
3341,318,318,689,0.0512,1.64221,1.48821,15.7895
3342,91,1500,7200,0.1897,6.08889,-1.12952,0.0
3343,86,1900,6800,0.0529,1.69883,1.496,85.6287
3344,98,105,341,0.6593,21.164,-0.982801,66.0377
3345,36,1300,1900,0.024,0.769231,-1.27551,39.1304
3346,51,3900,165,0.0344,0.619658,-2.71739,69.1244
3347,537,6500,4100,0.0758,1.11368,-0.526778,42.4658
3348,28,844,844,0.4532,14.5471,0.376029,29.2308
3349,9,305,504,0.8137,26.1202,4.96787,0.0
3350,12,208,396,0.7189,23.0769,5.05013,68.1818
3351,188,1100,699,0.3462,11.1136,10.0,0.0
3352,57,104,283,0.4876,15.6517,-1.2987,41.3793
3353,67,338,700,0.255,8.18541,-0.105042,26.9231
3354,99,112,50,0.4872,15.6378,1.21212,61.0169
3355,172,921,780,0.4829,15.5025,0.160286,20.0795
3356,87,149,113,0.2706,8.68755,1.00125,38.6364
3357,64,997,926,0.5914,18.9847,2.08215,19.4118
3358,334,8800,3000,0.049,0.719697,-0.389864,18.6275
3359,38,1100,1000,0.283,9.08586,1.4782,35.7923
3360,8,390,610,1.0,35.1709,1.96281,20.5128
3361,60,158,358,0.5784,18.5654,-0.669244,34.8624
3362,385,562,714,0.7209,23.1415,-0.258314,28.8265
3363,1300,922,1600,0.0366,1.17498,-0.233599,50.4348
3364,23,2600,1600,0.297,5.34615,10.0,0.0
3365,95,783,762,0.3846,12.3457,0.188828,29.0398
3366,6,93,478,0.4891,15.6989,0.822143,47.0588
3367,18,174,365,0.6931,22.2496,3.13707,0.0
3368,13,571,798,0.5578,17.9038,0.126,0.0
3369,27,979,7200,0.0583,1.87004,10.0,82.2581
3370,11,669,1300,0.4433,14.2302,0.764656,59.4005
3371,32,566,1400,0.3916,12.5713,2.76822,23.3108
3372,8,239,1600,0.5627,18.0614,7.03979,77.027
3373,6,1400,875,0.6854,22.0,1.3655,0.0
3374,8,274,319,0.5753,18.4671,0.7082,0.0
3375,12,683,447,0.8005,25.6955,3.69926,78.9333
3376,1,138,416,1.0,50.0,0.28463,81.6667
3377,24,1400,872,0.2373,7.61607,1.4985,57.1705
3378,7,1200,683,1.0,34.9167,1.75953,38.6752
3379,14,288,381,0.741,23.7847,-0.66231,66.4634
3380,39,594,820,0.8256,26.5003,2.16076,0.0
3381,11,505,945,0.649,20.8317,0.566488,49.0385
3382,694,730,598,0.1686,5.41096,0.218994,9.9237
3383,336,1100,881,0.1135,3.64205,10.0,38.4615
3384,259,2800,7500,0.0611,1.09921,-0.623182,47.5083
3385,126,291,276,0.3681,11.8175,0.654979,9.7015
3386,1400,2400,2900,0.2589,4.65972,3.5503,53.2315
3387,22,764,1800,0.2696,8.65328,0.862506,38.0117
3388,1,17,16,1.0,50.0,-1.00402,66.6667
3389,230,1300,5000,0.7985,25.6325,1.50602,71.4751
3390,19,89,49,0.485,15.5698,1.43621,0.0
3391,393,413,92,0.2598,8.34006,0.40019,36.5079
3392,373,478,511,0.1561,5.0093,-0.0368415,0.0
3393,131,854,1800,0.2215,7.11033,0.0424232,33.642
3394,168,676,571,0.3766,12.0879,0.438116,0.0
3395,439,5400,1600,0.3062,4.50142,0.5907,14.0
3396,1,1700,506,0.9163,29.4118,0.721,77.7778
3397,160,681,768,0.4183,13.428,-0.86459,59.7778
3398,105,293,216,0.6379,20.4778,-5.0,50.4237
3399,66,530,529,0.5355,17.1908,4.65103,39.5683
3400,15,248,630,0.8809,28.2762,-1.38625,40.7609
3401,12,283,357,1.0,34.9823,10.0,91.6667
3402,48,253,57,1.0,50.0,10.0,54.7619
3403,41,873,5400,0.0389,1.2473,0.681255,23.4375
3404,18,4000,6900,0.0554,0.997222,0.7049,83.3333
3405,2,67,95,1.0,43.2836,2.75454,0.0
3406,1,322,657,1.0,50.0,0.230097,78.3505
3407,16,528,576,0.4383,14.0693,0.138792,78.3482
3408,76,708,1600,0.4586,14.7206,0.739697,48.8978
3409,3,211,1200,0.502,16.1138,3.58804,22.2222
3410,1,481,119,0.1878,6.02911,-0.037048,46.4286
3411,1,170,170,0.8613,27.6471,1.45268,12.5
3412,659,1400,277,0.2639,8.47222,0.5659,24.4389
3413,83,504,397,0.637,20.4475,0.596125,39.3862
3414,405,198,681,0.722,23.1762,1.66727,73.3728
3415,66,367,381,0.6362,20.4208,0.828801,51.9685
3416,179,187,266,0.3434,11.022,10.0,36.7089
3417,47,361,760,0.3049,9.78763,-0.049,66.537
3418,92,1100,1800,0.2447,7.85353,1.81818,15.7767
3419,48,638,1200,0.3296,10.5799,1.85272,31.2849
3420,202,291,23,0.1653,5.30737,1.53252,20.9302
3421,27,385,1900,0.5037,16.1688,2.16702,67.1233
3422,510,1400,2101,0.1797,5.76984,1.4112,17.8273
3423,1300,1100,902,0.1265,4.06061,1.77515,6.7511
3424,164,1600,7400,0.1589,5.10069,0.897,64.0333
3425,216,762,680,0.3589,11.5194,0.196483,59.9602
3426,112,587,547,0.5101,16.3733,0.555737,69.4097
3427,153,1000,690,0.3927,12.6056,0.28376,48.3871
3428,43,599,4400,0.1748,5.6112,-0.441505,58.9286
3429,26,559,4200,0.2638,8.4675,-0.739516,64.4699
3430,30,29,152,0.746,23.9464,-0.598802,0.0
3431,18,127,1700,0.1579,5.0689,1.4912,82.1429
3432,94,1800,6500,0.0362,1.16049,-0.956938,84.2424
3433,246,1400,7100,0.0653,2.09524,1.38185,77.1429
3434,723,11800,3199,0.0036,0.0390772,0.8984,66.6667
3435,6,446,3400,0.8557,27.4664,-0.705329,82.1516
3436,343,1900,5300,0.036,1.15497,1.01626,48.4848
3437,58,1900,7500,0.0979,3.14327,-0.920245,82.4779
3438,1100,3300,7500,0.0265,0.476431,3.28659,59.2593
3439,95,1000,3100,0.2237,7.18125,3.66679,40.0
3440,466,1600,3300,0.1786,5.73346,10.0,51.9008
3441,676,1200,4500,0.0247,0.791667,1.70455,23.2558
3442,33,671,819,0.6038,19.3834,3.95151,30.8725
3443,20,184,311,0.3085,9.90338,0.106451,51.1364
3444,4,222,780,0.725,23.2733,1.12045,67.8161
3445,4,218,631,1.0,46.9037,-0.948058,79.6954
3446,68,636,4600,0.0656,2.10517,-0.380091,53.8462
3447,65,545,855,0.2585,8.29766,3.1626,42.6966
3448,92,1900,1400,0.1339,4.29825,3.36826,26.9565
3449,187,1200,1600,0.3076,9.875,9.69111,28.7469
3450,75,991,1100,0.3932,12.6219,10.0,38.3562
3451,220,634,310,0.5438,17.4553,0.142799,18.9091
3452,94,595,1400,0.2952,9.47712,10.0,0.0
3453,17,1900,712,0.9078,29.1417,0.873,46.6042
3454,125,1600,3700,0.2359,7.57143,1.0491,26.2048
3455,3,1800,7400,0.5019,16.1111,1.1146,97.449
3456,69,473,2800,0.1811,5.81395,10.0,0.0
3457,74,1300,999,0.7581,24.3348,1.2934,20.6854
3458,163,1200,1800,0.3316,10.6458,10.0,0.0
3459,11,479,1700,0.4952,15.8962,2.63125,0.0
3460,47,1400,2500,0.4528,14.5357,5.31287,41.9562
3461,29,650,1100,0.6169,19.8009,2.52454,45.1389
3462,48,669,916,0.5967,19.1544,2.53807,43.7326
3463,12,408,1100,0.6885,22.0997,4.03443,83.7838
3464,3,311,717,1.0,47.5885,-0.312292,96.8354
3465,15,455,1400,0.412,13.2268,0.860092,30.6667
3466,7,321,735,1.0,35.8255,10.0,0.0
3467,13,322,1000,0.3996,12.8285,0.24664,75.5556
3468,38,414,560,0.7291,23.4031,1.16099,54.2222
3469,123,1100,6400,0.1771,5.68449,0.591,46.3415
3470,40,4600,1548,0.5807,10.4522,1.2717,0.0
3471,2500,7100,7500,0.0265,0.389671,0.247729,58.0
3472,189,4600,3200,0.3794,6.82971,0.394477,26.1089
3473,6600,8400,3500,0.1734,2.54894,0.213873,19.5538
3474,10,1700,1600,0.077,2.47059,-1.82537,0.0
3475,815,1700,7500,0.004,0.127451,1.3412,40.0
3476,209,853,4600,0.1684,5.40576,-0.338871,76.1589
3477,154,1700,7500,0.0207,0.663399,1.12275,58.6207
3478,145,2200,3500,0.0224,0.40404,0.8281,0.0
3479,1112,2800,5370,0.0064,0.115079,0.6614,70.3704
3480,7,1300,5734,0.2918,9.36538,1.497,75.7143
3481,988,5800,7400,0.1349,1.98276,-0.302663,43.7805
3482,26,530,6700,0.8879,28.5011,-0.797325,97.836
3483,133,3900,5300,0.2995,5.39103,1.1264,51.0278
3484,5,1300,710,1.0,37.6154,1.2774,0.0
3485,66,344,221,0.1343,4.31202,2.12515,56.9892
3486,13,1600,3778,0.4984,16.0,0.9059,79.1667
3487,28,696,396,0.5705,18.3124,1.2196,0.0
3488,28,838,533,0.4337,13.922,0.0657222,60.6119
3489,225,54500,3200,0.1101,0.858409,-0.293593,74.337
3490,7,913,801,0.6995,22.4534,2.0007,29.6928
3491,83,2100,5600,0.2441,4.39456,1.85759,36.1789
3492,118,2600,4796,0.0641,1.15385,1.222,24.6753
3493,152,1700,2200,0.3502,11.2418,1.12952,53.1401
3494,10,3400,2813,0.378,6.80392,0.8145,41.4554
3495,1100,8800,5500,0.1608,2.36364,-0.203059,64.1997
3496,740,1400,6100,0.0895,2.87302,0.9333,72.6872
3497,57,1000,7500,0.2224,7.13889,1.3906,95.6685
3498,121,709,2500,0.074,2.37424,-0.480348,75.5725
3499,39,774,769,0.4962,15.9295,1.04322,32.4808
3500,6,1100,1343,0.3087,9.90909,0.8769,0.0
3501,5,749,662,0.5781,18.5581,1.80061,25.1534
3502,1600,7000,5700,0.0023,0.0333333,-0.250021,83.3333
3503,137,1900,1688,0.1278,4.10121,1.0892,33.3333
3504,91,1100,945,0.8187,26.2788,2.10216,29.1328
3505,1900,83500,1300,0.6526,4.89471,0.823064,30.306
3506,246,2100,716,0.6925,12.4643,0.914634,35.3055
3507,265,8600,3900,0.2142,3.14867,10.0,30.7109
3508,1400,28600,614,0.512,4.76205,7.91411,46.1656
3509,45,7200,2000,0.4441,6.52778,0.83612,40.8739
3510,207,636,3000,0.0215,0.690077,-1.51734,74.1935
3511,242,2300,7500,0.1375,2.47585,10.0,77.3279
3512,13,669,2200,0.0609,1.9547,-1.33559,83.6735
3513,504,2400,3000,0.4225,7.60476,1.0539,45.3774
3514,14,1500,2900,0.2246,7.21025,3.01659,100.0
3515,173,631,3100,0.0139,0.445721,8.96684,48.0
3516,63,478,2000,0.0833,2.67318,1.4963,34.5238
3517,15,775,488,0.6713,21.5484,1.65624,38.6364
3518,202,3200,5100,0.015,0.270833,1.0558,79.4118
3519,217,1500,4700,0.0584,1.87407,4.77707,46.5608
3520,10,721,568,0.3997,12.8294,7.22989,0.0
3521,5,194,378,1.0,50.0,-1.80886,38.9474
3522,324,3900,7300,0.0317,0.5698,5.59006,32.8358
3523,195,498,2400,0.0963,3.09014,-1.22903,63.6364
3524,50,598,2200,0.2515,8.07321,-1.15002,64.6875
3525,51,525,545,0.6045,19.4048,0.4561,0.0
3526,170,315,1100,0.6774,21.746,4.10329,67.6218
3527,49,96,775,0.1496,4.80324,-0.922453,65.2174
3528,84,330,849,0.462,14.8307,8.20345,0.0
3529,9,244,910,0.3639,11.6803,10.0,79.5455
3530,32,242,729,0.4284,13.7511,2.66961,57.485
3531,133,7000,4200,0.0129,0.190179,7.10059,67.7083
3532,757,4200,3800,0.4195,7.55158,0.446163,80.6983
3533,1200,2900,1200,0.2246,4.04215,0.633981,19.6455
3534,204,2000,870,0.2097,6.73056,0.8978,76.073
3535,445,1000,2300,0.1515,4.86471,1.1739,30.2632
3536,121,729,4500,0.0306,0.983082,10.0,71.9298
3537,195,437,792,0.0804,2.58073,0.0417014,46.8085
3538,3,200,752,0.7009,22.5,1.37687,85.0575
3539,174,1900,6800,0.0984,3.15789,-0.909091,89.4834
3540,286,1500,7200,0.036,1.15556,0.7317,66.6667
3541,260,1200,4645,0.0969,3.11111,0.7908,70.0581
3542,4,107,518,0.7788,25.0,-0.66324,82.0513
3543,32,594,433,0.6954,22.3212,2.29634,37.5385
3544,14,246,520,0.6468,20.763,0.529314,41.7989
3545,29,4300,304,0.8151,14.6718,-0.413223,40.7663
3546,188,454,432,0.7483,24.021,0.493624,32.0946
3547,12,1300,4381,0.4697,15.0769,0.8905,100.0
3548,149,1200,1800,0.3379,10.848,1.1595,60.6557
3549,13,63,224,0.4904,15.7407,0.914634,25.8065
3550,42,393,660,0.5787,18.5751,1.13711,61.5836
3551,15,293,305,0.7986,25.6352,3.86681,40.2235
3552,13,471,121,0.7871,25.2654,-0.487151,32.6733
3553,4,159,1400,0.4261,13.6792,-0.85037,67.2727
3554,40,1200,4500,0.1139,3.65741,-1.47929,0.0
3555,69,5200,5400,0.4034,5.92949,0.360881,90.4192
3556,30,280,450,0.6898,22.1429,0.40057,24.3386
3557,104,161,290,0.6719,21.5666,0.676,56.8421
3558,174,366,1300,0.3425,10.9933,0.55332,53.5714
3559,223,1300,411,0.3123,10.0256,10.0,54.0687
3560,328,17200,6800,0.0442,0.477242,-0.309811,47.8188
3561,251,1200,1600,0.4211,13.5185,0.8032,11.5016
3562,592,2300,683,0.1502,2.7029,0.8069,26.616
3563,1800,7300,2500,0.0819,1.20396,0.760778,13.7295
3564,132,2000,790,0.6754,21.6794,0.968679,57.6813
3565,18,476,1500,0.7352,23.5994,-1.02223,62.7404
3566,3,62,637,1.0,34.4086,3.03235,70.0
3567,59,185,177,0.842,27.027,1.61406,0.0
3568,573,1900,7369,0.0313,1.00526,-0.9091,53.8462
3569,65,179,468,0.3926,12.6009,-0.1985,89.0152
3570,1,111,285,0.7297,23.4234,10.0,66.6667
3571,37,926,1600,0.6097,19.5704,1.19259,27.7457
3572,25,429,707,0.1953,6.26781,1.01161,52.3529
3573,44,1100,2667,0.3597,11.5455,1.45,0.0
3574,23,1600,3500,0.316,10.1445,1.19048,40.7461
3575,23,230,371,0.371,11.9082,1.08923,0.0
3576,805,1100,6200,0.0212,0.681818,2.1885,48.8372
3577,73,2200,5700,0.1862,3.35124,10.0,60.9827
3578,30,2300,5600,0.2319,4.17391,0.826446,0.0
3579,147,200,191,0.8264,26.5278,1.3583,0.0
3580,24,258,720,0.4441,14.255,-0.210261,58.0645
3581,10,494,724,0.9365,30.0607,1.08589,10.9244
3582,19,254,1400,0.2214,7.10849,-1.27312,0.0
3583,6,135,390,1.0,49.3333,2.61923,59.6774
3584,43,241,282,0.237,7.60719,5.59848,28.3784
3585,65,1300,1000,0.7642,24.5299,1.3146,19.9147
3586,23,135,276,0.5795,18.6008,-0.645439,74.1935
3587,152,2900,1200,0.8238,14.8276,3.72024,80.292
3588,369,388,1300,0.1963,6.30012,0.903342,16.0305
3589,108,455,157,0.3366,10.8059,0.1192,35.0467
3590,5,1600,1300,0.801,25.7125,1.20482,30.2412
3591,17,1400,990,0.4637,14.8857,1.40713,23.8281
3592,3,48,8,0.7572,24.3056,0.379939,47.619
3593,22,885,650,0.4348,13.9581,-0.30303,53.7037
3594,81,1600,1800,0.2057,6.60156,2.55102,35.2645
3595,11,456,915,0.3391,10.8852,0.883095,53.4783
3596,46,180,818,0.3048,9.78395,5.77731,76.0234
3597,14,495,430,0.258,8.28283,1.43472,42.8571
3598,20,629,932,0.6053,19.4312,0.474566,25.3041
3599,245,1200,2300,0.2327,7.47059,1.58562,27.972
3600,89,78,165,0.3018,9.68661,0.965251,51.7241
3601,1000,3000,1300,0.2117,3.81111,1.2605,34.8083
3602,22,431,509,0.304,9.75928,1.46708,29.8077
3603,21,220,241,0.3776,12.1212,1.1419,33.9286
3604,182,477,319,0.2362,7.58211,0.576347,25.4054
3605,46,182,281,0.2054,6.59341,0.940177,50.0
3606,179,214,1500,0.1213,3.89408,2.2291,34.6939
3607,43,678,1300,0.2908,9.33418,10.0,0.0
3608,228,1400,447,0.1399,4.49206,1.34953,16.3194
3609,306,1200,1800,0.1504,4.8287,1.60428,18.6364
3610,160,1600,1700,0.1352,4.33929,1.0541,32.0329
3611,26,419,954,0.6563,21.0687,1.25232,59.6774
3612,5,1100,1300,0.7647,24.5455,0.8785,11.3573
3613,32,246,357,0.9962,31.9783,-0.0731672,34.6341
3614,46,842,566,0.3863,12.3991,0.617929,34.9057
3615,16,1100,1600,0.6504,20.8788,0.643,0.0
3616,170,979,2300,0.5427,17.4214,0.267014,41.5517
3617,19,713,382,0.7807,25.0614,0.361781,48.7719
3618,113,878,1700,0.3566,11.4465,0.242435,0.0
3619,2,267,325,1.0,49.8127,4.32028,22.5806
3620,10,435,1200,0.6123,19.6552,1.10181,70.5882
3621,69,1600,415,0.2661,8.54167,1.29032,47.5214
3622,273,2800,481,1.0,19.2976,1.4985,24.1104
3623,7,413,700,0.7834,25.147,-0.0963855,54.4073
3624,39,640,846,0.3194,10.2517,0.708383,34.7826
3625,127,1300,2600,0.4867,15.6239,1.3482,0.0
3626,2,134,165,0.7556,24.2537,1.12708,28.2609
3627,41,400,2500,0.418,13.4167,-0.657174,89.6703
3628,122,542,538,0.92,29.5305,0.620804,30.4582
3629,5,1400,2000,0.4183,13.4286,0.6861,0.0
3630,6,1100,684,0.8808,28.2727,1.86335,80.0
3631,39,99,106,0.5732,18.3983,0.180072,0.0
3632,4,44,207,0.944,30.303,2.87081,78.5714
3633,54,507,594,0.1471,4.72277,-0.317125,18.9655
3634,51,464,826,0.6955,22.3251,6.06061,25.2492
3635,142,605,2900,0.206,6.61157,10.0,77.1218
3636,16,99,99,1.0,50.0,1.34271,19.4444
3637,21,214,203,0.5912,18.9772,3.53369,37.037
3638,123,462,560,0.2813,9.03079,-0.039033,30.1676
3639,2,181,370,0.5163,16.5746,0.840778,54.5455
3640,22,376,629,0.8198,26.3141,0.146234,33.0275
3641,217,716,571,0.6838,21.9506,-0.296111,34.9282
3642,22,220,217,0.7906,25.3788,-0.1609,33.8624
3643,20,289,639,0.724,23.2411,1.53644,50.6977
3644,4,125,299,0.6231,20.0,8.16049,0.0
3645,524,3500,2100,0.0973,1.75079,-0.982801,84.0136
3646,58,1500,383,0.4079,13.0933,1.1815,0.0
3647,54,347,621,0.2793,8.96574,0.584609,59.8291
3648,38,541,1200,0.4763,15.2892,3.65462,41.8367
3649,6,285,35,1.0,38.2456,0.939282,54.1667
3650,70,1700,4700,0.2848,9.14187,2.40964,39.1097
3651,16,2800,145,0.9796,17.6321,2.32258,56.0081
3652,144,406,453,0.4536,14.5594,0.835066,55.7471
3653,32,1300,661,0.7085,22.7436,1.59236,68.2927
3654,70,176,235,0.3294,10.5745,-1.57233,43.2432
3655,2,342,1900,1.0,50.0,5.36749,88.2353
3656,7,224,375,0.7997,25.6696,2.40054,0.0
3657,4,575,372,1.0,50.0,0.238528,59.7849
3658,11,2800,372,1.0,21.0714,0.8226,42.0792
3659,28,841,486,0.3935,12.6305,-0.701654,36.6412
3660,19,194,421,0.4148,13.3162,2.92187,68.6391
3661,6,394,828,0.6009,19.2894,10.0,78.1513
3662,15,427,486,0.7121,22.8571,4.19079,63.6015
3663,5,567,349,0.8914,28.6155,1.51132,37.037
3664,34,185,527,0.6782,21.7718,8.51193,86.7704
3665,3,20,11,1.0,33.3333,0.7422,50.0
3666,31,885,659,0.38,12.1971,0.488088,41.1243
3667,1,146,193,1.0,50.0,-0.1208,46.6019
3668,37,420,972,0.5031,16.1508,1.15075,59.7668
3669,5,227,1000,1.0,47.7533,0.444523,72.4409
3670,127,2900,912,1.0,27.4138,1.3387,34.5144
3671,14,246,315,0.8647,27.7584,0.454545,48.3607
3672,15,656,1200,0.8146,26.1484,0.78046,0.0
3673,13,1400,1300,0.7044,22.6099,1.4468,68.3709
3674,15,581,1149,0.6967,22.3629,0.4704,26.7399
3675,269,767,4700,0.0679,2.18021,10.0,42.1569
3676,12,1200,655,0.4935,15.8403,1.69396,71.606
3677,23,822,742,0.3091,9.9216,0.760456,0.0
3678,1,950,1170,0.446,14.3158,0.1318,38.2609
3679,9,449,181,0.9105,29.2255,0.0813504,51.7045
3680,27,5000,388,0.1443,2.59778,10.0,53.0233
3681,12,56,121,0.2832,9.09091,0.328587,77.4194
3682,2,155,696,1.0,50.0,0.881316,74.8252
3683,5,289,727,0.7028,22.5605,2.18703,51.8519
3684,40,829,681,0.524,16.8208,-0.187411,31.59
3685,31,1200,2500,0.6884,22.099,1.66297,32.7626
3686,2600,584,1900,0.0842,2.70167,0.873656,37.2549
3687,2,859,799,0.4026,12.922,0.834403,0.0
3688,283,736,872,0.3762,12.0773,0.806885,25.6944
3689,8,194,769,0.8752,28.0928,8.89193,59.6491
3690,615,1700,2000,0.3821,12.2647,1.09649,46.0215
3691,7,405,266,0.75,24.0741,-0.237567,34.0741
3692,6,29,20,0.6445,20.6897,1.4207,50.0
3693,69,655,981,0.2338,7.50636,1.082,27.3469
3694,9,397,464,0.4296,13.7909,4.34864,25.2427
3695,17,723,1700,0.531,17.045,0.961303,50.7143
3696,14,1900,1500,0.3984,12.7895,1.00402,45.9459
3697,12,1800,959,0.7501,24.0778,1.0953,51.2948
3698,10,1300,1000,0.5778,18.5481,1.51515,40.4844
3699,16,81,75,0.4945,15.873,2.27273,29.4118
3700,212,168,194,0.2658,8.53175,3.68176,27.6596
3701,105,1400,7500,0.0847,2.71825,1.3887,56.5041
3702,33,591,1400,0.4533,14.5516,1.79115,35.5224
3703,18,183,523,1.0,34.7541,2.96677,80.9798
3704,25,343,751,0.4995,16.035,1.93556,45.9821
3705,39,198,519,0.4502,14.4501,1.25681,64.6409
3706,272,5200,1400,0.7899,11.6122,0.718563,22.2883
3707,9,294,421,0.6085,19.5335,5.33411,44.3662
3708,14,487,363,0.7005,22.4846,0.65764,22.9249
3709,366,5000,6900,0.0492,0.885556,-0.356506,87.7049
3710,141,2200,946,0.96,17.2808,1.78571,29.7178
3711,6,191,5800,0.2186,7.01571,-0.635093,77.5
3712,5,903,6700,0.4223,13.5548,-0.376964,84.9829
3713,33,214,1100,0.2639,8.46963,7.35114,45.679
3714,51,873,4500,0.0841,2.69823,-0.59382,56.5217
3715,3,138,1000,1.0,50.0,3.74319,95.8647
3716,644,411,1500,0.0375,1.20303,1.17789,73.6842
3717,10,136,254,1.0,33.4559,0.6091,57.8512
3718,827,2400,7100,0.3056,5.5,1.4934,32.2476
3719,17,227,335,0.5931,19.0371,0.832824,41.0256
3720,7,1800,1900,0.4315,13.8519,1.12402,75.2016
3721,7,153,349,0.32,10.2708,0.355,71.4286
3722,68,274,521,0.2337,7.50203,3.96238,38.5542
3723,5,1300,7400,0.147,4.71795,1.3771,80.7692
3724,15,157,918,0.2064,6.6242,-0.956768,42.5532
3725,57,117,602,0.3713,11.9183,-0.938086,34.5455
3726,584,22900,2800,0.0953,1.02911,10.0,99.4648
3727,65,347,1100,0.1646,5.28338,0.797307,78.2946
3728,119,293,403,0.365,11.7179,10.0,82.4427
3729,24,836,4100,0.2104,6.75486,8.15763,0.0
3730,138,543,2500,0.1937,6.21818,0.47259,41.3174
3731,14,79,506,0.4817,15.4611,-0.223214,62.069
3732,4,2100,6900,0.0961,1.73016,0.7869,75.4098
3733,25,381,1900,0.1622,5.2056,1.11421,75.5869
3734,69,790,3600,0.0567,1.82138,5.67163,34.375
3735,90,90,233,0.0865,2.77778,1.3616,63.6364
3736,26,61,313,0.9363,30.0546,0.616333,75.8242
3737,10,456,1800,0.1544,4.95614,-0.438906,66.9725
3738,1400,848,761,0.0586,1.88024,1.22613,10.6383
3739,457,4800,1800,0.3207,5.77199,1.18343,18.2438
3740,3,128,189,1.0,39.8438,0.1406,22.2222
3741,174,621,531,1.0,50.0,0.780312,23.1544
3742,57,691,4200,0.288,9.24586,4.56437,60.355
3743,45,129,80,1.0,37.064,-1.0428,50.4065
3744,44,105,177,0.1863,5.97884,4.94978,73.1707
3745,16,135,481,0.4434,14.2328,0.54203,50.0
3746,38,1100,1000,0.8693,27.9037,1.3345,89.3369
3747,12,350,241,0.7721,24.7857,0.371058,35.2174
3748,171,10200,730,0.3895,4.20643,1.1231,72.6957
3749,403,742,261,0.2323,7.45732,0.0733652,24.2291
3750,3000,6300,6100,0.014,0.205467,0.279694,31.8182
3751,21,927,847,0.4038,12.963,0.218341,43.1493
3752,21,8200,492,0.4464,6.5625,10.0,76.1048
3753,196,501,2313,0.1237,3.96984,-0.0354,60.2837
3754,177,839,1000,0.3952,12.6871,-0.107712,31.5663
3755,381,1600,965,0.1634,5.24653,1.1976,33.0189
3756,357,2500,1100,0.3169,5.70444,1.4496,27.5926
3757,918,3800,7300,0.0655,1.17982,1.0284,10.241
3758,79,2700,1000,0.3178,5.72017,1.1535,34.8708
3759,13,412,1100,0.4258,13.6669,1.7299,45.9677
3760,75,1800,1200,0.1546,4.96296,1.08264,73.7342
3761,72,369,1300,1.0,41.9895,3.19489,64.2173
3762,5,29,169,0.8594,27.5862,-1.15897,95.2381
3763,460,849,1900,0.2862,9.18727,2.72109,17.8723
3764,506,234,669,0.2759,8.85565,0.97688,95.6835
3765,705,2400,1700,0.1996,3.59259,1.60428,18.1102
3766,564,410,3200,0.1292,4.14634,-0.213873,63.7363
3767,71,180,173,0.8519,27.3457,4.62963,52.2989
3768,255,820,1700,0.0585,1.87669,2.13995,32.6531
3769,82,176,51,0.2488,7.98611,-0.295761,24.4898
3770,211,699,7400,0.075,2.4082,-0.805035,33.3333
3771,55,1200,4900,0.0678,2.17593,1.60428,77.6786
3772,39,278,1600,0.0417,1.33893,10.0,82.3529
3773,162,872,71,0.235,7.54332,9.35761,39.9083
3774,248,1700,1100,0.1785,5.7301,0.9287,24.9576
3775,10,827,2600,0.5252,16.8596,0.47372,0.0
3776,482,829,7500,0.2858,9.17477,0.0220926,33.9506
3777,58,299,183,0.3317,10.6466,7.02913,39.7059
3778,30,247,478,0.4667,14.9798,3.83244,70.202
3779,84,655,685,0.0444,1.42494,-4.4775,29.4118
3780,130,391,876,0.5493,17.6328,1.58487,28.6957
3781,123,402,978,0.1787,5.73522,3.16134,31.8681
3782,27,665,766,0.5169,16.5915,3.67034,17.9775
3783,71,1700,2100,0.3042,9.7647,1.22549,53.1081
3784,35,783,4100,0.1194,3.83142,4.04233,79.0055
3785,7,532,1000,0.7964,25.5639,3.52159,55.914
3786,110,222,690,0.108,3.4671,-0.25641,68.1818
3787,12,176,367,0.708,22.7273,-0.873928,88.3459
3788,182,408,305,0.2838,9.10948,-0.131125,21.5385
3789,60,2100,7200,0.0494,0.888889,-0.826446,85.4305
3790,7,343,733,0.1609,5.16451,-0.508897,59.6774
3791,42,156,964,0.0699,2.24359,-0.2301,77.1429
3792,1100,1900,1300,0.2456,7.88487,1.02249,31.25
3793,24,516,5800,0.5826,18.7016,1.84919,91.3473
3794,127,2600,7000,0.0597,1.07479,0.5096,65.5039
3795,21,35,94,1.0,49.3651,0.797,98.6301
3796,9,477,533,0.7846,25.1872,7.86241,24.7059
3797,9,868,803,0.5986,19.214,0.385027,49.115
3798,19,1100,888,0.8007,25.7025,1.81818,18.7708
3799,12,285,444,0.8089,25.9649,-0.0621,39.521
3800,13,1100,3000,0.404,12.9669,1.97947,53.0917
3801,1,583,552,0.7481,24.0137,0.88293,0.0
3802,3,162,260,0.7692,24.6914,0.93882,24.0741
3803,6,469,617,0.8558,27.4698,10.0,43.7126
3804,13,594,687,0.6932,22.2503,1.55283,13.8298
3805,32,1200,1100,0.3983,12.7865,-1.39018,29.7872
3806,3,284,356,0.7349,23.5915,2.47273,85.4839
3807,37,482,359,0.8535,27.3981,0.583998,30.0813
3808,31,14700,1500,0.3184,3.4384,0.9933,40.1361
3809,103,362,659,0.5508,17.6795,0.410889,56.0897
3810,80,237,238,0.5343,17.1507,2.85544,36.0
3811,9,552,486,1.0,35.3865,0.228,18.7328
3812,26,238,206,0.7279,23.366,0.977252,25.2941
3813,44,1100,534,0.4196,13.4676,1.3654,29.0667
3814,170,1100,486,0.6152,19.7475,1.3473,84.5231
3815,11,1100,790,0.6382,20.4848,1.1599,0.0
3816,662,395,737,0.2217,7.11674,0.364797,20.9524
3817,9,101,203,0.5128,16.4604,1.4128,29.6296
3818,181,522,460,0.4207,13.5057,0.855493,41.7582
3819,287,2600,1300,0.6984,12.5714,1.1255,18.26
3820,201,1100,1100,0.4176,13.4064,10.0,57.7739
3821,69,1700,7200,0.0448,1.43791,1.2148,84.7534
3822,1,327,397,1.0,50.0,-1.13923,82.8244
3823,244,372,80,0.168,5.39128,1.06205,21.2766
3824,18,1500,989,0.6355,20.4,1.26796,14.881
3825,21,985,534,0.4819,15.4695,0.0741359,45.2906
3826,532,1800,965,0.0625,2.00617,0.5861,23.0126
3827,63,774,772,0.4687,15.0445,0.657174,47.8505
3828,407,3800,1500,0.5764,10.3757,1.51261,38.165
3829,47,8000,997,0.6462,9.49931,-3.46842,87.8444
3830,56,1600,1100,0.1449,4.65278,10.0,54.918
3831,899,1200,1500,0.012,0.384259,0.9173,20.0
3832,25,64,84,0.6598,21.1806,-0.550964,35.8974
3833,105,505,216,0.2961,9.50495,2.09387,21.3333
3834,214,782,1200,0.4769,15.3097,1.57404,35.6994
3835,341,924,140,0.1868,5.99694,1.33534,15.566
3836,447,656,702,0.0868,2.78625,0.3941,41.0448
3837,165,767,2800,0.1762,5.65696,-0.371531,72.524
3838,893,704,331,0.1723,5.53188,1.61423,30.6667
3839,43,643,3300,0.0423,1.35649,-0.0824372,32.2034
3840,152,371,1400,0.2388,7.66696,-0.483068,54.8023
3841,19,761,547,0.6632,21.2878,0.6569,0.0
3842,50,812,968,0.4299,13.7999,1.25928,46.6292
3843,241,1200,154,0.0942,3.02315,3.5503,28.5714
3844,78,526,90,0.1681,5.39449,1.7638,48.5437
3845,9,417,494,0.586,18.8116,0.272022,50.3472
3846,146,607,164,0.1437,4.61285,1.66234,34.2105
3847,103,322,48,0.1731,5.55556,3.58229,18.6813
3848,15,1500,3600,0.2139,6.86667,4.90196,100.0
3849,91,1200,1400,0.4065,13.049,1.74825,8.3333
3850,262,193,735,0.0188,0.604491,0.294214,12.5
3851,654,773,968,0.1558,5.00216,0.954494,43.4389
3852,265,236,177,0.9962,31.9791,0.552428,51.5748
3853,167,449,950,0.1534,4.92452,1.66881,35.3535
3854,200,3800,5900,0.084,1.5117,-0.909091,77.2636
3855,1,17,5,0.3665,11.7647,5.52741,100.0
3856,24,546,1700,0.5658,18.1624,-0.446429,66.3082
3857,9,1400,7652,0.0124,0.396825,1.3412,38.7097
3858,1800,1700,6900,0.0037,0.117647,0.5471,66.6667
3859,21,719,1600,0.069,2.21538,7.19605,61.3333
3860,338,7200,2600,0.045,0.661265,0.636,33.6283
3861,2700,5100,4100,0.12,1.76471,1.91816,29.1411
3862,74,1300,1100,0.2717,8.72308,0.8626,0.0
3863,22,148,128,0.3623,11.6313,5.18596,33.3333
3864,407,3600,6800,0.0702,1.26389,-0.48844,40.1899
3865,22,109,89,0.5541,17.788,1.81455,38.0282
3866,6,69,66,0.4515,14.4928,1.72117,29.4118
3867,28,617,624,0.4269,13.7043,2.25203,34.7222
3868,106,337,321,0.6548,21.0188,3.25815,28.0702
3869,134,929,599,0.5587,17.9345,0.877098,0.0
3870,97,277,310,0.2668,8.56398,5.95924,13.4831
3871,46,246,256,0.3687,11.8338,2.7666,30.0
3872,14,635,635,0.6525,20.9449,-0.0561,32.4675
3873,201,331,147,0.252,8.08996,3.64964,24.1667
3874,94,276,1900,0.6402,20.5516,0.339574,89.6725
3875,25,152,156,0.4554,14.6199,0.368309,28.0374
3876,224,964,937,0.4068,13.059,0.320561,13.494
3877,122,540,1600,0.1968,6.31687,0.608519,22.6744
3878,49,277,194,0.3824,12.2744,0.477164,28.6765
3879,123,319,169,0.5545,17.7987,0.7022,23.4694
3880,52,3000,3808,0.0148,0.266667,1.4252,75.0
3881,104,873,1000,0.4494,14.4266,0.440141,23.8
3882,60,2500,604,0.7071,12.7275,0.766871,46.1538
3883,171,2400,3700,0.1033,1.8588,1.4795,47.1616
3884,306,784,1100,0.3658,11.7418,0.567286,23.0769
3885,12,2100,4400,0.286,5.14815,0.6607,0.0
3886,737,2100,2100,0.447,8.04626,0.5812,16.777
3887,533,1200,1400,0.2667,8.55952,1.0107,37.6835
3888,743,492,561,0.172,5.52168,1.06491,5.5118
3889,154,787,5100,0.0251,0.804744,-0.352891,55.5556
3890,69,882,2600,0.0198,0.636181,-0.560433,36.1111
3891,137,836,439,0.5489,17.6205,2.45547,61.794
3892,4,229,511,0.8162,26.2009,1.4336,92.0
3893,4,304,456,0.7737,24.8355,2.11342,72.381
3894,35,1500,1000,0.6055,19.4356,1.2987,0.0
3895,867,2500,2700,0.0406,0.731111,-0.716675,27.6596
3896,1,31,18,0.9044,29.0323,-1.08225,66.6667
3897,2851,1500,7587,0.0117,0.374074,0.541,28.5714
3898,71,220,110,0.1741,5.58824,4.9539,46.3768
3899,4500,2900,409,0.0181,0.325671,2.7907,0.0
3900,46,383,1000,0.1487,4.77227,0.521822,51.1628
3901,125,188,486,0.3655,11.7317,-1.09756,76.4286
3902,261,493,1200,0.2099,6.73879,-0.141198,31.2102
3903,71,235,921,0.4735,15.2009,-0.22509,29.1667
3904,58,483,1000,0.1455,4.66989,10.0,23.8462
3905,360,3500,1900,0.0989,1.78095,0.9844,26.943
3906,921,3000,4600,0.0563,1.01429,0.9488,39.4495
3907,136,2300,7400,0.1181,2.1256,1.1963,43.0595
3908,21,1700,7400,0.3758,12.0621,1.0179,82.7562
3909,171,3100,5700,0.0088,0.157706,-0.561377,60.6061
3910,20,1800,7400,0.16,5.13725,0.6606,54.4041
3911,5500,2000,953,0.1055,3.38696,0.999334,31.1828
3912,8,1600,6300,0.4405,14.1406,1.27389,0.0
3913,6,6100,6200,0.5222,7.67623,1.2617,43.9623
3914,1200,2500,978,0.0173,0.311111,8.76872,26.087
3915,177,534,176,0.2107,6.76238,3.03644,37.5887
3916,223,551,464,0.1165,3.74067,1.98013,46.3768
3917,46,651,948,0.4158,13.347,2.51686,33.6667
3918,313,891,7500,0.1569,5.03803,1.49009,51.6908
3919,593,2400,1600,0.0432,0.777777,7.14043,53.4483
3920,139,289,458,0.1581,5.07497,0.764494,39.3939
3921,1,219,247,1.0,42.9224,0.0814,0.0
3922,786,1100,858,0.2626,8.42929,0.5302,0.0
3923,14,361,588,0.4833,15.5125,3.50157,57.4468
3924,1400,2500,2200,0.0625,1.12444,0.726744,56.25
3925,39,408,973,0.3555,11.4107,-0.0444543,25.9259
3926,1100,2200,2400,0.3357,6.04293,2.75398,31.0734
3927,76,735,611,0.6127,19.6674,2.48803,30.6502
3928,139,1500,7300,0.0567,1.81852,1.1411,73.444
3929,47,1100,1400,0.1037,3.32828,0.8098,66.8161
3930,9,206,379,0.62,19.9029,10.0,0.0
3931,11,54,144,0.0839,2.6936,2.65957,50.0
3932,205,770,7500,0.0153,0.49062,-0.927904,46.6667
3933,128,278,889,0.4184,13.4292,1.58239,33.3333
3934,8,351,6900,0.9563,30.698,-0.922479,96.5831
3935,125,122,1400,0.6597,21.1749,-0.431138,91.6667
3936,9,818,5000,0.5391,17.3051,0.586219,69.9597
3937,40,755,195,0.138,4.42973,0.120482,24.581
3938,159,767,1364,0.4953,15.8985,0.1165,79.9087
3939,20,155,676,0.1809,5.80645,-0.561377,47.7612
3940,249,147,591,0.2943,9.44823,1.28811,36.8421
3941,17,514,1483,0.3598,11.5493,2.4349,69.7581
3942,10,80,337,0.1428,4.58333,10.0,21.4286
3943,24,259,545,0.4818,15.4655,2.9175,44.7674
3944,140,642,2200,0.2351,7.54586,0.70609,52.1277
3945,167,348,1300,0.4043,12.9789,-0.297354,19.5652
3946,19,175,352,0.239,7.67347,8.01702,30.7692
3947,5,90,340,0.4708,15.1111,1.29088,64.7059
3948,20,367,796,0.0849,2.7248,10.0,54.7619
3949,110,149,841,0.2346,7.53169,-0.469649,52.3077
3950,207,3100,1000,0.0711,1.27957,0.591716,83.2
3951,25,1200,6700,0.0552,1.77315,1.4845,54.902
3952,21,531,4600,0.1708,5.48232,0.274785,0.0
3953,982,1600,3500,0.0477,1.53214,0.7685,16.9014
3954,15,1600,7500,0.2041,6.55208,0.746,49.5069
3955,36,1300,1200,0.2234,7.17094,0.8334,76.0965
3956,479,548,854,0.0328,1.05434,1.44774,26.6667
3957,393,1300,6400,0.0039,0.123932,1.1941,53.3333
3958,18,1400,5000,0.3427,11.0,1.4985,46.2754
3959,119,1800,3000,0.0579,1.85802,3.82166,45.625
3960,117,1300,6800,0.0454,1.45726,-1.36488,59.2593
3961,11,1600,2500,0.3022,9.70139,2.58176,47.7064
3962,2,1000,1800,1.0,48.3,2.42648,92.6914
3963,583,647,725,0.0607,1.94917,3.63315,22.7273
3964,1,61,751,1.0,50.0,-1.60872,97.8947
3965,884,3600,6800,0.0751,1.35238,-0.476948,26.5306
3966,60,736,7400,0.1693,5.43478,1.28128,91.7614
3967,419,6800,821,0.1402,2.06128,1.0045,22.1519
3968,122,393,464,1.0,50.0,4.59882,37.1429
3969,128,3400,2600,0.0443,0.797794,-0.519481,77.1863
3970,319,8200,6700,0.0118,0.172764,-0.840572,57.3171
3971,210,1100,7500,0.0788,2.5303,1.92308,78.3217
3972,203,1800,7500,0.0795,2.55185,1.1169,38.2022
3973,66,642,2300,0.3278,10.5227,3.59019,50.3012
3974,436,1400,1200,0.2427,7.78969,1.38185,66.0354
3975,14,146,390,0.4542,14.5793,1.90411,42.8571
3976,60,1800,5500,0.1184,3.79938,1.2744,86.157
3977,1,121,289,1.0,50.0,0.788478,89.6104
3978,39,166,710,0.4504,14.4578,0.4383,50.0
3979,63,252,89,0.2557,8.20933,1.53941,16.9492
3980,392,787,2400,0.1135,3.64252,0.342883,21.2121
3981,12,208,254,0.5691,18.2692,10.0,33.3333
3982,68,54,78,0.3942,12.6543,-0.320856,81.5385
3983,71,654,4400,0.2038,6.54094,10.0,71.9626
3984,214,568,907,0.4537,14.5638,0.224151,68.4404
3985,40,116,72,0.2238,7.18391,10.0,35.2941
3986,748,1300,3500,0.0932,2.99145,10.0,23.8971
3987,66,2000,7000,0.1213,3.89444,1.1526,60.0
3988,305,224,146,0.1932,6.2004,-0.158028,19.3548
3989,469,742,642,0.0893,2.86763,-0.35384,61.1111
3990,6,221,2100,0.5873,18.8537,-0.39507,66.3551
3991,3,70,436,0.356,11.4286,0.261917,60.0
3992,47,1700,883,0.1702,5.46405,1.14329,63.0542
3993,39,617,1800,0.5665,18.1848,0.356312,39.4872
3994,1,10,15,1.0,50.0,1.137,75.0
3995,74,288,341,0.6045,19.4059,2.99985,42.9167
3996,178,84,272,0.6152,19.7479,0.7774,87.5
3997,1,212,120,0.9405,30.1887,-1.11282,46.875
3998,42,301,581,0.2633,8.4533,1.50425,16.129
3999,80,822,849,0.5161,16.5653,-0.595322,33.3977
4000,91,1100,2300,0.5873,18.8535,1.85587,42.7481
4001,3,408,521,0.1349,4.33007,-0.0886918,44.1176
4002,52,3500,875,0.6509,11.7161,2.31794,27.8302
4003,167,859,2500,0.2797,8.97761,10.0,29.0123
4004,3,929,493,0.7344,23.5737,0.909017,61.2245
4005,34,797,1300,0.418,13.418,0.233862,0.0
4006,48,2800,1500,0.8707,15.6726,0.721501,52.3196
4007,740,2600,501,0.0373,0.67094,2.27503,7.3171
4008,43,1200,3400,0.5597,17.9676,8.21468,83.8051
4009,46,520,1200,0.1797,5.76923,-0.0696621,88.2155
4010,109,217,308,0.1364,4.37788,10.0,66.6667
4011,56,965,7500,0.4579,14.6978,10.0,86.4769
4012,517,1600,154,0.0315,1.01042,0.8744,5.5556
4013,342,978,441,0.1177,3.77755,6.92153,28.4024
4014,62,168,522,0.238,7.63889,-0.313283,87.7049
4015,278,624,454,0.1451,4.65634,10.0,50.2262
4016,243,487,2002,0.0689,2.2131,-0.0735,84.375
4017,16500,51400,1900,0.0084,0.0656615,-0.361248,11.6788
4018,166,746,2500,0.0269,0.863867,0.190177,17.7778
4019,1100,1900,208,0.0215,0.690058,0.986193,20.0
4020,25,573,1952,0.2037,6.53779,10.0,37.5
4021,595,1200,2800,0.0524,1.68056,1.3531,62.4309
4022,50,295,1100,0.3311,10.6281,1.83175,77.4336
4023,103,117,154,0.5976,19.1833,0.801968,70.6422
4024,138,449,317,0.1858,5.96387,-0.470428,69.5876
4025,848,1500,5900,0.0108,0.348148,8.82353,76.6667
4026,579,1000,1500,0.0299,0.958824,1.4121,33.3333
4027,71,293,7500,0.3402,10.9215,0.0615208,82.8283
4028,1200,647,1200,0.0546,1.75167,0.0547196,51.6667
4029,21,592,3700,0.5426,17.4174,-0.481386,95.0083
4030,2000,5700,858,0.0571,0.839181,1.4452,0.0
4031,37,1500,3500,0.1274,4.08889,1.4941,69.6552
4032,210,1400,1900,0.2176,6.98412,1.3986,34.0
4033,1500,1300,3300,0.032,1.02564,1.46199,21.25
4034,84,232,322,0.1977,6.34579,3.32884,70.5882
4035,186,194,747,0.3417,10.9679,-0.703029,92.9348
4036,7,206,747,0.4774,15.3259,-0.173772,85.9375
4037,621,1500,801,0.0139,0.447059,0.5284,53.3333
4038,367,1800,7100,0.0041,0.132716,1.3462,16.6667
4039,608,2300,7300,0.0177,0.318841,-0.739645,72.0588
4040,26,143,114,0.2219,7.12413,2.14367,78.8462
4041,7000,41600,5000,0.0362,0.33668,1.63339,18.5484
4042,11,2500,4000,0.4,7.2,1.4881,49.7347
4043,97,988,2700,0.161,5.16757,-0.218182,93.6364
4044,1800,1000,2300,0.0296,0.95,0.444642,3.1746
4045,597,904,1300,0.1648,5.29021,0.821828,28.2178
4046,1600,3700,7300,0.0834,1.5015,0.484496,41.9263
4047,22,232,1700,0.6319,20.284,-1.94625,91.4286
4048,5,186,201,0.6197,19.8925,0.200053,25.8824
4049,37,148,456,0.2865,9.1967,1.28634,78.6408
4050,5,33,63,0.8874,28.4848,-1.02041,87.0968
4051,9,222,686,0.3305,10.6106,0.8525,69.2982
4052,1200,1700,584,0.0633,2.03268,1.09012,46.7391
4053,22,280,332,0.2363,7.58403,0.4606,52.0548
4054,101,400,446,0.1436,4.61111,2.40642,24.6154
4055,18,137,419,1.0,35.8881,-0.258476,87.5556
4056,37,192,303,0.5354,17.1875,10.0,68.0412
4057,902,1700,1100,0.0178,0.571895,3.82653,50.9091
4058,25,554,7500,0.1595,5.11979,-1.10272,91.2791
4059,8,1300,1200,0.5,16.0513,1.429,19.202
4060,1400,24900,1000,0.0277,0.298751,1.95802,27.3438
4061,1600,5000,644,0.0341,0.614118,7.47508,22.973
4062,415,1500,7200,0.0285,0.914815,1.3462,93.3824
4063,92,503,526,0.2209,7.09079,-0.107797,72.2008
4064,35,1200,4600,0.4384,14.0741,1.64294,54.2857
4065,426,1900,5600,0.0158,0.505848,-0.882353,31.25
4066,248,1300,4000,0.0392,1.25792,0.9126,39.0
4067,425,716,3900,0.0822,2.63811,-0.565875,39.6226
4068,192,1400,3200,0.1948,6.25397,-1.20482,67.2444
4069,33,644,4400,0.5165,16.5804,-0.418928,93.3486
4070,66,1300,3000,0.1484,4.76496,-1.30662,79.1738
4071,109,480,462,0.0685,2.19907,2.29085,52.3256
4072,46,629,635,0.7336,23.5471,0.265539,30.7463
4073,1,106,304,1.0,50.0,-0.340832,94.4444
4074,519,1900,719,0.0171,0.549707,2.07612,0.0
4075,8,927,7300,1.0,32.9558,-0.558308,94.7649
4076,715,665,43,0.2727,8.75522,0.534759,25.3623
4077,938,2800,3500,0.0525,0.944444,4.81283,16.2791
4078,582,2400,2008,0.1003,1.80556,1.3904,0.0
4079,2300,2000,4200,0.0029,0.0944444,1.3559,46.6667
4080,483,448,195,0.0382,1.22768,-0.547645,48.8889
4081,477,217,311,0.1507,4.83871,-0.0814288,34.5455
4082,11000,15000,599,0.1647,1.77882,2.24245,19.1996
4083,27,1600,5600,0.1241,3.98264,1.329,43.3824
4084,12,387,3200,0.1603,5.14643,10.0,80.1802
4085,1300,1400,5000,0.0867,2.78367,1.35747,20.9524
4086,194,170,228,0.115,3.69281,10.0,78.125
4087,5,711,7048,1.0,49.8453,-0.1005,95.7237
4088,717,796,842,0.0431,1.38191,3.83162,19.2982
4089,6,143,448,0.4321,13.8695,0.796284,52.8302
4090,192,2600,6100,0.0679,1.22222,-0.673401,80.2395
4091,1500,1400,668,0.0286,0.916667,1.4656,37.9747
4092,141,2800,7500,0.0287,0.515873,10.0,61.194
4093,1800,15400,6200,0.0103,0.111472,0.232198,0.0
4094,169,121,392,0.4363,14.0037,0.778978,50.5495
4095,338,6400,1800,0.1701,2.50045,0.87822,26.6667
4096,149,1500,4700,0.2473,7.93726,0.6772,27.6074
4097,62,821,4800,0.2363,7.5856,-0.624103,61.6822
4098,1100,2500,7400,0.0079,0.142222,0.9194,23.3333
4099,233,578,799,0.38,12.1972,0.320102,30.4965
4100,101,754,1100,0.6099,19.5771,0.170378,29.5455
4101,1100,2000,71,0.0402,1.29167,5.84795,5.8824
4102,81,1000,877,0.3253,10.4412,-5.0,39.03
4103,160,1000,4400,0.041,1.31667,-1.66297,96.2406
4104,24,58,285,0.4834,15.5172,-0.905159,84.0
4105,82,579,4400,0.3533,11.3414,-0.640244,90.7298
4106,135,590,709,0.0681,2.18456,0.436627,61.1111
4107,5,504,395,0.4685,15.0397,0.716621,35.8974
4108,2,603,2300,0.5554,17.8275,0.124431,89.2617
4109,1,56,126,1.0,42.8571,0.673401,0.0
4110,440,2700,7300,0.0065,0.117284,-0.641574,25.0
4111,348,2500,7500,0.0062,0.111111,-0.682749,45.1613
4112,30,408,932,0.0594,1.90632,-0.225588,48.2759
4113,12,59,311,0.2464,7.9096,0.31348,70.3704
4114,60,252,1100,0.4883,15.6746,-0.36252,85.0694
4115,1600,361,575,0.1529,4.9092,1.55058,27.7778
4116,1,152,333,1.0,48.6842,-0.122549,86.6667
4117,43,52,62,0.2663,8.54701,0.363108,14.2857
4118,17,900,4243,0.1553,4.98519,0.5025,63.6364
4119,4600,3500,3200,0.0407,0.733333,0.8609,0.0
4120,1,430,663,0.9346,30.0,2.4892,0.0
4121,1100,2200,2700,0.3565,6.41667,-0.846979,56.1425
4122,167,3400,3300,0.3647,6.56373,1.3781,22.664
4123,44,524,948,0.5298,17.0059,3.04313,30.6122
4124,41,1500,5700,0.237,7.60833,1.39147,74.5614
4125,183,702,2000,0.4106,13.1814,1.33143,25.5708
4126,27,511,445,0.6682,21.4481,1.02199,44.7619
4127,169,317,324,0.4903,15.7378,-0.2252,47.7679
4128,16,228,2300,0.6601,21.1897,-0.620091,97.0297
4129,663,3200,1100,0.4071,7.32721,0.576037,52.4779
4130,1,88,65,0.5664,18.1818,0.420286,33.3333
4131,4,130,167,0.3055,9.80769,-0.542741,48.2759
4132,11,1000,5900,0.3951,12.6818,0.757576,90.5036
4133,3900,1700,7500,0.0132,0.424837,1.0398,0.0
4134,38,1000,2700,0.3029,9.72222,0.896,35.1097
4135,768,352,1700,0.3201,10.2746,-0.2501,21.0526
4136,137,230,725,0.4765,15.2941,0.244738,35.2518
4137,145,499,1400,0.6326,20.3073,1.56042,61.2648
4138,242,815,2100,0.3567,11.4488,-0.280844,35.034
4139,571,2100,4,0.0923,1.66138,0.882353,25.0
4140,261,306,126,0.1103,3.5403,1.52886,68.1818
4141,178,219,74,0.0914,2.93542,0.829715,50.0
4142,185,3200,4800,0.3291,5.92361,-0.547645,74.077
4143,4300,974,950,0.0627,2.01346,0.646365,23.0769
4144,995,1300,1300,0.0061,0.196581,0.5404,20.0
4145,932,1800,2000,0.0402,1.29012,1.2156,0.0
4146,2300,1700,326,0.0146,0.467321,0.8375,33.3333
4147,74,233,427,0.2273,7.29613,4.08428,51.4085
4148,18,622,7500,0.611,19.6142,-0.593807,0.0
4149,337,1900,6800,0.2954,9.48246,2.08841,50.8909
4150,289,245,241,0.1257,4.03628,2.26372,60.3774
4151,324,1000,783,0.6144,19.7235,0.934288,18.1172
4152,64,303,27,0.1165,3.74037,-0.462098,48.913
4153,10,507,7200,1.0,50.0,-0.72314,98.447
4154,13,335,116,0.0851,2.73249,-0.215843,50.0
4155,456,794,259,0.0845,2.71151,1.9112,20.4724
4156,1200,6200,65,0.1106,1.62627,5.11696,10.0
4157,28,3400,5900,0.2311,4.16013,-1.0101,76.1939
4158,279,1100,3400,0.3479,11.1667,1.4111,22.2846
4159,227,743,255,0.2073,6.65471,2.15923,53.8462
4160,216,247,896,0.3174,10.1889,-0.631549,87.9479
4161,5800,11000,6600,0.0277,0.29899,-0.309661,15.2174
4162,734,241,1400,0.0618,1.98248,-0.887534,62.5
4163,90,589,889,0.8066,25.8913,1.69278,0.0
4164,617,1100,992,0.3219,10.3333,1.334,18.4579
4165,249,982,959,0.3431,11.0149,1.07352,35.7968
4166,8,463,868,0.6308,20.2484,0.525253,0.0
4167,313,1500,1000,0.3686,11.8333,1.26796,23.4767
4168,228,476,389,0.4458,14.3091,0.153155,25.6506
4169,416,7700,2800,0.2596,3.81602,0.966962,10.1224
4170,295,1400,1900,0.2784,8.93651,1.37363,20.8219
4171,721,136,531,0.1782,5.71895,3.92835,44.0
4172,83,790,375,0.1604,5.14768,6.51092,44.3137
4173,1400,1600,3600,0.0128,0.409722,0.559,35.4839
4174,293,853,1300,0.3524,11.313,0.52007,27.9022
4175,3200,668,1500,0.2373,7.6181,0.428021,0.0
4176,1100,495,2000,0.0441,1.41414,0.734394,61.2903
4177,634,1000,1600,0.1,3.21111,1.3894,10.6742
4178,5,1100,5200,0.8819,28.3091,0.9642,92.1751
4179,22,1200,4300,0.2892,9.28241,0.6349,28.7281
4180,81,228,376,0.1753,5.62865,-0.158103,64.4231
4181,260,278,2600,0.4096,13.1495,1.2216,71.8045
4182,2400,2400,1500,0.2548,4.58565,2.49169,34.8052
4183,29,489,2100,0.2662,8.54351,-0.402439,88.8252
4184,45,1600,7100,0.2279,7.31597,1.204,55.0532
4185,18,1100,1200,0.0557,1.78788,1.0963,75.4286
4186,548,1900,3800,0.1138,3.65205,0.998004,18.4652
4187,4100,12700,4900,0.0192,0.207199,-0.545256,64.4013
4188,1200,13900,123,0.0603,0.651479,4.65241,17.9487
4189,21,314,253,0.3249,10.4299,0.858896,34.0136
4190,634,2900,3700,0.2348,4.22571,5.75027,24.2424
4191,119,352,304,0.3565,11.4448,-5.0,27.5168
4192,345,5800,891,0.2598,3.81897,-0.308166,35.2505
4193,155,338,971,0.2696,8.65384,1.25066,15.4639
4194,574,1100,2700,0.1537,4.93434,0.7658,0.0
4195,4500,2000,5200,0.0187,0.6,0.912686,13.5135
4196,1800,1400,3800,0.0158,0.507936,1.3832,24.3902
4197,551,851,2700,0.229,7.35083,0.675087,22.1854
4198,604,571,1100,0.1367,4.38801,0.8968,71.7842
4199,47,428,1200,0.7525,24.1563,1.72053,32.6087
4200,22,105,50,0.5637,18.0952,0.534759,47.8873
4201,618,856,602,0.2531,8.12565,0.756762,7.9268
4202,472,309,534,0.5511,17.6915,0.118448,26.6667
4203,512,1700,112,0.0451,1.44771,10.0,14.7287
4204,235,1000,4300,0.0305,0.977778,0.5889,89.8876
4205,61,206,667,0.2378,7.63215,0.748223,54.5455
4206,1500,1100,4700,0.1254,4.02525,1.80723,27.6923
4207,176,893,6400,0.4456,14.3026,0.316376,89.4948
4208,60,1200,700,0.1235,3.96296,1.6835,24.9071
4209,98,152,168,0.2323,7.45614,-0.2405,50.7246
4210,537,762,925,0.1995,6.4042,1.253,0.0
4211,44,199,30,0.24,7.70519,2.30174,77.027
4212,1251,2100,150,0.0857,1.54233,1.9139,22.4138
4213,84,763,2300,0.1313,4.21582,1.30601,28.4916
4214,17,192,385,0.4839,15.5331,-0.745342,86.692
4215,116,396,1800,0.4934,15.839,2.41923,42.7273
4216,391,1200,5200,0.2747,8.81945,1.73712,37.8968
4217,1,71,382,1.0,50.0,2.10337,92.5
4218,107,1000,989,0.63,20.2222,0.134701,24.4168
4219,23,268,443,0.4127,13.2463,0.603318,31.6667
4220,111,1400,409,0.606,19.4538,-1.26582,67.7472
4221,521,11800,3100,1.0,11.6996,0.829646,97.6824
4222,67,935,531,0.8815,28.2947,0.188114,19.5699
4223,2500,259,1800,0.008,0.2574,3.00811,0.0
4224,90,210,243,0.4459,14.3122,2.64971,32.1739
4225,6,399,5700,0.6103,19.5906,-0.144439,89.1051
4226,22,947,474,0.3403,10.9234,-0.16643,61.4306
4227,702,660,1600,0.097,3.11448,1.43156,12.1951
4228,16,73,1,1.0,50.0,-1.37258,46.875
4229,3,340,526,0.7788,25.0,0.108241,0.0
4230,4,160,229,0.3067,9.84375,0.582977,20.5128
4231,2,68,158,0.6414,20.5882,-1.24533,50.0
4232,307,361,766,0.5223,16.7671,-0.47385,21.6495
4233,87,508,562,0.2218,7.11942,0.7645,51.341
4234,510,5200,6952,0.0147,0.215812,6.54,34.2105
4235,311,307,175,0.4082,13.1017,3.25137,6.8493
4236,19,2300,7500,0.4642,8.35507,1.3298,43.4626
4237,15,85,356,0.2859,9.17647,-1.18444,88.2353
4238,38,81,157,0.2692,8.64198,1.229,64.4444
4239,447,854,2200,0.031,0.995316,0.23027,11.5942
4240,80,344,995,0.5217,16.7474,-0.104464,94.6844
4241,793,2200,7500,0.0854,1.53788,1.0707,44.0329
4242,238,302,1200,0.074,2.37631,2.07927,68.0851
4243,833,2700,2000,0.2091,3.76337,0.695088,45.974
4244,42,265,735,0.1163,3.73166,0.209458,74.3243
4245,81,827,3747,0.1095,3.51337,-0.1294,32.6531
4246,1,245,882,0.7884,25.3061,-0.437275,70.3704
4247,28,1400,6100,0.2056,6.59921,1.40713,65.3481
4248,179,1900,3300,0.1392,4.4675,2.07612,20.1613
4249,29,377,1800,0.1717,5.51135,-0.606061,66.8712
4250,186,427,2600,0.2067,6.63544,1.0067,51.6129
4251,57,143,613,0.3328,10.6838,-0.494743,49.4505
4252,35,393,2000,0.4672,14.9986,-0.453913,71.5
4253,58,394,213,0.2003,6.42978,3.06424,33.5938
4254,8,428,801,0.4258,13.6682,-0.590203,59.3607
4255,58,594,2763,0.0759,2.43613,0.7811,67.8161
4256,242,232,448,0.044,1.41283,0.320924,28.5714
4257,85,295,873,0.1678,5.38606,-0.187586,40.2062
4258,3,53,175,0.2351,7.54717,0.726216,44.4444
4259,5,220,968,0.3059,9.81819,-0.805153,61.0169
4260,30,512,3300,0.1075,3.45052,-0.595113,71.1864
4261,62,1000,3500,0.1585,5.08889,-1.69396,93.2249
4262,127,386,798,0.317,10.1756,-0.781178,67.0732
4263,17,704,5700,0.1567,5.03008,-0.712758,60.3376
4264,237,321,1300,0.2464,7.90931,2.68583,28.7356
4265,71,341,895,0.7506,24.0958,1.31504,0.0
4266,3,216,274,1.0,33.7963,1.06952,69.3182
4267,8,264,284,0.3092,9.92424,2.72073,28.3333
4268,19,59,253,0.2829,9.07991,10.0,52.0
4269,46,887,759,0.289,9.27596,0.0804,35.905
4270,6,55,58,0.3965,12.7273,1.04263,45.0
4271,110,259,1700,0.2098,6.73404,0.493097,63.4328
4272,26,400,888,0.2163,6.94444,0.323849,41.2791
4273,42,756,2900,0.402,12.9028,1.1451,57.7689
4274,2,203,716,1.0,37.4384,3.13392,0.0
4275,47,391,326,0.6781,21.7676,-0.753012,0.0
4276,412,430,638,0.4733,15.1938,-0.123722,34.4262
4277,8,729,605,0.7265,23.3196,1.30227,37.7095
4278,54,1700,4300,0.4287,13.7614,-1.00402,96.9897
4279,114,322,1700,0.144,4.62388,-2.27449,69.1667
4280,9,858,1900,0.7207,23.1352,2.47661,65.7371
4281,17,1200,5400,0.2566,8.23611,1.75953,60.4096
4282,344,482,593,0.1386,4.44905,-0.147852,70.8543
4283,4100,1400,1800,0.0096,0.309524,1.0272,87.7193
4284,67,491,1800,0.1733,5.56263,0.862198,27.7778
4285,1500,2300,1200,0.0758,1.36473,0.783699,52.5896
4286,7,566,2800,0.342,10.9793,-1.17869,87.1921
4287,1000,1300,208,0.1649,5.29487,1.4881,25.2874
4288,73,303,837,0.7654,24.5691,0.179641,83.0846
4289,11,737,3400,0.3247,10.4231,-0.657508,80.8184
4290,55,221,1200,0.2459,7.89341,0.0816549,74.1667
4291,22,262,144,0.3594,11.5352,-0.137741,69.6335
4292,64,335,1912,0.3689,11.8408,0.2158,75.9124
4293,36,994,5700,0.1999,6.41628,-0.108434,53.9171
4294,31,85,1000,0.1364,4.37909,1.2716,41.1765
4295,30,444,79,0.1614,5.18018,1.81116,58.7571
4296,2500,4600,1500,0.1218,2.19182,1.66113,19.0153
4297,3900,33300,259,0.1761,1.6378,10.0,21.4529
4298,11,581,2500,0.4491,14.4148,0.711253,74.3478
4299,18,67,586,0.1111,3.56551,0.5659,100.0
4300,104,1400,6200,0.2242,7.19841,0.9771,91.0323
4301,2200,3800,2000,0.1077,1.93808,1.3292,20.2206
4302,24,416,690,0.2946,9.45513,1.18405,29.4118
4303,2,1000,5800,0.2648,8.5,0.128951,68.6957
4304,111,226,3502,0.8347,26.7945,10.0,89.8219
4305,421,4100,4900,0.1097,1.97425,0.991,81.1189
4306,77,7400,6200,0.0926,1.36111,-0.721501,83.2335
4307,45,2200,7100,0.0316,0.568182,10.0,81.25
4308,42,152,33,0.4682,15.0304,10.0,71.4286
4309,394,646,167,0.0745,2.39078,5.36673,22.3301
4310,172,602,7400,0.0204,0.655223,-2.0806,50.0
4311,22,1100,7400,0.1702,5.46465,1.77515,79.3537
4312,1500,13500,108,0.2383,2.57407,2.71493,19.4861
4313,30,407,2058,0.1471,4.7229,0.7351,75.0
4314,6,94,192,0.3314,10.6383,1.67108,67.8571
4315,19,602,1500,0.5586,17.9298,3.02595,51.2329
4316,4,45,287,0.45,14.4444,0.408274,55.5556
4317,49,137,249,0.3209,10.3001,-1.14155,78.7879
4318,32,185,155,0.3003,9.63964,-1.07928,80.3279
4319,2,78,223,1.0,35.8974,2.37154,81.8182
4320,484,5200,951,0.5885,8.65045,0.697674,49.848
4321,174,874,1100,0.0378,1.21409,0.437024,32.5
4322,187,370,288,0.5838,18.7388,-0.240964,0.0
4323,149,141,755,0.5487,17.6123,-0.492611,76.5306
4324,2,912,432,0.8147,26.1513,1.0691,0.0
4325,90,203,609,0.1824,5.8566,2.69139,65.0
4326,100,2900,543,0.6945,12.501,1.462,39.8271
4327,61,627,5300,0.4662,14.9655,0.266398,83.2891
4328,21,1700,1300,0.2325,7.46274,1.12275,59.761
4329,83,2600,5200,0.323,5.8141,1.1462,34.2593
4330,666,1100,3100,0.059,1.89394,0.6844,18.1818
4331,51,913,2700,0.1126,3.61446,0.772636,33.6957
4332,3,626,4200,0.8642,27.7423,-0.831486,92.4092
4333,19,2200,3000,0.3843,6.91667,0.860585,43.8819
4334,36,751,3400,0.2486,7.98047,1.88696,43.956
4335,63,1500,4312,0.1421,4.56296,1.0213,50.0
4336,1,201,1268,0.8214,26.3682,0.3648,58.4906
4337,54,752,2900,0.3549,11.3918,3.44477,46.3504
4338,344,1400,2600,0.2699,8.66387,1.38185,54.2673
4339,505,1700,7453,0.0374,1.19935,1.4104,61.9048
4340,28,1200,4400,0.2503,8.03333,1.67317,41.9271
4341,278,1000,5700,0.2212,7.1,0.7,62.9353
4342,28,2900,7100,0.2386,4.29502,0.65331,43.9799
4343,79,3300,6700,0.0168,0.30303,3.15126,0.0
4344,141,1400,1100,0.448,14.381,0.5971,15.0552
4345,9,1200,1400,0.7792,25.0119,1.69396,0.0
4346,88,1900,5600,0.077,2.47076,2.13904,37.6068
4347,85,2500,2100,0.7391,13.304,0.771605,18.5014
4348,30,1000,7000,0.2333,7.48889,-1.67317,90.4762
4349,507,680,2000,0.0277,0.890523,0.157095,40.0
4350,117,1100,2300,0.1913,6.14142,0.5141,65.7658
4351,6,1600,2600,0.307,9.85417,-1.13852,0.0
4352,137,935,1100,0.139,4.46052,-1.24204,0.0
4353,7,171,871,0.9291,29.8246,1.97247,100.0
4354,12,431,2200,0.2065,6.6291,2.46677,78.9474
4355,20,720,5900,0.1858,5.96451,-1.0668,80.5699
4356,29,1800,937,0.3564,11.441,5.52995,47.6132
4357,10,1800,1600,0.2319,7.44444,1.10988,0.0
4358,84,1700,6700,0.1024,3.28758,1.3994,0.0
4359,168,16400,684,0.0884,0.954472,-0.34109,99.3243
4360,4,2300,997,0.5374,9.67392,0.879765,57.362
4361,44,1600,3400,0.2807,9.01042,4.43787,45.1765
4362,264,113,2500,0.4595,14.7493,0.524476,52.1739
4363,21,2500,6800,0.45,8.1,2.69139,44.186
4364,43,61,40,0.1153,3.70023,2.2742,82.9268
4365,505,504,1800,0.03,0.963719,-0.379158,81.8182
4366,196,319,152,0.3711,11.9122,0.0558223,87.2146
4367,17,846,172,0.4407,14.145,-0.598967,57.6923
4368,38,294,698,0.4533,14.5503,0.702456,27.6119
4369,291,631,777,0.5694,18.2779,-2.20309,59.543
4370,12,44,234,1.0,38.0682,-2.74725,82.4324
4371,121,492,1900,0.3732,11.9783,1.24224,64.1834
4372,1500,1000,7000,0.1653,5.30556,1.0259,53.3762
4373,79,354,572,0.4737,15.2072,2.46248,26.9231
4374,9,85,430,0.178,5.71429,0.6494,47.3684
4375,2,68,382,0.8246,26.4706,0.824176,90.3226
4376,8,78,116,0.3652,11.7216,0.982801,42.8571
4377,253,269,1100,0.1716,5.50862,1.86289,0.0
4378,201,2700,1834,0.2356,4.24074,0.7284,29.4239
4379,956,3100,3000,0.0462,0.831541,1.427,25.0
4380,618,11500,7500,0.4547,4.91111,0.469925,0.0
4381,402,1300,5500,0.0049,0.15812,0.7561,35.7143
4382,169,1700,7200,0.0057,0.183007,1.1853,79.1667
4383,12,987,7500,0.6202,19.9088,-0.236364,90.8266
4384,315,552,3500,0.0401,1.28825,-0.61703,39.5833
4385,37,1500,5000,0.0917,2.9451,1.2987,74.4681
4386,893,4200,4000,0.0089,0.160053,-1.25,50.0
4387,14,38,115,1.0,48.2456,-3.01075,90.0
4388,25,325,1200,0.5112,16.4103,-0.360137,70.4918
4389,170,1300,1900,0.0252,0.807692,0.97,39.6226
4390,4,135,475,0.4038,12.963,6.15793,83.3333
4391,231,763,648,0.5671,18.203,1.57038,47.0588
4392,51,98,18,1.0,50.0,3.01205,68.4932
4393,68,100,117,0.2613,8.38889,2.42066,57.6923
4394,32,141,1700,0.5705,18.3146,-1.63234,93.4884
4395,39,70,318,0.3091,9.92064,-0.761035,88.8889
4396,6,752,3600,0.5496,17.6418,-2.03675,61.7143
4397,352,10100,4800,0.5519,5.96039,-0.737327,98.8423
4398,43,96,372,0.2939,9.43287,0.9125,84.9315
4399,2,340,2500,0.3436,11.0294,-1.28443,77.9661
4400,89,52,91,0.1231,3.95299,-0.712251,78.5714
4401,208,273,120,0.8014,25.7248,0.887574,44.385
4402,44,89,209,0.1575,5.05618,4.24152,34.6154
4403,423,4800,344,0.047,0.846064,-0.710059,21.7054
4404,442,416,560,0.2584,8.29327,1.19048,19.3277
4405,124,605,388,0.6568,21.0836,0.493903,27.6961
4406,71,1000,1400,0.6078,19.5111,0.7562,28.5903
4407,82,724,4100,0.0112,0.360651,0.0249963,76.0
4408,183,576,604,0.3413,10.9568,1.4355,25.8333
4409,2,126,301,1.0,38.8889,-0.143164,53.4483
4410,42,21,3,1.0,50.0,-0.8069,90.0
4411,333,308,718,0.2276,7.30519,1.3655,54.2484
4412,320,474,4600,0.7858,25.2227,0.0391512,84.778
4413,29,820,753,0.1854,5.95274,0.878193,28.125
4414,1,81,348,1.0,50.0,0.227273,90.3846
4415,279,21,32,0.0494,1.5873,-2.20588,0.0
4416,2,268,389,0.8369,26.8657,-0.133869,62.5
4417,4,142,535,1.0,50.0,-0.963855,75.3012
4418,18,128,59,0.1878,6.02679,0.144037,56.0976
4419,19,191,313,0.3784,12.1466,0.814581,57.8313
4420,212,1400,7500,0.0236,0.757936,0.9547,60.5634
4421,186,660,404,0.6621,21.2525,-0.215139,50.411
4422,131,715,269,0.5347,17.1639,0.791487,41.9214
4423,34,1100,855,0.075,2.40642,0.5097,44.5946
4424,70,14400,595,0.6328,6.83411,3.7515,33.8643
4425,1600,4300,2400,0.1026,1.84625,0.45208,17.3116
4426,144,1300,7500,0.1499,4.81196,1.57233,22.5962
4427,53,778,2900,1.0,50.0,0.385475,41.8182
4428,113,4900,5600,0.2919,5.25397,-1.79211,53.6113
4429,4,57,94,1.0,42.5439,-1.96482,75.9259
4430,5,80,16,0.5646,18.125,10.0,53.3333
4431,7,79,480,1.0,37.613,-0.865738,84.6154
4432,27,231,234,0.6867,22.0446,4.58865,0.0
4433,2,632,1300,1.0,47.6266,0.842866,70.8333
4434,23,321,332,0.0793,2.54413,0.829138,64.3836
4435,10,51,40,1.0,39.6078,1.12952,98.7013
4436,8,105,102,1.0,34.1497,0.6708,0.0
4437,46,185,545,0.4275,13.7237,2.84091,56.1538
4438,31,1000,985,0.2423,7.77692,-1.65289,0.0
4439,83,331,387,0.4559,14.6358,-0.1092,50.0
4440,13,1900,3100,0.1206,3.87045,-0.898204,95.122
4441,25,837,468,0.3932,12.6221,0.3996,36.1371
4442,766,170,168,0.1802,5.78432,0.630782,15.5556
4443,6,240,489,1.0,34.25,0.945477,34.0426
4444,103,996,3500,0.06,1.92535,1.22624,50.0
4445,166,451,643,0.5541,17.7876,-0.578243,25.8555
4446,49,146,371,0.2904,9.32268,0.640861,0.0
4447,14,145,721,0.7681,24.6552,0.386465,86.722
4448,13,413,582,0.4218,13.5407,0.176746,12.069
4449,61,156,1500,0.264,8.47578,1.61377,64.2857
4450,17,264,716,1.0,50.0,0.641711,94.6576
4451,79,1800,6600,0.1252,4.01852,-0.951173,46.1149
4452,1,156,291,1.0,50.0,0.117302,90.7801
4453,27,183,287,0.1812,5.81807,2.37127,49.0196
4454,108,472,547,0.1056,3.38983,-0.147427,83.3333
4455,179,136,93,0.2049,6.5768,-0.128811,34.8837
4456,281,3100,1800,0.0939,1.68997,1.0428,33.6585
4457,25,695,1700,0.1776,5.69944,1.31874,43.0189
4458,135,421,437,0.4448,14.2782,7.7093,29.6774
4459,3,150,320,0.2804,9.0,0.2399,0.0
4460,159,253,503,0.5158,16.5569,0.8736,70.2055
4461,35,419,2000,0.1404,4.50809,0.349666,56.9343
4462,1,51,284,1.0,50.0,0.359281,83.3333
4463,23,90,452,0.6307,20.2469,-1.12952,62.5
4464,1,64,88,0.2921,9.375,8.02139,66.6667
4465,29,1000,3600,0.3376,10.8385,0.613045,43.3803
4466,4,130,109,0.647,20.7692,2.16808,32.5581
4467,2,54,294,0.2885,9.25926,1.44578,42.8571
4468,50,430,4100,0.0914,2.93282,0.42517,61.1111
4469,26,178,349,0.6184,19.8502,0.730994,44.6281
4470,12,448,518,0.1334,4.28166,0.375021,23.0769
4471,30,159,960,0.3037,9.74843,-0.332668,63.1068
4472,18,273,537,0.1566,5.02646,0.691324,13.5593
4473,84,192,931,0.1704,5.46875,-0.453227,76.0417
4474,169,896,3500,0.1095,3.51563,-0.05959,87.8683
4475,15,167,527,0.1389,4.45775,10.0,30.303
4476,1,937,7400,0.0565,1.8143,-0.893975,64.7059
4477,11,142,1035,0.5293,16.9894,-0.7197,85.1064
4478,2,126,191,0.0989,3.1746,0.1429,16.6667
4479,110,135,220,0.2718,8.72428,2.38675,33.9286
4480,7,97,232,0.2248,7.2165,0.98219,23.0769
4481,1,90,149,0.3461,11.1111,7.2979,57.1429
4482,19,828,1200,0.1708,5.48123,0.473133,31.6206
4483,19,247,757,0.4281,13.7427,3.10211,63.7168
4484,32,363,823,0.3228,10.3612,2.67187,49.7268
4485,35,230,1700,0.1655,5.31401,1.71086,48.6111
4486,12,277,965,0.0787,2.52708,-0.933998,37.1429
4487,41,168,958,0.6356,20.4034,0.107569,93.7063
4488,4,295,494,0.1954,6.27119,1.07283,17.2414
4489,187,359,884,0.2044,6.56144,2.73978,69.1824
4490,19,223,441,0.2803,8.99851,3.92657,50.0
4491,3,316,1400,0.746,23.9451,-0.709827,67.8571
4492,7,173,1100,0.2778,8.91825,0.105708,77.0833
4493,14,439,1400,0.22,7.0615,0.732443,61.7347
4494,23,1100,1025,0.3325,10.6738,1.7857,35.7447
4495,8,45,451,0.3634,11.6667,1.4522,64.7059
4496,16,1200,7500,0.3425,10.9931,0.9772,74.4318
4497,34,815,1800,0.4806,15.426,0.738587,18.1818
4498,62,132,879,0.2662,8.54377,-1.14664,81.9048
4499,66,1500,5900,0.1625,5.21481,0.7282,87.7462
4500,48,591,689,0.1908,6.12521,7.04225,18.2927
4501,71,167,2236,0.2435,7.8177,-0.317,68.2927
4502,13,172,484,0.613,19.678,-0.798403,25.1969
4503,16,253,1500,0.4671,14.9934,0.67473,75.9615
4504,48,2000,7400,0.0263,0.844444,1.2667,84.0909
4505,53,658,1000,0.4356,13.9818,0.537361,63.8462
4506,4,69,114,1.0,39.1304,0.7552,0.0
4507,118,439,594,0.9284,29.8026,-0.325402,38.6091
4508,1,147,174,0.1695,5.44218,2.88074,60.0
4509,51,971,737,0.7049,22.6284,2.46112,43.5331
4510,2,186,180,0.201,6.45161,0.715356,25.0
4511,147,1200,1082,0.4121,13.2269,1.0983,38.3361
4512,845,4600,1930,0.2114,3.80563,0.6809,22.8571
4513,422,902,219,0.0578,1.8539,-0.652541,81.2081
4514,227,1300,989,0.4425,14.2051,1.4881,12.4711
4515,50,1100,795,0.2263,7.26263,4.04063,32.1337
4516,732,974,1100,0.2145,6.88455,0.355273,21.1356
4517,186,938,744,0.3587,11.5139,0.343249,26.1905
4518,693,1800,2700,0.0624,2.00309,1.1984,11.3333
4519,23,262,681,0.1982,6.36133,0.288892,52.8302
4520,24,191,266,0.8799,28.2432,2.11372,0.0
4521,28,905,3400,0.2257,7.24371,-0.475477,67.8707
4522,47,392,806,0.694,22.2789,1.3986,66.4762
4523,73,364,464,0.6766,21.7195,1.66238,54.2135
4524,29,464,490,0.8599,27.6028,1.68464,0.0
4525,5,228,1100,0.6661,21.3816,10.0,78.125
4526,3000,964,5600,0.0095,0.30544,0.200159,25.0
4527,41,816,4000,1.0,32.9521,-0.306681,82.0768
4528,46,628,642,0.3653,11.7255,0.0584431,26.9406
4529,27,325,2000,0.529,16.9808,-0.492917,57.4468
4530,352,1300,5800,0.361,11.5897,1.1705,33.4746
4531,60,627,3500,0.1899,6.09605,0.268033,74.6835
4532,102,364,916,0.7289,23.3974,0.669344,25.4237
4533,12,41,235,1.0,47.9675,1.40143,89.3617
4534,124,493,629,0.3837,12.3169,1.67293,26.4706
4535,18,918,2100,0.4021,12.9085,1.03146,56.7857
4536,217,1800,1200,0.4627,14.8524,2.24551,25.0248
4537,5,420,1200,0.5118,16.4286,-0.469731,56.8627
4538,48,1400,1100,0.5823,18.6905,4.95868,73.6492
4539,43,1100,583,0.5891,18.9091,1.4136,28.1619
4540,57,610,1200,0.4454,14.2987,-0.410413,39.6501
4541,10,184,444,0.8736,28.0435,-0.298934,55.0802
4542,367,671,451,0.581,18.6502,1.49102,26.8844
4543,234,432,718,0.4399,14.1204,2.89348,38.2022
4544,497,148,299,0.3871,12.4249,2.74123,23.2143
4545,303,1300,1900,0.0485,1.55556,-3.30882,58.4158
4546,149,1600,7400,0.1047,3.36111,1.162,72.8311
4547,47,2200,2900,0.8751,15.7525,1.3511,46.2676
4548,10,1400,6800,0.0721,2.31429,10.0,65.3061
4549,2,196,313,1.0,45.1531,0.279234,62.8319
4550,30,373,527,0.4723,15.1623,0.0986128,24.0
4551,450,882,1000,0.0755,2.42504,-0.140607,72.9064
4552,24,722,2400,0.5644,18.1181,4.11852,33.8983
4553,191,411,886,0.4945,15.8723,1.32121,48.265
4554,318,1600,1800,0.1878,6.02778,2.67857,36.7127
4555,41,485,237,0.4336,13.9175,2.35909,25.7951
4556,212,2100,1100,0.3055,5.4986,10.0,16.5468
4557,23,703,360,0.387,12.4229,0.0512527,23.4234
4558,39,320,291,0.324,10.3993,0.435667,0.0
4559,39,579,459,0.6099,19.5774,1.08574,41.3636
4560,1,151,160,0.7015,22.5166,0.245539,68.9655
4561,66,338,585,0.5074,16.2886,10.0,31.25
4562,21,300,687,0.3577,11.4815,1.32275,75.2033
4563,179,3100,4000,0.4266,7.67921,1.26156,99.0807
4564,1,297,661,0.3461,11.1111,7.30308,62.8571
4565,1,260,1100,0.8986,28.8462,1.63726,35.6164
4566,116,766,959,0.1656,5.31622,0.2859,30.2469
4567,82,1100,245,0.3,9.63069,1.79641,46.8514
4568,19,1600,1333,0.5724,18.375,0.772,50.7752
4569,349,726,330,0.3895,12.5038,0.428168,0.0
4570,630,1200,2200,0.1396,4.48148,1.1884,44.0729
4571,306,649,620,0.3083,9.89558,0.31348,0.0
4572,8,184,361,0.5502,17.663,-0.209468,64.2857
4573,19,4300,1900,0.1463,2.63372,-0.413223,93.3804
4574,93,575,3800,0.6315,20.2705,-0.56914,94.6188
4575,1,63,130,1.0,50.0,0.5855,53.8462
4576,40,548,971,0.572,18.3597,1.30856,59.2138
4577,395,317,524,0.1976,6.3442,-0.490072,35.6436
4578,164,264,260,0.5231,16.7929,2.80682,0.0
4579,42,303,97,0.3307,10.6161,1.13457,28.0374
4580,5,93,116,0.9044,29.0323,1.1511,32.0
4581,261,721,905,0.379,12.1667,0.329849,34.0116
4582,32,336,1400,0.6511,20.8995,0.849618,78.022
4583,422,594,720,0.2401,7.7067,0.944677,21.0046
4584,106,1000,410,0.6473,20.7778,2.00584,61.7248
4585,171,557,631,0.2952,9.47536,-0.207608,60.8434
4586,149,657,525,0.0917,2.94267,-0.150057,29.0
4587,557,1400,4400,0.0593,1.90476,1.1264,17.7419
4588,19,202,384,0.5431,17.4328,7.27912,45.6
4589,834,7300,1171,0.4009,5.89269,1.054,22.7679
4590,142,98,1100,0.4468,14.3424,-0.352941,97.9487
4591,38,155,24,0.2479,7.95699,2.36024,69.0
4592,124,149,135,0.1475,4.73528,10.0,25.641
4593,11,1500,5000,0.3165,10.16,2.731,25.6
4594,56,220,1200,0.1959,6.28788,-0.406504,91.1565
4595,577,916,2082,0.147,4.71858,0.1602,37.551
4596,37,282,522,0.3805,12.2143,0.685057,52.9412
4597,1900,11900,580,0.0377,0.407096,4.22794,13.8138
4598,105,1400,4800,0.3418,10.9722,0.9901,78.7395
4599,141,1000,3900,0.4419,14.1853,-2.94118,70.3866
4600,974,538,448,0.0438,1.40438,4.63565,26.4151
4601,621,565,477,0.041,1.3176,0.0657851,60.0
4602,701,627,1900,0.0516,1.65692,0.141028,21.5686
4603,119,1300,5300,0.1004,3.22222,0.5564,57.0397
4604,352,3200,5200,0.1331,2.39583,0.572628,31.2169
4605,14,353,1200,0.2489,7.98867,1.04671,45.2991
4606,30,156,481,0.5292,16.9872,0.118017,36.3636
4607,115,2000,966,0.5095,16.3547,0.6447,40.3244
4608,521,706,7492,0.0047,0.149512,0.2035,0.0
4609,583,445,1700,0.1015,3.25843,-0.428216,76.0274
4610,510,573,6200,0.0317,1.01803,0.5122,40.7407
4611,447,611,883,0.0391,1.25477,3.43324,42.5532
4612,427,723,2200,0.0692,2.22069,1.94753,23.0769
4613,231,632,763,0.1709,5.48523,1.32834,27.1605
4614,224,8200,76,0.1139,1.67378,-0.626523,16.9708
4615,7,1500,4900,0.4409,14.1524,4.54545,81.92
4616,122,1100,1100,0.3535,11.3485,1.1456,32.2097
4617,312,570,1900,0.0732,2.34893,-0.777001,19.6721
4618,14,42,134,0.6861,22.0238,0.443459,51.5152
4619,25,315,131,0.7269,23.3333,8.11281,62.4365
4620,22,985,321,0.5513,17.6962,5.25825,78.5388
4621,5,296,297,0.8551,27.4493,0.312402,55.5556
4622,158,142,560,0.7447,23.9046,-0.969697,54.6584
4623,1,155,731,1.0,50.0,-0.564759,0.0
4624,2200,5700,5100,0.1129,1.65985,0.311462,91.4956
4625,28,898,934,1.0,32.1957,-0.298716,30.6667
4626,1,24,43,0.9086,29.1667,-0.779221,40.0
4627,139,453,417,0.2197,7.05175,0.64994,6.9231
4628,77,121,275,0.2675,8.58586,1.26422,56.7568
4629,92,458,348,0.6877,22.0767,0.77286,46.4126
4630,191,865,813,0.3439,11.0405,0.252718,26.087
4631,26,353,315,0.1142,3.66698,1.15707,30.6122
4632,116,877,765,0.5845,18.7635,0.454621,0.0
4633,66,875,4400,0.1102,3.53651,-0.045308,76.5125
4634,7,226,427,1.0,39.0012,0.411353,66.4063
4635,267,86,196,0.483,15.5039,-0.210261,81.4815
4636,276,1600,1700,0.2926,9.39107,0.8595,53.8664
4637,12,201,755,0.4107,13.1841,2.27602,54.1353
4638,28,294,3900,0.8289,26.6062,0.0635957,0.0
4639,409,150,245,0.2654,8.51853,0.87936,43.8356
4640,46,777,2500,0.4029,12.9344,0.458524,75.7772
4641,105,403,1100,0.3071,9.85663,0.294416,32.6425
4642,231,556,1100,0.3686,11.8305,1.28068,33.4746
4643,21,4600,3800,0.4321,7.77826,0.401606,32.1867
4644,22,106,91,0.2204,7.07547,2.6542,0.0
4645,15,133,626,0.4591,14.7368,-0.909091,71.0345
4646,13,181,581,0.662,21.2495,-1.62489,64.6667
4647,280,3600,5200,0.4069,7.32353,2.89743,31.8538
4648,91,543,591,0.5192,16.6667,1.64294,17.9811
4649,15,191,599,0.3436,11.0297,-1.16571,60.5634
4650,64,414,1900,0.1655,5.31401,10.0,59.854
4651,9,342,2600,1.0,50.0,-0.105708,77.7328
4652,33,543,506,1.0,39.38,0.467,46.9265
4653,180,1100,713,0.0854,2.74242,0.997,12.5926
4654,26,830,773,0.2352,7.5502,-0.0437063,26.1905
4655,218,2100,4900,0.21,3.78042,0.5291,34.8936
4656,146,344,977,0.1831,5.87855,-0.156245,45.6376
4657,37,458,339,0.1149,3.68753,0.0397852,56.25
4658,33,725,2000,0.0869,2.78927,1.4463,35.1563
4659,31,1000,1400,0.2321,7.45,1.0108,21.3699
4660,358,428,526,0.2794,8.96937,-0.21384,20.2312
4661,19,65,84,0.8174,26.2393,2.52127,78.4
4662,496,358,431,0.2345,7.52638,6.24668,14.8936
4663,101,799,688,0.9294,29.8342,0.656322,0.0
4664,77,1300,3600,0.0343,1.10256,10.0,0.0
4665,8,792,1400,1.0,50.0,-0.910115,49.2045
4666,59,1500,5600,0.0593,1.9037,10.0,84.1727
4667,9,3200,7400,0.1387,2.49653,-0.550964,82.7434
4668,60,2200,2100,0.0596,1.07323,-0.795334,50.0
4669,89,5200,6400,0.0382,0.561966,-0.665336,44.186
4670,1,225,1100,1.0,41.7778,-0.852625,83.3333
4671,353,3800,7500,0.1698,3.05556,-0.469043,30.6849
4672,103,1500,5100,0.1716,5.50741,0.889,59.4747
4673,209,1200,1300,0.2409,7.73148,1.58562,19.8198
4674,25,2800,1900,0.3519,6.33333,3.06748,23.8298
4675,75,1000,5800,0.2613,8.38889,1.0837,64.0333
4676,35,834,6500,0.242,7.76712,-0.404988,83.8261
4677,116,2200,5000,0.7447,13.404,-0.776398,76.7927
4678,16,57,163,1.0,44.5614,10.0,65.7143
4679,9,1000,662,0.096,3.08,1.1335,45.8824
4680,30,505,1200,0.6529,20.9571,2.72639,36.4583
4681,17,191,146,0.6697,21.4968,2.1395,80.0
4682,38,947,916,0.9538,30.6172,-0.8349,38.6819
4683,19,265,746,0.158,5.07075,0.4212,24.6914
4684,63,358,510,0.189,6.06766,0.911952,21.4765
4685,694,1200,676,0.0186,0.597222,1.3735,61.5385
4686,60,130,943,0.197,6.32479,9.55149,47.3684
4687,426,6000,4500,0.0636,0.934259,0.601443,21.0145
4688,129,433,806,0.1547,4.96536,0.340184,43.609
4689,2500,1300,7500,0.0085,0.273504,-1.23153,41.6667
4690,200,1600,3268,0.0999,3.20588,1.0314,18.8285
4691,70,231,454,0.6001,19.2641,-0.0783699,59.8174
4692,11,239,623,0.9422,30.2451,0.309478,29.5597
4693,7,1100,6800,0.7203,23.1212,0.5871,81.2705
4694,21,2300,817,1.0,21.8913,1.1904,89.4529
4695,36,1100,1700,0.2428,7.79292,1.153,75.2608
4696,115,210,500,0.8324,26.7196,-0.420286,19.5489
4697,121,202,450,0.628,20.1595,3.59386,38.0531
4698,17,407,372,0.9018,28.9493,-0.35263,36.6162
4699,3,308,1302,0.408,13.0952,-0.2276,67.9487
4700,228,1100,1900,0.4097,13.1515,1.77515,32.3643
4701,247,1400,951,0.5382,17.2778,1.38185,57.4141
4702,25,315,568,0.811,26.0317,0.782661,0.0
4703,21,269,747,0.4381,14.0644,2.36822,42.2111
4704,65,2600,6000,0.6557,11.8022,1.2913,89.0378
4705,386,18500,6400,0.0809,0.874234,-0.564316,19.9248
4706,6,54,18,0.5577,17.9012,-1.52238,35.0
4707,32,144,70,0.654,20.9936,1.61377,42.5743
4708,5,29,41,1.0,35.1724,-1.83824,53.3333
4709,18,1800,669,0.2481,7.96296,1.4642,43.2961
4710,237,1900,778,0.2147,6.89164,10.0,69.0402
4711,1,23,16,0.2709,8.69565,2.69461,50.0
4712,124,4300,1400,0.6737,12.1266,0.865926,53.871
4713,64,1000,4500,0.0827,2.65385,0.125881,71.0526
4714,25,138,134,0.6471,20.7729,0.539471,50.8475
4715,56,677,278,0.1562,5.01395,-0.883065,25.2336
4716,13,401,379,0.6813,21.8684,1.1887,51.6245
4717,375,16300,5500,0.0303,0.326857,-0.449102,36.983
4718,4,411,1800,0.5116,16.4234,-0.4267,62.6761
4719,117,2200,5000,0.3343,6.01768,-0.795334,45.3384
4720,104,3100,7483,0.1841,3.31309,0.6454,42.4096
4721,342,1400,640,0.079,2.53571,2.90698,23.2143
4722,105,354,708,0.9925,31.8581,10.0,77.027
4723,600,1700,644,0.0356,1.14379,1.09012,44.697
4724,1200,1200,1700,0.0235,0.754629,1.1225,49.3976
4725,7,85,86,0.2356,7.56303,0.2126,73.913
4726,199,848,732,0.3749,12.0349,1.86439,34.127
4727,1,60,442,1.0,50.0,0.6129,97.1963
4728,4,144,249,0.8491,27.2569,8.75668,0.0
4729,97,1900,985,0.5941,19.0718,-0.877193,84.0051
4730,540,1700,2400,0.1044,3.34967,5.36673,36.4055
4731,36,467,327,0.5626,18.0585,-0.39064,74.3842
4732,57,1600,7300,0.3667,11.7708,-1.05671,93.4575
4733,160,1100,3300,0.2173,6.97475,1.2261,29.8113
4734,6,279,1600,0.9975,32.0191,5.29306,66.0606
4735,13,340,412,0.3287,10.5515,0.611609,61.9048
4736,106,1000,1400,0.3197,10.2611,1.00538,34.9558
4737,79,3500,2200,0.2444,4.4,2.40433,19.3333
4738,137,511,389,0.3143,10.0892,1.32191,0.0
4739,40,252,816,0.2178,6.99023,0.742317,55.6701
4740,414,261,216,0.6129,19.6755,10.0,71.6049
4741,185,2100,6500,0.0754,1.35714,1.0883,27.7778
4742,63,1300,2900,0.2161,6.9359,1.1166,50.1538
4743,649,1500,4500,0.0569,1.82593,0.8761,19.2308
4744,9,312,883,0.5281,16.9516,0.578629,39.0411
4745,82,1400,1200,0.4418,14.1825,1.48883,37.3206
4746,57,510,807,0.4714,15.1307,1.29088,44.0945
4747,135,997,743,0.4894,15.7082,10.0,62.5493
4748,29,787,562,0.7845,25.1813,1.64442,0.0
4749,94,672,980,0.6614,21.2302,0.946,37.0441
4750,36,364,677,0.3533,11.3401,1.3986,70.6897
4751,398,3800,3000,0.4006,7.21053,3.28947,42.0561
4752,49,1600,831,0.5949,19.0956,1.21951,53.6898
4753,1,749,7200,1.0,50.0,-0.789504,83.3333
4754,96,1800,7400,0.1648,5.29085,-0.962773,36.3071
4755,236,501,968,0.9676,31.0601,0.835073,47.0472
4756,461,1900,6700,0.1773,5.69006,0.998004,51.1211
4757,7,427,2300,0.1496,4.80094,5.38981,54.2857
4758,68,1100,2700,0.4982,15.9922,3.36711,89.4675
4759,74,4600,1300,0.9166,16.4981,5.41126,67.693
4760,15,1200,477,0.6406,20.5648,1.77096,50.3741
4761,182,824,1500,0.3558,11.4213,2.8672,39.9209
4762,34,387,511,0.6042,19.395,10.0,70.6806
4763,2500,10200,5900,0.2923,3.15686,10.0,18.2698
4764,976,1400,1000,0.2665,8.55555,2.89017,19.7216
4765,1300,2800,7500,0.0166,0.299107,6.21118,10.2564
4766,78,543,458,0.2834,9.09556,10.0,21.5686
4767,36,166,409,0.2575,8.26641,1.04227,48.0
4768,51,87,319,0.4735,15.198,-0.206612,88.2979
4769,1,70,50,0.4895,15.7143,0.8523,55.5556
4770,702,468,533,0.0577,1.85185,2.64814,35.8209
4771,4400,1400,2000,0.083,2.6627,1.2456,35.8209
4772,115,3300,7500,0.1338,2.40909,0.7093,29.5203
4773,933,1400,525,0.0337,1.08333,1.33393,15.1899
4774,19,94,257,0.3646,11.7021,1.1721,73.4177
4775,115,469,2100,0.165,5.29495,-1.2475,71.875
4776,215,398,2800,0.2296,7.37018,-0.178747,88.1533
4777,538,632,1900,0.0427,1.37131,1.50086,12.2807
4778,790,2200,704,0.1309,2.35606,5.15996,24.2424
4779,687,1300,1400,0.0932,2.99145,-1.30662,81.3953
4780,3,356,1200,0.4609,14.794,-0.596501,42.6829
4781,132,2000,5138,0.0125,0.4,1.996,71.4286
4782,22,540,1600,0.2199,7.05761,0.311948,90.184
4783,149,361,292,0.2529,8.11848,4.29522,27.5229
4784,102,984,3700,0.0515,1.65425,-0.289157,76.9634
4785,1600,3300,7100,0.0144,0.259259,-0.515996,42.1053
4786,1200,5600,6600,0.0295,0.433531,1.149,20.354
4787,41,533,850,0.1867,5.99333,-0.237127,27.4611
4788,482,429,178,0.1811,5.81455,-0.53802,84.1346
4789,1,216,857,1.0,37.037,2.72975,79.1045
4790,371,377,919,0.0289,0.928383,-1.84488,57.8947
4791,74,10500,5800,0.49,5.29188,-0.18498,90.8288
4792,2500,2000,1400,0.0503,1.61389,0.986842,40.3587
4793,55,712,1100,0.3615,11.6027,0.693054,61.4931
4794,35,698,1400,0.3263,10.4744,0.291121,66.7476
4795,115,678,1800,0.6006,19.2806,0.972006,27.5362
4796,83,1000,6700,0.2139,6.86667,1.1591,94.3739
4797,4,336,3500,1.0,41.8155,-0.680581,89.3175
4798,21,941,3500,0.3967,12.7336,1.18579,53.413
4799,7,391,2100,0.4528,14.5354,0.521458,96.6942
4800,83,158,48,0.2958,9.49367,4.1605,26.4706
4801,235,829,2000,0.0589,1.88983,0.171957,27.4194
4802,41,1100,2900,0.2884,9.25757,0.6504,51.7065
4803,70,311,542,0.5548,17.8099,0.783668,29.4444
4804,98,1400,7291,0.0696,2.23413,0.7039,56.7961
4805,247,620,727,0.479,15.3763,0.598802,43.9589
4806,67,720,1600,0.5057,16.2337,2.51639,40.4348
4807,155,393,264,0.8244,26.4631,1.70133,27.8626
4808,21,728,423,0.9864,31.6621,0.0497859,30.0654
4809,5,1200,293,1.0,35.5833,-1.39018,0.0
4810,214,417,1400,0.8927,28.6571,3.05979,0.0
4811,110,1400,829,0.8226,26.4048,1.2017,33.6423
4812,124,595,451,0.693,22.2442,3.58557,59.685
4813,1,252,3000,0.581,18.6508,-1.25198,72.549
4814,99,318,415,0.5339,17.1384,0.169062,59.1954
4815,439,522,1200,0.4307,13.825,1.15928,66.5
4816,7,329,221,0.4802,15.4147,0.339802,45.8904
4817,108,956,2000,0.2587,8.30428,2.44684,23.4375
4818,47,2300,1000,0.4998,8.9971,0.658,24.0575
4819,21,772,1100,0.3228,10.3627,10.0,41.2371
4820,15,147,280,1.0,42.7002,0.920245,62.0321
4821,5,211,597,0.2694,8.64929,0.446721,51.1111
4822,24,2100,702,1.0,29.3004,0.961538,40.658
4823,4,374,759,0.481,15.4412,2.67982,74.7899
4824,76,236,841,0.2105,6.75612,10.0,25.8621
4825,12,359,411,0.7755,24.8924,0.497696,22.0513
4826,1,174,611,1.0,50.0,2.37253,78.0952
4827,34,628,1700,0.8572,27.5159,2.82552,79.4971
4828,32,530,695,0.2363,7.5849,2.5943,0.0
4829,20,398,1500,0.4867,15.6236,2.96623,73.8462
4830,295,40100,5000,0.0663,0.616791,-4.70231,90.8737
4831,218,1900,958,0.5625,18.0555,1.08225,33.1936
4832,15,327,733,0.501,16.0805,0.431743,56.8075
4833,1300,1100,5200,0.0653,2.09596,-1.59236,65.9341
4834,32,725,721,0.7929,25.4523,1.97078,31.1436
4835,9,872,877,0.2794,8.96789,1.20231,21.3873
4836,78,546,854,0.7218,23.1685,1.46987,0.0
4837,75,191,1000,0.5464,17.5393,0.8235,85.1852
4838,7,284,573,0.6874,22.0657,1.56565,36.5079
4839,142,1200,1200,0.5309,17.0417,1.3146,73.4968
4840,3,284,963,1.0,50.0,1.34442,95.5466
4841,16,2200,4400,0.3652,6.57273,1.97368,65.493
4842,375,3800,7500,0.3495,6.29094,0.485515,80.9601
4843,92,1800,941,0.1136,3.64506,1.4658,94.0278
4844,486,2700,5900,0.1516,2.7284,2.16763,21.875
4845,6,78,808,0.7455,23.9316,-1.67108,61.1111
4846,80,1200,7400,0.0304,0.976852,1.1863,48.8889
4847,101,701,7200,0.1363,4.3747,-0.449726,56.3981
4848,55,1500,4895,0.1427,4.58148,0.6883,68.4825
4849,40,448,563,0.2805,9.00298,0.0409232,45.933
4850,249,9700,3900,0.413,6.07095,2.99423,25.0
4851,67,365,996,0.2651,8.50837,-0.965754,63.4538
4852,45,474,496,0.5196,16.6807,0.437266,24.5283
4853,148,987,2600,0.4543,14.584,0.0722339,41.5033
4854,306,639,677,0.5934,19.0489,-0.680433,37.6528
4855,26,181,1100,0.2557,8.20836,3.76781,79.2683
4856,235,884,915,0.0458,1.47059,4.18311,46.1538
4857,1300,741,3,0.0623,2.00048,3.7805,47.8873
4858,121,3500,1500,0.5481,9.86594,2.94118,27.7273
4859,320,223,463,0.2202,7.06937,0.1606,80.292
4860,98,897,610,0.2763,8.86907,0.89381,64.4172
4861,27,71,307,0.5143,16.5102,-0.963855,57.8947
4862,467,2400,2900,0.437,7.86574,-1.37363,76.8076
4863,348,2900,7500,0.037,0.666667,1.2796,52.1127
4864,96,738,6400,0.0605,1.94219,0.296927,62.7907
4865,12,763,916,0.441,14.1547,0.364609,32.1149
4866,170,1700,992,0.2701,8.66994,-1.00402,43.4109
4867,18,271,721,0.202,6.48392,10.0,46.5753
4868,2100,18100,6400,0.1456,1.57244,0.0963391,91.7197
4869,3031,2100,6320,0.0291,0.52381,1.0293,0.0
4870,378,1200,632,0.271,8.69908,1.60428,31.1065
4871,21,452,804,0.1365,4.38053,0.52567,40.3101
4872,13,1900,1300,0.4072,13.0718,1.0844,76.8823
4873,162,1700,479,0.0196,0.630719,7.26744,36.6197
4874,27,1100,5400,0.1186,3.80808,0.9527,67.1512
4875,87,1600,7000,0.0791,2.53819,-1.05671,54.4715
4876,40,831,7300,0.1514,4.86028,-0.551607,65.3722
4877,5,353,2100,0.5436,17.4504,-0.405378,73.75
4878,84,849,7400,0.0697,2.23793,0.999467,76.5101
4879,125,1800,7500,0.0571,1.83333,1.3081,78.3784
4880,2700,20100,5400,0.0308,0.332623,0.175295,0.0
4881,3,171,171,0.2733,8.77193,0.216481,26.6667
4882,267,1300,7500,0.2046,6.56787,1.2868,84.7764
4883,99,785,4900,0.0317,1.01911,4.66893,60.6061
4884,13,1400,646,0.2646,8.49286,0.8783,74.1935
4885,776,1600,752,0.1837,5.89583,1.20482,41.3793
4886,104,593,1100,0.3348,10.7457,0.771572,42.9775
4887,333,1600,5200,0.0402,1.29044,4.0965,27.3973
4888,15,322,129,0.228,7.32032,0.11646,38.6861
4889,363,1200,3700,0.1227,3.93982,4.57743,22.6131
4890,2800,1200,7500,0.0499,1.60185,1.4167,50.8475
4891,4600,10300,5800,0.0628,0.677993,1.09803,19.7708
4892,125,3600,1500,0.2077,3.73932,1.72612,25.5556
4893,275,1100,7400,0.0285,0.914773,1.2878,31.1475
4894,150,1100,7400,0.0244,0.782829,-1.53374,54.5455
4895,2000,850,7500,0.0226,0.72549,-2.17651,90.1639
4896,59,2700,1100,0.4204,7.5679,-0.695733,90.2794
4897,1900,1600,7500,0.008,0.256944,0.6437,30.0
4898,61,1100,819,0.6361,20.4192,1.94805,38.5366
4899,148,1100,3700,0.0909,2.91919,1.4005,33.8028
4900,65,538,1100,0.5893,18.9178,1.47097,20.6642
4901,30,1400,4600,0.1046,3.35714,1.44231,0.0
4902,133,1300,6800,0.1905,6.11539,6.38115,35.3448
4903,23,1200,2100,0.5264,16.8959,6.18434,26.9006
4904,230,2400,934,1.0,28.6829,-0.774194,91.6584
4905,176,837,7500,0.0856,2.74791,-0.397219,44.2623
4906,791,1700,7400,0.0267,0.856208,1.1431,20.5479
4907,28,197,4300,0.8109,26.0293,0.198511,92.7667
4908,1300,2000,5800,0.0218,0.7,0.980713,40.0
4909,8,851,823,0.2581,8.28438,-0.371872,0.0
4910,30,1000,3700,0.2253,7.23333,0.5212,67.1053
4911,658,2700,7500,0.1748,3.14597,0.734934,36.8836
4912,6,167,175,0.5037,16.1677,5.16796,55.3191
4913,40,1700,2900,0.3196,10.2582,0.804,46.31
4914,21,134,232,0.8635,27.7186,7.24458,89.3939
4915,114,180,412,0.15,4.81481,0.0997606,58.9286
4916,45,466,2300,0.3127,10.0381,-0.414266,87.643
4917,657,3700,818,0.0305,0.54955,10.0,11.8881
4918,58,1800,5600,0.081,2.59877,-0.956938,80.9717
4919,460,984,5400,0.0918,2.94715,-0.290909,84.0304
4920,209,414,2600,0.028,0.899087,-0.302311,71.4286
4921,64,1100,3900,0.4025,12.9205,4.74912,62.973
4922,747,1700,3700,0.0105,0.336601,1.0578,53.3333
4923,1,47,93,0.7954,25.5319,3.16265,50.0
4924,29,420,828,0.5926,19.0212,-0.256082,40.0612
4925,51,408,442,0.8225,26.4025,1.29633,22.0183
4926,51,851,827,0.5255,16.869,0.920314,24.9443
4927,232,1100,2100,0.1043,3.34759,1.4706,50.6494
4928,114,870,767,0.3515,11.2835,1.18017,27.957
4929,8,791,2500,0.4785,15.3603,-1.53115,60.1322
4930,3,222,481,0.697,22.3724,0.857633,41.9355
4931,192,2300,350,0.5487,9.87578,2.63158,46.3415
4932,25,384,915,0.4171,13.3885,1.27386,49.6403
4933,43,210,353,0.3247,10.4233,0.0875248,44.0299
4934,19,582,588,0.7969,25.5799,1.74046,26.3473
4935,39,2700,1500,0.4938,8.88889,1.44578,0.0
4936,186,1200,654,0.4025,12.9213,1.1117,21.4567
4937,1100,12100,2600,0.0296,0.320018,1.2241,16.035
4938,78,1100,1200,0.4276,13.7273,2.39431,18.3391
4939,95,204,139,0.5973,19.1721,1.42572,30.0813
4940,17,159,237,0.4391,14.0955,0.34965,50.0
4941,209,2000,914,0.1217,3.90588,0.8524,23.1939
4942,111,423,692,0.1379,4.42606,-0.33344,18.1818
4943,77,322,567,0.6041,19.3927,-1.3733,54.6012
4944,215,521,489,0.3853,12.3694,0.605931,36.0
4945,1100,647,900,0.4473,14.3569,0.77765,46.5789
4946,522,577,1700,0.1503,4.8238,0.277984,22.4719
4947,26,123,269,0.1787,5.73622,-0.292683,28.5714
4948,46,11600,7300,1.0,12.6705,-5.0,95.4585
4949,64,655,814,0.3467,11.1281,-0.273411,35.6322
4950,155,771,855,0.4561,14.6419,0.0710227,27.5556
4951,63,4400,5200,0.037,0.665404,-0.389864,61.1111
4952,566,690,776,0.1013,3.25282,0.365472,53.2609
4953,87,1000,5500,0.1366,4.38333,0.6935,85.3717
4954,67,149,376,0.302,9.69425,-0.121951,86.0215
4955,60,465,371,0.2702,8.67384,0.195262,36.5979
4956,241,741,885,0.4312,13.8401,1.18191,28.8018
4957,110,648,2500,0.1464,4.69822,4.41548,46.6667
4958,424,2000,5000,0.0389,1.24722,1.0595,70.8333
4959,307,2100,2100,0.0222,0.399471,0.7025,16.3934
4960,7,44,136,0.0506,1.62338,1.80723,33.3333
4961,654,1800,554,0.1754,5.62963,0.9624,20.8738
4962,33,66,1,0.4563,14.6465,0.9622,56.8627
4963,2,377,598,1.0,39.7878,0.894,23.3645
4964,16,283,480,0.3619,11.6166,0.600855,45.1977
4965,2,132,52,0.2832,9.09091,1.6331,50.0
4966,1,32,24,0.4868,15.625,0.579486,80.0
4967,10,959,7400,0.3671,11.7831,-0.556251,96.6102
4968,57,375,2200,0.2128,6.82963,1.4967,50.641
4969,170,3700,2400,0.3427,6.16817,-0.475587,55.1501
4970,1730,1800,7495,0.0053,0.169753,1.4079,16.6667
4971,6,620,5600,0.6582,21.129,7.69889,70.4918
4972,48,856,1600,0.5576,17.8998,6.10048,24.375
4973,23,234,324,0.9164,29.416,1.50602,29.7619
4974,18,557,4600,0.2262,7.26112,-0.0974026,84.2105
4975,22,789,1500,0.4212,13.5192,0.416898,40.1929
4976,509,3400,3000,0.5152,9.27336,10.0,49.9629
4977,60,3600,856,0.7821,14.0784,2.25904,47.1916
4978,25,1600,947,0.2527,8.1125,1.1976,28.7037
4979,28,266,1800,0.4568,14.6617,-0.329468,86.8984
4980,355,663,1800,0.2446,7.85151,2.70077,25.6579
4981,184,401,358,0.2369,7.60598,10.0,35.8491
4982,2,41,73,0.3039,9.7561,1.94206,50.0
4983,302,577,550,0.1158,3.71654,2.76647,34.4828
4984,356,1700,4000,0.048,1.54118,0.8435,16.1538
4985,38,2800,7500,1.0,31.8075,-1.21212,98.9059
4986,2,1200,1800,0.1142,3.66667,-1.39018,63.9344
4987,58,364,4200,0.2059,6.60867,-0.52071,68.4932
4988,23,272,1500,0.2971,9.5384,-1.63195,49.6296
4989,11,147,487,0.1695,5.44218,3.50518,38.8889
4990,282,1100,2900,0.0843,2.70707,1.2389,20.6452
4991,16,406,858,0.2669,8.56791,-0.362319,84.4203
4992,56,600,2700,0.3925,12.598,0.594766,46.0784
4993,1,74,155,0.9683,31.0811,0.241741,20.0
4994,38,43,176,0.8533,27.3902,1.35542,80.6452
4995,542,428,922,0.3648,11.7089,1.50165,39.8524
4996,38,846,423,0.6113,19.6217,0.0212593,22.4371
4997,5,323,1500,0.2572,8.25593,2.11342,63.8298
4998,14,268,1800,1.0,50.0,10.0,88.9952
4999,24,350,974,0.5182,16.6349,0.870985,85.8859
5000,12,93,202,0.2875,9.22939,-0.745249,89.4737
5001,71,134,38,0.5089,16.335,10.0,91.3793
5002,16,295,682,0.229,7.3517,0.246929,85.8757
5003,863,4400,6900,0.0881,1.58586,0.624,42.674
5004,73,280,1200,0.1879,6.03175,-0.0631725,83.3333
5005,21,184,1600,0.2145,6.88406,0.401606,77.381
5006,37,1900,5800,0.1874,6.01579,0.992063,48.7395
5007,125,477,722,0.4476,14.3676,1.424,31.3636
5008,451,2000,972,0.3877,12.4444,1.99601,25.6223
5009,22,142,180,0.6143,19.7183,1.1867,40.9836
5010,112,510,944,0.6678,21.4379,0.0355055,25.9587
5011,58,4900,1500,0.1954,3.51786,-0.363636,46.583
5012,1600,2400,2200,0.1253,2.25521,1.1181,0.0
5013,6,94,121,0.5568,17.8723,0.197902,48.6486
5014,98,146,238,0.2229,7.15373,1.89394,36.3636
5015,653,895,365,0.0313,1.00559,-0.572337,63.8889
5016,936,7000,548,0.1421,2.08889,4.75687,20.1613
5017,1000,645,1500,0.022,0.707365,0.0819807,72.5
5018,504,2600,266,0.0318,0.57265,1.2341,84.375
5019,153,1100,3400,0.0678,2.17677,0.8609,70.4846
5020,188,851,2200,0.0626,2.01071,-0.148337,70.1389
5021,60,117,199,0.2367,7.59734,-0.446429,88.5714
5022,299,1200,238,0.0922,2.95833,1.62338,30.1075
5023,459,572,279,0.121,3.885,-0.515401,59.8726
5024,407,2500,5000,0.2081,3.74667,3.34169,35.2612
5025,344,613,783,0.4472,14.3556,10.0,74.7292
5026,765,864,1100,0.0847,2.71991,0.392184,10.6383
5027,6,243,562,0.406,13.0316,-0.221729,53.1646
5028,48,169,288,0.4066,13.0506,2.47046,43.0
5029,477,945,7500,0.1302,4.1799,10.0,41.8605
5030,811,387,911,0.3148,10.1062,0.0473904,53.3333
5031,456,847,3600,0.1098,3.52617,1.53388,33.9806
5032,27,47,63,0.3148,10.1064,6.90999,58.6207
5033,28,416,520,0.6674,21.4225,1.71164,35.6877
5034,3,25,34,0.7477,24.0,-1.32275,77.7778
5035,132,304,94,0.1148,3.68421,5.95238,51.1111
5036,343,1500,1900,0.3415,10.9619,2.74725,31.3025
5037,791,2300,871,0.6512,11.7222,1.65153,35.0649
5038,307,1400,590,0.2984,9.57936,2.92398,42.3567
5039,57,235,207,0.215,6.90307,-0.444576,57.5758
5040,396,318,335,0.1274,4.08805,8.30757,45.679
5041,308,903,407,0.3473,11.148,4.34237,31.1538
5042,620,1400,487,0.0522,1.6746,2.92398,47.6852
5043,52,275,200,0.197,6.32323,2.73868,27.4725
5044,1651,11800,169,0.0345,0.372881,0.3097,35.9756
5045,24,1800,7500,0.2419,7.76389,0.7332,0.0
5046,33,959,668,0.4448,14.277,0.600093,0.0
5047,6,2200,7200,0.0918,1.65152,1.1541,81.1881
5048,185,756,1600,0.0373,1.19782,5.16351,53.1915
5049,450,1300,6500,0.0269,0.863248,-1.2987,0.0
5050,517,1100,2400,0.048,1.5404,1.3158,50.0
5051,244,1800,1800,0.0563,1.80864,2.27273,45.098
5052,564,2900,7500,0.0479,0.862069,0.5927,62.1212
5053,1200,75000,3400,0.4119,3.2125,10.0,0.0
5054,10,2200,968,0.6338,11.4091,0.881834,0.0
5055,339,1500,6400,0.0317,1.01852,1.37363,69.4444
5056,79,2100,7500,0.6049,10.8889,0.7843,60.4907
5057,66,839,658,0.4523,14.5201,0.833759,25.8454
5058,166,799,805,0.4436,14.24,0.843157,36.5967
5059,136,1200,687,0.1095,3.51389,1.4971,96.7593
5060,17,177,268,0.6363,20.4259,0.882061,35.7143
5061,74,467,489,0.6626,21.2705,0.971284,23.8255
5062,253,883,944,0.3532,11.3376,0.517397,21.547
5063,28,170,810,0.4984,16.0,2.274,0.0
5064,14,144,215,0.2683,8.61111,3.77396,48.8889
5065,145,1600,727,0.562,18.0417,2.49169,63.6559
5066,13,302,577,0.8524,27.363,0.817867,43.4389
5067,13,181,501,0.611,19.6133,2.63078,74.1176
5068,19,224,288,1.0,34.7164,1.49319,26.4706
5069,14,739,847,0.6273,20.1378,0.303795,34.5833
5070,28,296,790,0.5058,16.235,1.04668,43.3498
5071,58,3000,1200,0.0986,1.77555,0.601443,30.8511
5072,1300,1400,1700,0.0104,0.333334,4.72937,14.2857
5073,57,1500,3800,0.1444,4.63636,1.285,0.0
5074,99,2200,7500,0.1609,2.89646,0.6775,41.5888
5075,1100,1300,1500,0.1363,4.37607,1.2294,0.0
5076,197,972,1700,0.1214,3.89771,0.131094,41.2
5077,2700,1500,2500,0.0265,0.851852,1.2459,54.5455
5078,1,1100,3800,0.5636,18.0909,-1.52439,51.3661
5079,169,15900,6300,0.026,0.280573,-0.228632,65.4494
5080,289,524,982,0.3334,10.7017,1.59638,0.0
5081,115,3000,3700,0.3328,5.99074,0.646552,33.5605
5082,26,1400,6000,0.0597,1.91667,-1.2987,74.2991
5083,17,3300,7300,0.1296,2.33333,10.0,98.75
5084,107,529,729,0.513,16.4671,0.896443,40.8333
5085,457,1500,2800,0.285,9.14814,1.28315,34.1098
5086,1,210,890,1.0,50.0,-0.256082,79.397
5087,866,3200,6500,0.1138,2.04883,0.8149,22.7642
5088,15,495,700,0.9566,30.7071,-0.354778,43.9189
5089,45,1100,1100,0.6239,20.0267,2.99615,44.8718
5090,23,1200,959,0.8225,26.4028,1.6331,29.5617
5091,13,406,908,0.4834,15.5172,0.0493827,67.1554
5092,3,77,24,0.6608,21.2121,-0.677711,17.8571
5093,105,927,882,0.5877,18.8661,2.17058,0.0
5094,89,381,155,0.1785,5.73053,-0.454002,35.1064
5095,2300,17400,412,0.1619,1.74808,2.52448,20.9251
5096,10,184,561,0.3251,10.4348,0.1962,43.3735
5097,90,173,87,0.3561,11.4322,-0.9758,61.2245
5098,45,543,427,0.3356,10.7735,1.82191,40.4762
5099,169,401,999,0.2545,8.17075,0.998732,64.8305
5100,50,146,410,0.6081,19.5205,-0.83692,50.0
5101,613,706,1000,0.1093,3.5096,1.62946,9.5238
5102,54,138,126,0.5869,18.8406,-0.1292,29.2453
5103,71,171,319,0.5152,16.5367,-0.413081,45.8647
5104,143,1200,1500,0.2562,8.22549,1.64294,22.9508
5105,10,1000,5900,0.2187,7.02,0.7792,75.8621
5106,23,90,82,0.6577,21.1111,-0.3905,46.3768
5107,518,2300,979,0.3603,6.48551,3.69344,11.194
5108,25,1200,4200,0.3223,10.3472,-1.3986,89.5037
5109,477,2600,1700,0.3761,6.76923,1.45349,32.4324
5110,85,4200,1400,0.3226,5.80688,-1.21212,21.7149
5111,1600,1300,672,0.0915,2.9359,1.46199,9.375
5112,36,68,34,0.2469,7.92484,-1.01626,46.6667
5113,7,218,908,0.4532,14.5478,-0.565657,75.8242
5114,116,1200,881,0.2803,8.99739,1.6331,45.7627
5115,17,372,1100,0.464,14.8956,-0.33786,75.9615
5116,50,206,759,0.3478,11.165,0.0876,57.8125
5117,266,893,2700,0.0698,2.23964,-0.398287,82.3529
5118,706,1200,1700,0.0925,2.97024,1.0457,5.7143
5119,150,280,414,0.3066,9.84127,1.3655,28.8462
5120,377,2600,5100,0.3259,5.86652,0.710059,0.0
5121,232,2500,2700,0.278,5.00444,0.730994,13.2029
5122,191,498,1300,0.2732,8.76841,0.259211,36.5741
5123,184,657,1700,0.1654,5.31033,0.889595,35.1145
5124,12400,11400,337,0.1034,1.11647,1.6771,11.1345
5125,259,426,415,0.2917,9.36359,1.86156,34.8958
5126,401,1500,1500,0.2062,6.61852,1.276,14.0741
5127,1200,1800,279,0.0905,2.90523,2.20588,21.0526
5128,186,1600,7500,0.0083,0.267361,1.1241,48.3871
5129,22,2900,2000,0.318,5.72414,0.673854,32.7381
5130,23,803,3100,0.1668,5.35492,-1.44009,81.0219
5131,18,147,980,0.3768,12.0937,10.0,89.9329
5132,18,140,355,0.1471,4.72222,0.7706,50.9804
5133,116,397,165,0.1992,6.39519,-0.136364,40.404
5134,19,144,153,0.4683,15.0327,1.51293,37.5
5135,401,3800,5100,0.02,0.359649,-0.486855,0.0
5136,490,1400,747,0.2987,9.5873,1.096,32.8185
5137,27,130,628,0.2782,8.93162,0.136799,63.4921
5138,15,50,61,0.632,20.2857,0.366614,81.1321
5139,54,1000,3000,0.1805,5.79444,10.0,40.4624
5140,31,326,677,0.2198,7.05521,-0.3208,10.8696
5141,405,542,690,0.3643,11.6954,-0.100083,30.2251
5142,79,1900,1300,0.2812,9.02786,1.2932,0.0
5143,78,609,792,0.8341,26.7743,3.04878,29.9587
5144,161,2700,963,0.3222,5.8,10.0,26.3043
5145,306,3000,7000,0.019,0.342593,-0.579486,48.2759
5146,38,1500,7500,0.1356,4.35185,0.7055,57.377
5147,202,832,5000,0.0271,0.869627,10.0,83.5821
5148,13,955,4600,0.0843,2.70755,-0.15384,51.3158
5149,26,912,3900,0.383,12.2944,-0.141931,53.1746
5150,258,559,1700,0.1062,3.40886,1.65186,20.4819
5151,1200,1900,3100,0.0062,0.19883,1.04822,17.9487
5152,15,844,2900,0.2793,8.96525,1.84017,0.0
5153,39,606,614,0.6346,20.3704,3.33807,32.9439
5154,3,115,288,1.0,34.2029,2.07391,0.0
5155,2100,1600,6900,0.0049,0.15625,1.198,57.1429
5156,356,896,5000,0.0328,1.05407,0.333451,32.7273
5157,4500,2300,7500,0.0063,0.113527,0.8385,30.0
5158,347,1100,4700,0.0426,1.36869,-1.47059,36.7647
5159,553,5400,7500,0.0668,0.98251,1.1414,26.0745
5160,134,392,952,0.1934,6.20748,0.372024,76.4103
5161,124,2800,7500,0.0815,1.46627,1.4517,26.5734
5162,559,1300,6200,0.0186,0.598291,1.2516,37.5
5163,120,6700,7500,0.0029,0.0431177,-5.0,18.1818
5164,232,797,4800,0.0493,1.58232,-0.643947,90.5109
5165,189,1200,5500,0.1912,6.13889,0.9552,42.446
5166,193,849,918,0.2752,8.83392,0.791366,26.935
5167,246,1900,4500,0.0353,1.13158,1.0638,92.1466
5168,525,916,1800,0.051,1.63755,-0.158378,34.0
5169,41,819,2800,0.0226,0.725817,-0.289352,29.6875
5170,107,531,558,0.1718,5.51371,5.02622,35.5072
5171,22,1300,4200,0.1909,6.12821,-1.32275,68.4211
5172,1300,10400,6700,0.0039,0.0416667,-0.178571,0.0
5173,1200,1300,6800,0.0128,0.410256,1.5528,17.6471
5174,117,1100,3200,0.0856,2.74748,1.89873,19.1083
5175,36,1100,500,0.5755,18.4727,0.8638,27.5862
5176,335,1100,6800,0.1245,3.99495,1.77515,76.4179
5177,119,656,665,0.4899,15.7266,1.24371,98.2036
5178,26,612,356,0.6016,19.3108,0.871731,30.1115
5179,149,815,587,0.5761,18.4935,1.53846,16.7883
5180,14,258,409,0.8357,26.8272,0.914634,52.5
5181,25,1000,345,0.7245,23.2563,0.6426,39.9267
5182,1800,1700,1100,0.122,3.91695,1.19427,41.0714
5183,14,332,366,0.7986,25.6359,3.7006,57.9151
5184,22,1500,1400,0.4147,13.3111,2.95858,48.2625
5185,6,263,560,1.0,48.6692,-0.368225,90.8397
5186,41,607,759,0.605,19.4205,1.38327,41.5625
5187,15,434,676,0.9489,30.4608,0.137379,0.0
5188,5,389,704,0.8048,25.8355,1.52083,29.7521
5189,118,1400,4608,0.1165,3.7395,1.225,55.5118
5190,125,2500,6400,0.0515,0.926667,-0.699301,59.3458
5191,888,2800,7500,0.0108,0.194444,-0.601443,56.0
5192,70,153,1200,0.1889,6.06391,-0.578882,54.5455
5193,32,823,4200,0.4578,14.6956,-0.476259,56.3126
5194,23,421,1500,0.0617,1.97941,-0.301015,60.3448
5195,83,2100,3800,0.1418,2.55291,1.369,38.5475
5196,41,1000,871,0.1454,4.66667,0.8502,26.3158
5197,18,2000,3800,0.0906,2.90714,1.2235,39.9433
5198,228,3200,7500,0.0572,1.02941,2.00222,69.2308
5199,372,655,1300,0.1828,5.86938,0.595024,67.0139
5200,16,191,1200,0.9611,30.8498,1.66234,0.0
5201,20,354,2100,0.7407,23.7759,2.44755,80.2583
5202,2100,2800,7200,0.0971,1.74802,0.645995,15.2893
5203,29,235,589,0.4021,12.9078,0.8498,53.1073
5204,31,666,2000,0.6026,19.3429,3.083,64.6341
5205,22,626,1100,0.5234,16.8014,3.37513,38.4279
5206,52,902,983,0.6456,20.7238,0.567923,28.1716
5207,46,3400,785,0.3374,6.07266,1.3374,0.0
5208,179,608,1024,0.2579,8.27851,-0.0293,49.2958
5209,7,282,44,0.6672,21.4184,3.89489,46.1538
5210,13,385,870,0.615,19.7403,-0.3247,72.4771
5211,49,51,46,0.2952,9.47712,-0.347544,62.5
5212,130,266,192,0.408,13.0952,0.352584,63.9785
5213,304,265,657,0.1117,3.5849,0.131871,40.9091
5214,775,2200,465,0.0081,0.146465,0.840336,63.6364
5215,905,642,1300,0.0264,0.848044,2.79087,41.0256
5216,465,1200,494,0.0676,2.1713,0.9942,15.7895
5217,38,8100,5375,0.2957,4.34705,-0.2191,78.4011
5218,88,717,2700,0.0439,1.4102,10.0,34.7222
5219,258,1300,3200,0.0261,0.837607,1.4881,54.0984
5220,39,323,1200,0.1342,4.30622,1.78264,70.0
5221,117,427,1100,0.197,6.32318,0.0424232,68.3258
5222,489,729,304,0.0245,0.784941,-0.265444,38.6364
5223,289,73,347,0.1155,3.70669,1.61841,86.3636
5224,2,103,503,0.3932,12.6214,-1.17122,95.0
5225,297,5200,4600,0.0506,0.74359,1.09329,12.5
5226,103,1100,1112,0.0469,1.50568,1.8182,73.3333
5227,2,622,4300,0.9616,30.8681,-0.879133,90.6504
5228,8,253,714,0.1601,5.13834,9.04778,50.0
5229,56,106,692,0.2225,7.14286,10.0,61.1111
5230,465,493,1100,0.0481,1.54384,4.4755,23.2143
5231,1600,449,3200,0.0104,0.334076,10.0,87.5
5232,174,542,2000,0.0765,2.45618,1.08712,40.0
5233,184,773,2500,0.0159,0.510277,-0.833016,67.3469
5234,147,356,157,0.2076,6.66355,0.40808,17.7419
5235,205,1200,2100,0.3308,10.6198,3.63636,51.9737
5236,324,1100,3503,0.0332,1.06566,1.4899,21.8182
5237,2700,2900,4900,0.1183,2.12982,1.3901,41.4085
5238,29,761,842,0.3677,11.8046,1.5098,57.3427
5239,106,947,1667,0.3913,12.5601,0.2292,34.6591
5240,21,1100,3700,0.2392,7.67677,0.5231,36.4896
5241,5,830,944,0.1914,6.14458,10.0,22.3022
5242,34,1300,1587,0.1299,4.17094,0.8321,56.7797
5243,1,434,2600,0.4163,13.3641,-1.38426,70.8333
5244,654,7300,1900,0.0699,1.02816,0.760778,8.8235
5245,70,476,3000,0.1902,6.10411,-1.08455,75.8427
5246,89,677,914,0.4484,14.3925,1.90435,27.5974
5247,11,736,2000,0.8952,28.7364,1.91898,47.048
5248,1800,16400,5200,0.0143,0.15481,1.98972,100.0
5249,43,1200,4200,0.1706,5.47685,0.6848,53.3951
5250,1,980,4100,0.1017,3.26531,-0.363636,78.125
5251,16,1200,615,0.2726,8.74999,0.8877,56.6355
5252,16,246,300,0.2094,6.72087,0.457317,26.9663
5253,45,1100,721,0.6468,20.7626,10.0,28.9121
5254,69,5100,4602,0.0614,0.901961,-0.3414,76.3636
5255,158,1100,1100,0.5976,19.1818,1.0983,23.3766
5256,232,401,1300,0.0681,2.18571,-0.131818,29.1667
5257,18,4300,3200,0.5436,9.78449,-0.413223,90.1434
5258,193,5500,2500,0.7764,11.4128,0.6675,56.8126
5259,13,210,527,0.5588,17.9365,4.4651,31.8681
5260,28,246,241,0.6993,22.4481,2.14876,47.9452
5261,2,212,163,0.8964,28.7736,2.997,35.0
5262,157,1400,6900,0.1258,4.03968,2.89017,13.6364
5263,98,1200,3600,0.4356,13.9815,1.0427,57.0891
5264,1800,10700,7200,0.4992,5.39096,0.167467,29.2517
5265,4,159,213,0.9143,29.3501,1.61893,55.102
5266,1,44,35,1.0,36.3636,-0.399202,27.2727
5267,9,424,417,1.0,33.4569,0.484262,0.0
5268,1,274,434,1.0,50.0,0.1965,34.3434
5269,12,251,260,0.724,23.2404,0.450732,36.3014
5270,34,2800,769,0.3372,6.06933,-0.626959,65.8983
5271,156,489,467,0.8668,27.8232,1.39324,34.8601
5272,7,490,596,0.658,21.1224,1.4941,19.5122
5273,16,269,384,0.546,17.5252,1.78108,97.0588
5274,5,171,299,1.0,35.2826,10.0,51.8519
5275,4,161,571,1.0,49.6894,2.81809,82.2034
5276,39,536,520,0.5396,17.3197,1.68642,0.0
5277,313,3100,1100,0.8945,16.1006,1.4482,17.2719
5278,67,1100,1100,0.6185,19.8535,1.0178,25.4992
5279,100,929,900,0.8093,25.9778,0.813151,69.7674
5280,248,1200,1000,0.5657,18.1574,1.64294,36.213
5281,156,1600,718,0.32,10.2708,1.30719,66.3374
5282,171,1700,1000,0.3082,9.89215,1.12275,28.9548
5283,337,778,884,0.6883,22.0937,-0.0919,33.719
5284,11,434,1000,0.4902,15.734,2.59401,53.1646
5285,93,106,940,0.0411,1.32075,-0.349406,80.0
5286,4,565,893,0.544,17.4631,7.39531,26.1364
5287,63,146,399,0.8025,25.761,2.21096,58.5635
5288,25,377,568,0.2766,8.87814,0.247378,20.5128
5289,635,1300,1100,0.3444,11.0556,0.5239,15.5844
5290,82,199,184,0.8558,27.4707,-0.0888,44.1718
5291,57,461,1100,0.5868,18.8359,0.862541,40.604
5292,402,1000,2100,0.1547,4.96667,1.20664,25.1185
5293,5,294,478,1.0,50.0,2.52171,0.0
5294,2,146,534,1.0,50.0,1.0228,67.3469
5295,17,1200,651,0.2596,8.33333,0.9967,16.6667
5296,193,115,63,0.5914,18.9855,0.3179,62.2449
5297,33,225,228,0.6459,20.732,1.49507,18.1818
5298,15,235,262,0.7927,25.4468,8.09492,31.3869
5299,29,1500,5400,0.3206,10.2926,1.4061,29.4599
5300,223,1000,1000,0.3809,12.2278,1.4323,15.1899
5301,233,955,1500,0.226,7.25422,-0.511693,47.8417
5302,176,741,692,0.5624,18.0537,0.3668,34.7418
5303,79,336,920,0.1731,5.55556,-0.215208,36.7925
5304,3,1200,503,0.7027,22.5555,1.65289,21.2291
5305,13,1000,890,0.7978,25.6091,0.4662,30.7151
5306,21,903,787,0.6949,22.3047,0.305275,21.6573
5307,75,1700,7300,0.1124,3.60784,1.1422,62.9344
5308,26,1500,941,0.7005,22.4875,0.6602,74.7329
5309,32,558,535,0.5745,18.4409,3.1063,28.9116
5310,16,3500,836,0.3974,7.15238,0.52521,19.9203
5311,22,656,7500,0.2493,8.00305,-0.301678,87.8136
5312,143,1400,1400,0.2274,7.3,1.37363,23.1013
5313,2,88,119,1.0,50.0,3.13253,33.3333
5314,14,691,490,0.6482,20.8083,-0.184576,57.7114
5315,138,1300,688,0.4518,14.5043,1.5528,24.283
5316,12,170,828,0.7422,23.8235,1.09609,56.1983
5317,11,282,984,0.8165,26.2089,-0.207756,53.3557
5318,623,1200,5100,0.0848,2.72222,1.0703,20.0
5319,12,143,200,0.3141,10.0816,10.0,55.0
5320,38,592,658,0.6499,20.8615,-0.122,38.1546
5321,124,1400,2900,0.462,14.8294,1.40713,52.8252
5322,150,2000,2800,0.2826,9.07222,-0.865801,90.6305
5323,195,1800,1600,0.2064,6.62655,1.05671,34.5753
5324,19,404,323,0.5505,17.6705,-0.524476,24.3028
5325,46,3600,1700,0.2331,4.19608,0.507185,36.7347
5326,11,120,507,0.6412,20.5833,-0.1485,38.2353
5327,23,2200,7100,0.0421,0.757576,-0.795334,81.0811
5328,286,3300,6300,0.0097,0.175084,-1.0327,81.0811
5329,18,2200,5500,0.0644,1.15909,-0.795334,0.0
5330,35,959,2100,0.3717,11.933,1.79111,0.0
5331,31,550,1200,0.6216,19.9545,2.14109,0.0
5332,41,655,2200,0.2225,7.14164,-0.515669,28.5714
5333,1,134,125,0.9532,30.597,-0.774527,63.8889
5334,227,1300,1100,0.6952,22.3162,1.51515,23.0567
5335,17,52,114,0.2636,8.46154,1.92258,72.7273
5336,78,432,1300,0.486,15.5993,0.2142,36.1624
5337,106,505,452,0.9647,30.9681,0.740786,0.0
5338,21,444,929,0.4903,15.7393,1.1448,63.0319
5339,22,290,1700,0.8051,25.8429,0.665484,64.042
5340,47,1100,1700,0.7566,24.2857,0.5869,0.0
5341,1,203,1100,1.0,37.931,0.597193,66.6667
5342,1500,774,2100,0.227,7.28539,-0.448565,88.4283
5343,30,474,1600,0.3177,10.1969,0.509295,62.7306
5344,26,229,373,0.6604,21.1989,1.39259,48.2558
5345,31,647,1000,0.879,28.2157,1.06077,15.4176
5346,27,424,407,1.0,41.5457,-2.89872,39.4077
5347,1300,1700,2900,0.2346,7.52941,1.11607,14.9289
5348,81,1700,974,0.4178,13.4118,1.1404,0.0
5349,154,913,794,0.4682,15.0289,7.54323,39.604
5350,56,1200,3700,0.4474,14.3611,-1.40713,45.3355
5351,94,1300,7500,0.1423,4.56643,1.1393,58.4052
5352,323,1200,2400,0.3956,12.6991,1.4002,20.0
5353,38,567,702,1.0,39.2794,1.00358,88.2611
5354,16,1400,375,0.5498,17.648,1.3986,53.0398
5355,1400,728,3200,0.0582,1.86966,0.61668,24.3243
5356,63,1100,1400,0.0599,1.92424,0.6952,83.0688
5357,25,350,886,0.5217,16.746,1.21951,40.7843
5358,373,2900,747,0.559,10.0613,0.641574,34.6825
5359,354,1000,7500,0.3403,10.9222,1.1887,54.1985
5360,4,32,139,0.6571,21.0938,10.0,86.6667
5361,119,600,1000,0.3476,11.1574,0.469043,31.0458
5362,282,2500,1117,0.4619,8.31333,0.7396,0.0
5363,482,6400,7500,0.0755,1.11042,0.873024,48.3871
5364,2100,4300,7500,0.0078,0.139535,0.6546,88.7097
5365,5,2200,3500,0.3601,6.48182,1.1798,39.9142
5366,186,1100,2700,0.3553,11.4064,3.23146,0.0
5367,276,600,429,0.2547,8.17619,10.0,67.6707
5368,162,969,3100,0.0705,2.2635,0.0571581,33.0275
5369,199,1100,622,0.3662,11.754,0.5833,53.5714
5370,11,1300,1100,0.2135,6.8547,1.1276,93.3054
5371,40,126,498,0.147,4.71781,-0.599401,84.6154
5372,122,68400,4800,0.1287,1.00378,-0.192346,96.3985
5373,144,1200,955,0.5619,18.037,1.64294,26.6773
5374,62,146,312,0.9009,28.9193,0.926866,94.2478
5375,52,1500,1100,0.4414,14.1686,1.2987,42.638
5376,175,653,545,0.0978,3.13936,-0.76847,73.5537
5377,24,58,41,1.0,45.4981,2.84024,52.381
5378,26,622,833,0.6826,21.9109,0.658683,15.9011
5379,19,1000,722,0.2611,8.38,1.12641,98.6207
5380,3,3200,997,1.0,21.5313,2.61324,79.8265
5381,16,625,749,1.0,33.632,4.34678,0.0
5382,13,858,848,0.9876,31.7016,3.00328,23.0024
5383,56,903,680,0.6198,19.8966,1.11052,26.5432
5384,154,1000,5900,0.1151,3.69444,1.2663,88.5417
5385,65,3900,987,0.3803,6.84615,-0.451807,0.0
5386,1600,1800,1200,0.1628,5.22531,-0.923361,11.1111
5387,2,1200,2000,0.4958,15.9167,1.0377,62.6923
5388,4,146,646,0.441,14.1553,1.41403,68.4211
5389,40,886,1400,0.436,13.9955,-0.390422,33.7302
5390,33,242,601,0.6959,22.3384,2.88077,58.1281
5391,21,17,17,0.5498,17.6471,0.9285,41.6667
5392,25,274,540,0.6544,21.0057,-0.132556,74.4048
5393,38,862,372,0.7509,24.1051,0.404884,35.0097
5394,441,1000,454,0.3458,11.1,0.0390391,0.0
5395,1,66,137,1.0,50.0,-0.785752,45.7143
5396,25,631,1200,0.5616,18.0269,0.978761,0.0
5397,27,264,338,0.8522,27.3569,-0.727273,87.3051
5398,70,482,443,0.6406,20.5625,0.345954,45.7207
5399,55,589,6100,0.229,7.35044,-0.920245,75.5051
5400,10,381,853,0.6641,21.3182,0.808887,43.617
5401,3,132,542,1.0,50.0,1.45372,63.2479
5402,72,383,1500,0.588,18.8757,0.478096,55.6
5403,6,189,275,0.6923,22.2222,0.596125,46.3918
5404,2,1000,910,1.0,50.0,1.1318,97.7011
5405,4,100,188,1.0,41.0,10.0,0.0
5406,15,317,1200,1.0,38.591,1.38962,83.3619
5407,86,303,600,0.3404,10.9278,2.38897,26.1194
5408,81,3100,7500,0.0072,0.129032,0.588235,25.0
5409,102,2000,791,0.3006,9.65,-0.892857,93.2941
5410,360,5000,7400,0.063,1.13333,0.7621,22.1411
5411,218,22900,6100,0.503,5.432,1.95878,0.0
5412,27,1300,2000,0.1812,5.81624,-1.29088,43.1762
5413,3,692,1900,0.4862,15.6069,2.36731,63.1068
5414,81,1600,391,0.2305,7.39931,0.9899,42.766
5415,614,434,1204,0.1356,4.35228,-0.1631,66.6667
5416,132,1900,1300,0.5626,18.0585,2.12615,50.4342
5417,199,1300,5300,0.3401,10.9188,0.6504,45.9293
5418,55,2600,7200,0.612,11.0158,5.35714,52.9889
5419,73,365,1200,0.404,12.968,1.86762,34.8101
5420,232,558,581,0.7419,23.8152,-0.793021,16.4179
5421,37,802,362,0.5933,19.0461,-0.022238,0.0
5422,5,38,99,0.1968,6.31579,-0.463392,100.0
5423,21,237,907,0.2395,7.6887,-0.665188,72.4638
5424,255,3800,623,0.2873,5.17105,0.9794,92.9739
5425,51,1400,5700,0.1958,6.28571,1.32626,37.0787
5426,1200,1600,3500,0.123,3.94792,4.14556,61.7089
5427,52,2400,1700,0.7101,12.782,3.52941,27.5692
5428,29,1000,1600,0.7923,25.4333,0.091923,52.996
5429,362,1200,1000,0.2567,8.24047,3.61446,58.711
5430,100,2300,987,1.0,21.9444,0.816549,45.3361
5431,40,1700,3300,0.3258,10.4568,1.2564,0.0
5432,143,420,4400,0.513,16.4683,-5.0,95.1977
5433,10,374,674,0.7996,25.6685,8.06452,98.2379
5434,18,287,341,0.3574,11.4715,3.96388,72.6027
5435,10,613,2800,0.2795,8.97227,5.39653,0.0
5436,8,195,189,1.0,32.3809,-0.0927644,47.8495
5437,28,756,945,0.8557,27.4691,0.0724375,49.6114
5438,2600,46000,6700,0.0737,0.685404,-0.187547,0.0
5439,90,757,679,0.6733,21.6131,1.48171,28.0514
5440,69,477,407,0.7474,23.9925,-0.193294,36.7089
5441,9,453,802,0.9851,31.6225,0.771043,55.774
5442,3,55,178,0.5475,17.5758,3.51471,83.3333
5443,5,66,32,0.6231,20.0,1.28,76.9231
5444,35,588,1300,0.1771,5.68513,6.18859,45.5172
5445,8,77,131,0.4501,14.4481,1.50905,25.8065
5446,16,58,79,0.7341,23.5632,0.6378,70.5882
5447,3,86,516,1.0,50.0,0.430293,90.7216
5448,42,145,160,0.3008,9.65517,0.124751,26.087
5449,199,1800,4900,0.1306,4.19136,2.20588,20.944
5450,56,1900,7500,0.0975,3.12865,10.0,55.5556
5451,17,186,998,0.2523,8.09812,-0.651547,50.5376
5452,21,192,537,0.213,6.83594,-0.0936388,24.0506
5453,100,3200,376,0.3982,7.16797,0.572628,39.174
5454,21,201,404,0.2712,8.70647,10.0,41.3793
5455,19,707,4200,0.2869,9.20949,-0.829228,82.8125
5456,107,1700,7500,0.0978,3.14052,-1.0101,86.5031
5457,18,311,2600,0.5125,16.4523,-0.057924,65.0
5458,322,562,958,0.1527,4.90313,0.59798,30.0
5459,13,1000,7500,1.0,43.7,-1.65289,98.4279
5460,19,7800,4193,0.0171,0.250712,-0.2274,85.2459
5461,7,101,150,0.4671,14.9929,0.179641,18.6047
5462,160,190,902,0.4053,13.0117,-0.279234,66.3934
5463,192,3300,999,0.4386,7.89563,0.7888,18.6842
5464,1700,2500,4200,0.0498,0.895556,0.9349,61.6822
5465,35,808,484,0.6579,21.1192,1.42358,37.5494
5466,15,784,3000,0.3009,9.65985,0.51285,43.9024
5467,586,669,320,0.2543,8.16309,-0.027137,20.4545
5468,1100,654,708,0.3014,9.67551,0.165344,10.4869
5469,50,202,147,0.1071,3.43785,-0.18044,51.4286
5470,3,135,316,0.6923,22.2222,-0.268685,60.8696
5471,176,205,155,0.3065,9.83739,0.2684,43.6364
5472,49,748,947,0.2022,6.49139,0.591133,12.4528
5473,8,542,620,0.3917,12.5725,1.32571,24.7525
5474,9,733,1000,0.1506,4.83553,1.4401,48.9051
5475,18,294,372,0.355,11.3946,1.86117,24.0
5476,54,1900,996,0.3325,10.6729,0.986193,30.4487
5477,38,1400,1100,0.2994,9.61111,-2.28659,25.3102
5478,24,432,552,0.6719,21.5664,-0.166806,16.388
5479,20,99,123,0.5552,17.8211,1.1648,88.3929
5480,103,1100,6300,0.1088,3.49091,4.85136,77.4468
5481,202,2500,1500,0.1433,2.58,-0.682749,33.0
5482,3,501,1400,0.5845,18.7625,3.08871,82.449
5483,57,1100,1300,0.0952,3.05556,-1.4881,86.0274
5484,81,1100,137,0.2582,8.28788,-5.0,0.0
5485,176,271,1600,0.3934,12.6281,2.46134,79.6296
5486,14,933,7500,0.1758,5.64232,-0.285954,91.9101
5487,9,231,1400,0.1274,4.0885,-0.460299,70.4918
5488,57,514,4717,0.0831,2.66815,-0.0349,69.0476
5489,6,321,1300,0.8217,26.3759,3.47261,0.0
5490,6,874,436,0.3842,12.3341,-0.6266,0.0
5491,18,627,1100,1.0,32.3126,10.0,55.0409
5492,495,896,2000,0.2577,8.27133,0.810165,27.9661
5493,214,349,1100,0.1741,5.58739,1.81648,80.0
5494,6,978,818,0.5808,18.6435,-3.42593,0.0
5495,179,1800,7500,0.0331,1.06173,1.06952,38.0282
5496,37,739,1200,0.5388,17.2968,3.35604,38.587
5497,2,313,742,0.2239,7.1885,6.24692,71.4286
5498,48,774,2300,0.237,7.60659,10.0,77.5665
5499,5,136,397,1.0,39.5588,-0.890019,28.7356
5500,3,48,87,0.2163,6.94444,0.382214,57.1429
5501,17,157,713,0.5719,18.3589,-0.665238,80.226
5502,147,1700,7500,0.0403,1.29412,0.8673,73.2394
5503,9,577,2600,0.3023,9.70537,-0.433329,74.5174
5504,332,14500,7000,0.0048,0.051341,-0.598802,57.1429
5505,699,3800,7300,0.0217,0.390351,1.54905,32.9787
5506,164,961,4400,0.0584,1.87305,3.97173,17.6471
5507,909,3400,3800,0.0025,0.0441177,-0.532387,58.3333
5508,13,417,1800,0.8643,27.7439,0.131752,77.8281
5509,123,3400,4500,0.3198,5.75654,1.09649,19.7122
5510,45,1100,2400,0.6748,21.6616,3.03123,16.0938
5511,55,1500,1400,0.2585,8.29629,0.8185,69.2778
5512,17,516,2400,0.1918,6.15683,0.510097,0.0
5513,54,376,492,0.5385,17.2872,0.985869,58.75
5514,46,276,782,0.2276,7.30676,-0.0648522,35.0
5515,503,683,1700,0.2121,6.8082,-0.365202,36.0169
5516,240,988,979,0.3433,11.0211,1.95568,64.8752
5517,5,294,1300,0.5913,18.9796,0.615174,30.0752
5518,83,305,741,0.059,1.89435,0.988631,81.4815
5519,1600,462,2000,0.0985,3.16258,3.57687,49.0
5520,293,458,61,0.1734,5.56769,1.69871,21.9512
5521,446,613,676,0.1626,5.22023,1.20158,21.0526
5522,3,119,121,0.4101,13.1653,-0.15528,17.9487
5523,37,390,721,0.3342,10.7265,0.0473134,43.75
5524,42,119,39,0.3861,12.395,-0.293413,77.8947
5525,17,341,221,0.1449,4.65019,0.651324,34.6154
5526,3,307,931,0.8219,26.3844,1.72194,26.5152
5527,20,281,174,0.4402,14.1302,5.19145,63.2184
5528,162,1200,5618,0.0626,2.00926,0.8425,62.2807
5529,34,120,674,0.486,15.6019,2.22248,0.0
5530,9,339,832,0.3033,9.73451,1.27815,36.2637
5531,38,534,553,0.3973,12.7549,0.0737137,57.5758
5532,751,499,677,0.0787,2.52728,0.615169,17.6471
5533,17,165,151,0.1306,4.19192,1.01215,52.6316
5534,24,273,1100,0.2707,8.68946,1.42008,88.9868
5535,235,2000,1500,0.129,4.14167,0.928793,32.7645
5536,283,575,513,0.4072,13.0725,0.8236,20.3187
5537,11,434,556,0.3489,11.1982,0.30172,30.1724
5538,23,610,657,0.467,14.9909,1.37887,35.4717
5539,537,2700,558,0.0277,0.497942,-0.622924,19.8582
5540,13,255,1100,1.0,37.2222,0.819672,78.273
5541,65,373,402,0.3939,12.6452,-0.608652,53.5885
5542,123,516,875,0.7053,22.6402,0.77135,49.2021
5543,3,473,317,0.438,14.0592,0.253578,42.8571
5544,13,65,59,0.3281,10.5325,-0.536241,45.9459
5545,1300,1200,5700,0.0252,0.810186,1.2603,44.8276
5546,171,1300,1900,0.2591,8.31624,1.47059,28.7791
5547,191,336,147,0.2163,6.94444,3.70625,25.7426
5548,4,1400,1500,0.5607,18.0,4.89929,80.3704
5549,75,824,4200,0.3113,9.99191,-0.935849,92.0712
5550,173,1100,7500,0.0554,1.77778,-1.47059,57.9545
5551,22,803,1300,0.0815,2.6152,2.56198,52.2388
5552,23,281,320,0.1774,5.69395,1.5444,27.0588
5553,213,894,833,0.6112,19.6197,1.21501,25.3623
5554,13,173,237,0.6603,21.1946,2.48188,21.4286
5555,252,2600,486,0.0209,0.376068,0.957,62.069
5556,20,173,572,0.5642,18.1118,0.7486,0.0
5557,47,2200,1500,0.9278,16.7,6.77711,26.0714
5558,5,1100,1300,0.6223,19.9773,1.78571,46.3768
5559,16,491,809,1.0,32.8581,0.26296,74.3902
5560,457,935,2477,0.2821,9.05526,-0.095,23.4266
5561,32,1200,967,0.409,13.1302,3.61446,39.6963
5562,3800,1200,7500,0.0231,0.740741,1.1498,70.6897
5563,5,1600,900,0.8398,26.9583,1.20482,0.0
5564,85,335,1000,0.7145,22.9353,0.852273,42.5455
5565,109,2400,6700,0.7998,14.3958,0.795334,28.8513
5566,57,411,1100,0.2935,9.42147,1.91778,35.2332
5567,221,665,842,0.3974,12.7569,0.60016,36.0614
5568,52,832,1000,0.5067,16.266,0.272686,60.5938
5569,46,3800,763,0.8574,15.4323,1.08225,35.591
5570,3,1800,2400,0.906,29.0833,1.0981,38.6047
5571,122,952,942,0.6096,19.567,0.103526,43.8623
5572,15,263,961,0.5982,19.2015,6.17647,52.9851
5573,7,2100,1800,0.8395,15.1111,1.286,39.8773
5574,2,38,99,0.4099,13.1579,1.2019,50.0
5575,20,199,121,0.7079,22.7247,-0.0898,34.6154
5576,743,514,1300,0.4441,14.2564,0.760649,31.4554
5577,5,121,213,0.6951,22.314,-0.162849,53.7037
5578,439,176,391,0.3688,11.8371,5.49882,18.0556
5579,2400,3000,7500,0.0333,0.6,0.7851,0.0
5580,293,2400,3395,0.202,3.63657,-0.7186,53.3333
5581,724,67900,3000,0.5733,4.4714,2.81901,38.1893
5582,18,1400,1400,0.3881,12.4571,3.01205,30.5405
5583,344,2000,3100,0.128,4.10833,0.93985,41.2844
5584,115,980,4323,0.0892,2.86281,-0.037,40.7643
5585,215,1200,80,0.1057,3.39352,1.60428,17.3684
5586,95,181,165,0.5594,17.9558,9.31218,76.6234
5587,1924,2100,6034,0.0745,1.34127,1.3721,10.9677
5588,26,1800,4600,0.0461,1.4784,1.0299,0.0
5589,515,1300,223,0.0414,1.32906,5.23256,31.3559
5590,17,892,3300,0.1283,4.11809,-0.401155,68.6567
5591,23,260,484,0.7256,23.2906,0.58072,73.3668
5592,41,978,1400,0.3563,11.4373,2.53,31.5254
5593,112,2400,3000,0.3756,6.76111,1.6331,22.031
5594,19,2600,7200,0.7738,13.9286,-0.677507,96.7767
5595,173,2300,6900,0.348,6.26329,1.3231,45.28
5596,1,610,2000,1.0,47.541,-0.467545,0.0
5597,786,1200,4700,0.0252,0.810185,0.6724,56.1644
5598,470,1800,7400,0.0285,0.91358,0.7312,75.1479
5599,355,823,6972,0.0965,3.09842,-0.0869,54.0373
5600,68,1700,1400,0.3206,10.2904,1.3093,24.3762
5601,189,769,42,0.1411,4.52969,0.645943,17.4129
5602,139,1000,52,0.0395,1.26667,0.962321,48.8
5603,38,795,1700,0.1213,3.89238,0.434637,86.7257
5604,90,1100,2000,0.2152,6.90909,0.7777,53.5168
5605,34,9700,161,0.1215,1.78651,-0.18666,49.9574
5606,43,657,849,0.4088,13.1236,0.222771,28.3019
5607,6,379,1600,0.8124,26.0774,-0.278293,80.8696
5608,19,412,565,0.3167,10.1672,0.362231,32.0
5609,9,491,570,0.1833,5.88368,0.187056,17.1053
5610,66,1200,592,0.4146,13.3102,0.7913,79.676
5611,194,653,3500,0.1869,5.99796,0.224152,27.1739
5612,324,1200,717,0.6098,19.5741,1.67317,28.7729
5613,66,414,953,0.4086,13.1145,0.362658,35.5932
5614,56,567,267,0.4447,14.2759,0.4266,30.1948
5615,44,290,406,0.3396,10.9004,4.90262,33.3333
5616,92,1100,2100,0.6076,19.5027,1.0547,58.1019
5617,200,897,681,0.232,7.44705,1.19489,15.5313
5618,27,649,258,0.486,15.6009,3.60778,57.7093
5619,2,452,476,1.0,45.354,3.05329,23.2759
5620,403,751,2700,0.3602,11.5624,3.28966,23.1818
5621,91,732,2000,1.0,32.1636,-0.56473,37.2792
5622,5,238,742,0.8988,28.8515,4.30641,64.5833
5623,6,148,248,0.7964,25.5631,-2.24551,46.3636
5624,69,262,942,0.541,17.3664,0.572656,36.0248
5625,29,3100,4900,0.7468,13.4427,0.609756,33.1271
5626,6,157,369,0.8202,26.327,-0.454477,87.619
5627,136,515,443,0.0907,2.91262,1.59828,37.5
5628,4,187,214,0.5664,18.1818,2.80584,50.0
5629,67,133,131,0.5153,16.5414,10.0,50.0
5630,4,322,1200,1.0,50.0,8.46774,96.6102
5631,30,270,365,0.8159,26.1905,2.997,51.8717
5632,214,227,194,0.5451,17.4988,1.44897,32.4324
5633,61,171,565,0.4646,14.9123,2.12288,96.6102
5634,394,1200,495,0.1396,4.48148,1.69396,26.087
5635,12,1400,4200,0.1387,4.45238,1.2236,40.9091
5636,3,210,713,1.0,38.3333,2.33191,66.6667
5637,48,2700,1900,0.7825,14.0844,0.695088,56.2774
5638,45,268,304,0.5612,18.0141,4.22197,46.4968
5639,58,257,394,0.5461,17.5313,0.142602,0.0
5640,66,1100,771,0.2917,9.36363,1.81818,42.0601
5641,48,896,620,0.4528,14.5337,0.08203,41.9608
5642,11800,997,3200,0.0302,0.969575,1.41881,15.0943
5643,393,4000,3200,0.0353,0.636111,1.3248,29.5455
5644,146,623,107,0.2484,7.97218,-0.323295,44.2623
5645,597,1000,1700,0.0845,2.71176,1.4891,5.8824
5646,116,915,996,0.6235,20.0129,0.79977,43.0872
5647,90,99,292,0.1978,6.34921,1.159,39.2857
5648,4,704,1400,0.6003,19.2708,0.842605,32.4723
5649,31,287,802,0.521,16.7247,0.558581,44.3946
5650,13,122,325,0.5975,19.1803,0.1485,60.0
5651,10,318,1300,0.2459,7.89308,-0.389249,34.9398
5652,321,3600,5780,0.1812,3.2619,1.3281,26.5217
5653,43,441,586,0.611,19.6145,5.12685,27.7311
5654,514,667,4300,0.0441,1.41596,1.04875,50.7937
5655,8,505,1400,0.4956,15.9076,3.0604,0.0
5656,538,696,2000,0.1751,5.61941,1.91083,15.7895
5657,19,557,626,0.373,11.9726,0.58758,46.0784
5658,7,91,154,0.8412,27.0016,-0.393391,55.1724
5659,40,760,7500,0.0868,2.78509,3.34821,72.2581
5660,6100,3900,229,0.127,2.28671,1.3386,10.9023
5661,89,714,3700,0.0128,0.409394,0.196499,33.3333
5662,1100,2800,2000,0.2973,5.35119,0.661376,8.5526
5663,10,5100,3600,0.6936,10.1961,0.728863,0.0
5664,41,647,655,0.8284,26.5928,3.88879,26.4977
5665,11,202,815,0.3771,12.1062,-0.761679,51.2195
5666,142,743,614,0.6105,19.5977,0.716357,17.5676
5667,83,304,395,0.353,11.3304,0.729513,23.4177
5668,8,3400,3300,0.1299,2.33824,-1.00402,90.0212
5669,147,698,1200,0.363,11.6523,1.793,35.4054
5670,162,350,267,0.4218,13.5397,0.855432,35.0254
5671,62,14700,273,0.0853,0.921391,-0.594483,82.6303
5672,728,2800,2000,0.3136,5.64484,1.37363,16.5103
5673,31,2200,789,0.3036,5.46465,1.2967,26.6289
5674,61,901,1000,0.2874,9.22432,0.452321,25.7525
5675,345,812,787,0.2645,8.49069,0.109337,19.2308
5676,134,999,999,0.412,13.2243,0.409417,20.2381
5677,37,2500,2000,0.5698,10.2556,0.748503,0.0
5678,852,1200,33,0.2227,7.14815,0.5575,17.5549
5679,827,1100,466,0.2036,6.53444,1.77515,15.5556
5680,2,567,3400,0.5989,19.224,-0.0951173,60.241
5681,41,237,220,0.3425,10.9939,10.0,30.8333
5682,255,850,1700,0.4203,13.4902,2.0091,0.0
5683,113,2000,6900,0.1787,5.73611,0.6411,100.0
5684,3,1900,7000,0.0984,3.15789,1.0557,89.4118
5685,84,540,523,0.6407,20.5658,0.413223,0.0
5686,106,303,471,0.4118,13.2197,2.34605,26.6667
5687,5,25,19,1.0,45.6,1.4197,81.4815
5688,48,244,580,0.5689,18.2605,1.35343,74.7396
5689,572,328,1700,0.0602,1.93089,0.164835,20.5882
5690,18,106,409,0.2351,7.54717,1.29342,37.2093
5691,17,1500,641,1.0,50.0,10.0,98.3859
5692,49,522,763,0.7758,24.9042,-0.606061,85.9223
5693,1,763,7100,1.0,38.5321,-0.569926,88.3817
5694,41,288,542,0.1284,4.12037,10.0,34.3284
5695,991,404,1500,0.0514,1.65016,0.950814,22.2222
5696,109,428,1900,0.2608,8.37227,-5.0,61.4035
5697,4,487,550,0.7612,24.4353,-0.726032,20.5607
5698,516,1400,2500,0.2246,7.21032,1.3986,45.841
5699,135,729,1500,0.0769,2.46914,10.0,78.7879
5700,140,320,171,0.0768,2.46528,1.09462,55.3571
5701,39,472,1900,0.1676,5.379,0.234101,65.625
5702,301,499,1225,0.2535,8.1385,0.3241,57.8231
5703,41,915,431,0.5998,19.2532,-0.761542,47.3227
5704,17,478,397,1.0,43.1859,-0.295705,32.0366
5705,38,293,674,0.7407,23.777,0.122,54.007
5706,13,1600,4900,0.213,6.8375,1.1972,50.1006
5707,170,3300,890,0.2517,4.5303,0.548246,27.027
5708,156,376,2700,0.4736,15.2039,10.0,79.5732
5709,14,702,499,0.3228,10.3632,0.8996,33.9286
5710,73,1700,1000,0.4667,14.9804,2.40964,27.649
5711,24,1400,892,0.277,8.89286,1.4426,38.326
5712,42,781,7400,0.3938,12.6405,2.17555,90.3356
5713,97,335,1200,0.201,6.45108,-0.445674,46.6667
5714,1,330,1500,0.708,22.7273,-3.70485,66.6667
5715,1,78,223,1.0,50.0,-0.712251,67.3077
5716,105,606,806,0.6095,19.5636,2.38095,26.2873
5717,81,125,332,0.2478,7.95556,1.17083,53.0303
5718,126,1000,864,0.3472,11.1444,0.994,47.9042
5719,18,782,265,0.7443,23.8917,2.17501,77.1795
5720,55,369,385,0.9526,30.5781,2.41935,29.918
5721,9,2100,626,1.0,24.4286,4.61361,46.0432
5722,73,223,172,1.0,47.2845,4.92729,63.2653
5723,4,74,32,0.1894,6.08108,0.7813,58.3333
5724,21,228,505,0.3044,9.77095,0.322719,49.3976
5725,104,1100,5400,0.0842,2.70202,1.4282,78.733
5726,6,1400,6900,0.4554,14.619,0.6748,75.8621
5727,51,285,737,0.2751,8.83041,-0.188253,87.5622
5728,31,193,393,0.7685,24.669,0.583374,95.0562
5729,161,255,1400,0.1167,3.74728,0.140328,85.5422
5730,17,1300,7300,0.2657,8.52941,1.2271,81.6733
5731,744,1100,2268,0.0412,1.32323,1.3436,50.9091
5732,94,5200,1769,0.0419,0.616453,0.995,0.0
5733,7,1200,7500,0.1571,5.04167,1.4558,80.4511
5734,80,763,5700,0.056,1.79846,-0.937256,87.3016
5735,561,1200,577,0.0981,3.14815,0.658,29.6443
5736,682,1700,7500,0.0146,0.46732,1.4576,34.0909
5737,13,478,390,0.4526,14.5281,-0.1134,11.3514
5738,75,544,2500,0.1677,5.38194,0.521878,78.0
5739,2,95,688,0.082,2.63158,5.34976,50.0
5740,475,1400,4700,0.0252,0.809524,1.0541,20.5128
5741,108,210,397,0.2176,6.98413,0.438148,57.1429
5742,78,2200,3732,0.5812,10.4621,0.8554,0.0
5743,158,1100,846,0.4682,15.0303,1.7751,20.4044
5744,29,90,61,0.4788,15.3704,0.917993,59.0164
5745,171,434,203,0.7114,22.8367,-0.0420521,44.3503
5746,31,293,168,0.1388,4.45582,0.0630305,25.9615
5747,133,541,1700,0.2195,7.04457,0.820436,0.0
5748,99,1100,1500,0.1992,6.39394,1.79641,26.6846
5749,3,1000,7400,0.2939,9.43333,-1.65289,68.2119
5750,11,1600,2200,0.5413,17.375,1.1976,0.0
5751,75,524,474,0.6807,21.8511,2.35267,32.7586
5752,1300,3300,7500,0.1344,2.41856,0.561377,0.0
5753,7,698,816,0.7766,24.9284,4.17867,39.2473
5754,6,86,809,0.7305,23.4496,0.422654,78.6885
5755,24,1400,2100,0.1542,4.94898,0.5896,39.6396
5756,161,1400,1400,0.1352,4.33929,0.7955,29.4643
5757,83,1500,5500,0.1737,5.57436,2.7972,0.0
5758,11,649,1400,0.5823,18.6903,0.4541,50.137
5759,7,346,4000,0.8013,25.7225,6.01399,89.375
5760,647,2600,7500,0.1201,2.16239,1.47929,30.9859
5761,6,537,1100,1.0,50.0,3.38816,90.2464
5762,69,662,7500,0.4905,15.7435,1.75556,99.8208
5763,3,382,916,1.0,39.9214,3.70191,0.0
5764,24,261,1100,0.6371,20.4502,0.840764,63.6364
5765,4,1800,7500,0.373,11.9722,1.12402,58.8076
5766,326,478,2500,0.1879,6.03208,-1.29543,62.0155
5767,319,1700,7500,0.3035,9.74183,1.4316,42.1788
5768,8,1600,4000,0.3517,11.2891,1.1061,47.3595
5769,4,953,777,0.6857,22.0094,1.8729,93.4831
5770,123,470,1300,0.3822,12.2695,1.96067,47.1042
5771,41,241,178,0.9142,29.3453,2.75048,22.9167
5772,56,1600,7200,0.0778,2.49653,-1.05671,70.6949
5773,33,532,7500,0.098,3.14422,1.1566,80.0
5774,18,1500,5700,0.1901,6.1037,-1.12952,51.25
5775,3,808,7000,1.0,32.9208,-0.563405,91.3684
5776,2900,2700,7600,0.0342,0.615226,1.1587,0.0
5777,570,7700,2200,0.107,1.57359,2.04604,29.249
5778,23,817,7300,0.1654,5.31076,-0.598845,62.6374
5779,147,589,2800,0.3394,10.8942,0.030012,20.1717
5780,446,1400,5400,0.0284,0.912698,0.7633,73.913
5781,30,393,1900,0.4875,15.6489,-0.229808,91.9214
5782,168,1100,5900,0.028,0.89899,0.6451,72.8261
5783,614,3100,3700,0.0458,0.824373,1.20289,50.0
5784,67,563,2200,0.0971,3.11822,-0.315398,91.1628
5785,40,1200,7500,0.0242,0.777778,1.61377,52.9412
5786,253,1300,6800,0.0341,1.09402,1.4326,64.9123
5787,11,580,3900,0.4063,13.0408,-0.524093,94.4321
5788,341,1100,6200,0.0496,1.59091,3.76968,27.7108
5789,62,632,2300,0.0887,2.8481,-0.271753,68.75
5790,368,1700,845,0.1738,5.57785,-1.0101,70.7899
5791,38,777,5600,0.1188,3.8142,3.96124,54.1353
5792,14,655,510,0.7307,23.4559,1.27748,0.0
5793,52,863,231,0.6008,19.2867,-0.308752,26.087
5794,163,33,234,0.1259,4.0404,0.9812,0.0
5795,284,605,583,0.4099,13.1589,1.90478,58.9404
5796,7,218,829,0.755,24.2355,1.24777,57.0175
5797,7,198,424,0.7822,25.1082,3.10116,57.5342
5798,29,557,471,0.9039,29.0146,1.94017,42.38
5799,28,328,271,0.5621,18.0432,0.3965,0.0
5800,71,939,1400,0.5642,18.1103,1.45387,31.6239
5801,6,285,683,1.0,34.9123,5.91253,50.0
5802,24,668,579,0.6707,21.5288,1.91002,33.1492
5803,14,293,575,0.7958,25.5448,0.254739,73.7401
5804,30,1100,3400,0.2719,8.72727,1.85185,45.8955
5805,7,181,542,1.0,44.1068,0.667904,73.6
5806,15,1500,369,0.6085,19.5333,2.997,0.0
5807,68,6400,2600,0.4657,6.84531,0.62435,54.6729
5808,144,306,245,0.2992,9.60421,0.118185,72.6667
5809,58,432,1100,0.0953,3.0607,1.73258,55.4622
5810,21,68,279,0.3436,11.0294,-0.263505,68.0851
5811,242,750,558,0.2146,6.88889,0.216888,12.8889
5812,913,803,3400,0.0129,0.41511,-0.277873,61.1111
5813,583,1900,2200,0.1371,4.40058,1.1659,15.1282
5814,156,2500,843,0.7662,13.7911,1.0295,52.7837
5815,83,128,26,0.3691,11.849,1.29,52.7027
5816,7,203,697,0.7827,25.1232,0.090009,0.0
5817,1500,9200,5200,0.0356,0.523551,5.74713,0.0
5818,898,1400,715,0.0696,2.23265,0.6719,26.8456
5819,134,491,595,0.8569,27.5062,-0.329268,85.9451
5820,192,1500,422,0.388,12.4556,1.24585,32.5203
5821,16,511,7300,1.0,32.8278,-0.783112,96.5035
5822,16,679,1200,0.3777,12.1257,0.662191,33.3333
5823,29,784,1000,0.3212,10.3104,-0.474308,89.4802
5824,3,671,773,1.0,34.5256,3.35352,46.875
5825,43,258,331,0.707,22.696,-0.550156,56.8493
5826,1700,3100,139,0.0094,0.168459,0.574713,15.0
5827,6,38,263,0.1093,3.50877,-1.71086,100.0
5828,22,100,116,0.4123,13.2353,-1.01683,88.8889
5829,58,884,1200,0.1648,5.29012,10.0,88.3562
5830,947,17700,5997,0.0179,0.193032,-0.1009,41.8182
5831,288,846,707,0.6765,21.7166,0.149,18.3036
5832,44,519,434,0.4502,14.4509,0.510235,15.942
5833,23,94,619,0.5063,16.253,-0.191388,84.4961
5834,4,34,6,0.5498,17.6471,0.547645,33.3333
5835,71,166,328,0.6506,20.8835,2.94218,74.5536
5836,46,148,88,0.1029,3.3033,1.0327,13.5135
5837,66,175,330,0.2987,9.5873,0.210194,9.5238
5838,39,732,380,0.693,22.245,1.49711,27.1484
5839,46,85,103,0.2627,8.43137,1.62187,42.1053
5840,33,381,332,0.8826,28.331,4.16089,40.7895
5841,2,241,259,1.0,37.3213,-5.0,28.4173
5842,13,403,304,0.5514,17.7006,3.70178,0.0
5843,22,389,598,0.4422,14.1959,0.669183,54.3779
5844,33,375,208,0.6729,21.6,2.57285,41.5888
5845,48,136,179,0.3105,9.96732,2.24037,57.8947
5846,18,1500,7300,0.0865,2.77778,-1.12275,74.1538
5847,40,370,3200,0.0903,2.8979,1.3353,77.3333
5848,141,1200,7500,0.0314,1.00926,1.2321,58.6207
5849,14,1700,3700,0.1431,4.59244,0.8651,37.581
5850,8,912,3900,0.1994,6.40076,-0.11956,87.1795
5851,453,3500,7295,0.1959,3.5254,0.5284,38.0952
5852,36,865,7100,0.3619,11.6185,-0.861033,94.3744
5853,2,94,86,1.0,38.2012,-5.0,28.3465
5854,1400,1400,7500,0.0394,1.26587,1.44231,38.4615
5855,27,129,1800,0.597,19.1645,-0.877193,89.5652
5856,200,453,258,0.2502,8.03287,-0.768787,84.0532
5857,128,1200,6700,0.1408,4.51852,1.61377,82.7586
5858,225,1300,406,0.1909,6.12821,1.4359,28.7805
5859,2,727,5100,1.0,43.0537,1.54681,96.1616
5860,92,348,873,0.1407,4.51788,-0.458365,55.3191
5861,87,11700,7500,0.0136,0.146724,-0.149551,61.6667
5862,66,651,2000,0.0401,1.28862,-0.35814,67.5325
5863,50,398,1300,0.0522,1.67504,6.02945,43.9394
5864,1000,1900,813,0.0649,2.08359,0.980392,53.2544
5865,102,474,241,0.2067,6.63385,4.68639,41.1765
5866,280,1600,653,0.1822,5.84722,10.0,40.0778
5867,53,1400,769,0.4484,14.3929,1.494,35.7143
5868,6,616,3100,0.5391,17.3052,-0.205536,75.6
5869,199,1400,7500,0.03,0.964286,1.41576,34.2105
5870,6,24,37,0.0649,2.08333,0.781047,100.0
5871,2,173,546,0.2971,9.53756,0.997783,46.1538
5872,10,265,1700,0.7359,23.6226,-1.08294,93.5976
5873,512,624,360,0.0103,0.329416,10.0,81.8182
5874,22,283,1700,0.3495,11.2191,1.34198,0.0
5875,16,1200,7400,0.0627,2.01111,0.6418,74.6114
5876,140,1200,4300,0.0162,0.518519,1.3038,76.2712
5877,263,2200,7500,0.0786,1.41414,0.5675,0.0
5878,53,508,3008,0.2848,9.14261,-0.1067,91.7927
5879,124,287,1300,0.0478,1.5331,-0.260994,21.4286
5880,29,440,1200,0.5119,16.4305,0.0446648,61.875
5881,23,1200,6900,0.2101,6.7451,1.79426,0.0
5882,23,282,1600,0.7451,23.9165,-0.682594,92.9167
5883,675,11100,7400,0.3577,3.86286,-0.317948,90.0
5884,133,4600,3300,0.326,5.86836,1.71086,0.0
5885,21,944,3300,0.2979,9.56417,0.117011,54.142
5886,21,2500,4400,0.3479,6.2625,0.762195,38.5845
5887,19,784,703,0.6822,21.8989,0.51285,42.3913
5888,230,1600,7500,0.0187,0.600694,-1.08264,50.4762
5889,19,380,546,0.7232,23.2143,3.13702,61.1429
5890,458,1200,1800,0.0913,2.93056,0.6359,18.9815
5891,17,98,3,0.1844,5.91837,1.3986,13.0435
5892,26,78,616,0.8764,28.1339,-1.25313,81.0606
5893,135,2100,7400,0.1476,2.65608,0.8149,86.0424
5894,1,87,324,1.0,50.0,-1.43208,0.0
5895,37,212,856,0.1551,4.97904,-0.657174,69.4444
5896,235,1600,1100,0.2894,9.28819,2.58176,35.159
5897,34,673,698,0.5362,17.2115,0.2693,49.75
5898,5,1000,681,0.6417,20.6,0.292099,0.0
5899,166,1300,6300,0.0622,1.99573,1.3004,0.0
5900,283,183,739,0.0709,2.27687,-1.43575,65.3846
5901,70,1300,969,0.3817,12.2521,1.63399,38.6635
5902,4,150,214,0.7736,24.8333,0.623182,17.5676
5903,1,12,37,0.5192,16.6667,1.6331,100.0
5904,102,271,98,0.2465,7.91308,-0.827253,97.1963
5905,1,10,89,0.6231,20.0,-1.64294,50.0
5906,7,1300,5300,0.2335,7.4945,1.0601,94.697
5907,5,104,111,1.0,50.0,-0.5067,27.381
5908,133,936,1100,0.2496,8.01282,0.619051,36.6559
5909,101,866,1200,0.4549,14.601,0.635155,34.1772
5910,1,186,609,1.0,50.0,-0.0949,52.5
5911,7,91,1172,0.132,4.23862,1.0382,46.6667
5912,5,2500,1000,1.0,49.392,-0.695088,99.082
5913,512,971,1600,0.3274,10.5104,0.169075,35.6164
5914,13,555,1600,0.475,15.246,1.64414,19.1882
5915,81,814,929,0.6019,19.3216,0.345524,30.6265
5916,78,2800,956,0.383,6.89484,0.9501,0.0
5917,92,228,942,0.435,13.962,0.398,74.5856
5918,21,1700,7000,0.18,5.77941,-1.01626,35.3319
5919,715,6100,7500,0.0418,0.614754,0.7415,72.3343
5920,2200,9800,3900,0.0502,0.737528,-0.350877,0.0
5921,160,610,736,0.1404,4.5082,-0.352913,58.046
5922,4835,1400,7500,0.0005,0.015873,0.8296,50.0
5923,5,433,724,0.8159,26.1894,-0.0841043,47.3896
5924,79,291,94,0.3592,11.5311,-0.424517,37.6744
5925,143,869,5200,0.1667,5.35098,-0.55123,68.3511
5926,244,1800,3800,0.011,0.351852,0.5141,17.6471
5927,454,701,668,0.5059,16.2387,-0.229085,65.3959
5928,34,1400,4100,0.188,6.03571,1.1452,54.0856
5929,10,17,118,1.0,50.0,-1.96143,73.913
5930,100,1000,878,0.4624,14.8444,0.414016,13.0705
5931,51,1400,2800,0.1522,4.88655,1.46987,40.2027
5932,37,1800,5100,0.0891,2.86111,-1.01215,84.965
5933,118,518,1500,0.1477,4.74045,-0.240964,88.3929
5934,2,58,486,1.0,50.0,-1.16595,96.9697
5935,6,306,1500,0.694,22.2767,-0.681973,90.5844
5936,11,1300,3000,0.1065,3.41881,0.5004,38.4615
5937,91,1400,6800,0.116,3.72222,10.0,81.9915
5938,68,358,863,0.0793,2.545,-0.102249,65.1515
5939,16,60,45,0.0779,2.5,-0.303582,0.0
5940,419,1900,7200,0.0126,0.403509,3.51562,61.1111
5941,146,1800,4300,0.0335,1.07407,-1.01215,0.0
5942,193,855,80,0.1016,3.26186,-0.329994,78.2258
5943,11,108,484,0.4169,13.3838,0.1659,83.0986
5944,42,1500,1200,0.4448,14.2778,1.29088,0.0
5945,14,272,323,0.2732,8.77101,0.625985,74.5098
5946,373,428,694,0.3158,10.1366,-2.80438,0.0
5947,541,3100,868,0.0492,0.885305,-0.545058,38.4615
5948,265,5000,5700,0.0086,0.155556,0.9001,70.0
5949,699,16000,1100,0.5613,6.06214,0.3392,49.7299
5950,115,1000,5200,0.0583,1.87222,1.4637,60.119
5951,73,201,468,0.7577,24.3228,0.767607,51.4151
5952,9,668,585,0.7042,22.6048,5.68964,0.0
5953,72,972,710,0.583,18.7129,0.79775,26.4249
5954,33,1800,7500,0.0841,2.69841,1.0442,51.7483
5955,292,180,351,0.3548,11.3889,3.09598,26.087
5956,45,629,2100,0.2253,7.2337,-0.695024,61.3861
5957,7,1800,4200,0.1941,6.23016,0.7165,49.5434
5958,6,1800,7400,0.3603,11.5648,1.1284,81.6532
5959,134,3000,2800,0.5549,9.9875,2.08333,0.0
5960,7,253,698,0.2111,6.77584,-0.418663,64.2857
5961,6,107,316,0.2087,6.69782,-0.333611,85.7143
5962,98,1600,1800,0.3764,12.0833,4.12088,47.3154
5963,408,384,1500,0.0315,1.01273,0.231449,13.0435
5964,50,218,824,0.1389,4.45973,-0.325627,56.5217
5965,248,1400,7500,0.0391,1.25397,-1.16279,88.764
5966,256,378,1600,0.1268,4.07113,-0.725163,51.25
5967,1500,2600,6600,0.036,0.647436,0.9854,25.0
5968,96,535,1900,0.1925,6.17861,-0.591813,65.4472
5969,189,1400,7300,0.0477,1.53175,2.94118,36.9369
5970,139,2400,7360,0.0315,0.566176,-0.7186,85.4545
5971,117,1200,4400,0.1199,3.84722,0.7444,80.3419
5972,1300,1400,7300,0.0265,0.849206,2.90698,49.1803
5973,15,386,1500,0.0393,1.26079,-0.0472679,55.5556
5974,87,646,2400,0.1342,4.30705,3.84944,77.2059
5975,213,4000,780,0.9024,16.2431,10.0,59.5611
5976,49,2800,5200,0.2987,5.37698,-0.642536,68.0
5977,903,3000,2500,0.2488,4.47778,1.98413,13.6612
5978,87,1400,5000,0.0435,1.39683,-1.23457,30.1471
5979,19,366,1600,0.1513,4.85731,-0.300541,64.6617
5980,3,296,2100,0.7157,22.973,5.63154,0.0
5981,43,1600,945,0.5365,17.2222,1.3814,34.5269
5982,6,385,1100,0.7428,23.8442,3.0303,37.9518
5983,323,954,2300,0.1061,3.40671,10.0,24.8
5984,143,2200,2500,0.1063,1.91414,0.7197,38.1757
5985,78,2300,7500,0.3739,6.72947,0.821468,63.2937
5986,102,30400,1300,1.0,11.2568,0.980392,38.892
5987,6,358,2100,0.4206,13.5009,0.8078,57.1429
5988,8,6800,3962,0.7887,11.5938,0.2649,95.9192
5989,54,513,381,0.7162,22.9911,0.653239,34.1317
5990,6,1100,922,0.5211,16.7273,1.87087,23.3083
5991,21,1300,1300,0.0919,2.94872,1.47059,0.0
5992,2,3000,7100,0.1426,2.56667,-0.565931,67.1053
5993,26,1100,3500,0.1912,6.13637,0.6071,39.2027
5994,36,1000,5200,0.1428,4.58235,0.632276,42.3913
5995,189,900,1800,0.3963,12.7222,0.806406,43.287
5996,299,1700,5500,0.0963,3.0915,0.9074,18.6813
5997,422,2400,2500,0.2931,5.27546,-0.714286,31.6703
5998,12,1400,3600,0.217,6.96429,0.5213,47.7966
5999,449,2000,2100,0.1618,5.19444,0.6895,39.5238
6000,30,715,2700,0.5066,16.2626,1.04263,78.7671
6001,18,469,599,0.541,17.3656,-0.490381,74.1176
6002,308,3900,4100,0.0234,0.421652,-0.433526,77.3723
6003,130,1300,3400,0.2761,8.86153,1.47929,0.0
6004,186,1200,7500,0.1007,3.23148,0.5526,23.1156
6005,159,4000,3500,0.5884,10.5917,0.460617,46.3277
6006,21,1500,4659,0.3664,11.763,1.2474,53.1944
6007,20,521,1100,0.6253,20.0736,0.883349,46.7532
6008,6,995,7200,0.4175,13.4003,0.130399,58.0645
6009,18,432,5600,0.2953,9.47788,-1.18784,74.2947
6010,97,1800,2900,0.1317,4.22876,1.08264,60.9504
6011,60,939,200,0.5965,19.1465,10.0,69.7872
6012,37,1200,7350,0.161,5.16667,1.3274,53.8462
6013,15,4800,4584,0.7394,13.3083,0.781,0.0
6014,23,445,3327,0.1077,3.45818,0.4105,69.7674
6015,97,1700,3332,0.3024,9.70588,0.6272,84.9938
6016,50,2300,3000,0.2335,4.2029,0.811688,46.1207
6017,18,304,1900,0.4242,13.6184,1.15835,74.5098
6018,509,10200,6300,0.1157,1.24946,-1.29102,41.5563
6019,206,499,1600,0.3554,11.4095,1.34698,37.4269
6020,81,5900,6200,0.96,14.1123,1.33038,40.2548
6021,34,701,2500,0.2503,8.03613,-0.3626,57.5646
6022,50,473,2400,0.2844,9.12822,0.206782,51.3889
6023,177,1200,3400,0.2022,6.49074,10.0,49.3113
6024,44,1100,2600,0.236,7.57487,0.5534,38.7521
6025,376,604,1400,0.0126,0.40471,2.11835,45.4545
6026,88,1200,5800,0.2882,9.25,1.75953,37.3303
6027,553,2900,7500,0.087,1.56514,0.673854,46.8439
6028,9,530,2300,0.3279,10.5241,-0.398681,73.7624
6029,31,356,1100,0.4516,14.4975,1.68485,51.8519
6030,94,1900,7500,0.0424,1.36257,1.04822,31.3131
6031,1,2200,631,0.3914,7.04545,0.9907,41.8301
6032,33,2100,7100,0.6442,11.5952,3.28947,0.0
6033,40,739,2800,0.1918,6.15697,-0.239048,58.5366
6034,15,214,419,0.1068,3.42679,-0.082565,81.4815
6035,195,573,798,0.0882,2.8311,0.853868,19.4444
6036,513,1500,806,0.2252,7.22857,2.71493,25.0
6037,526,2100,2100,0.0495,0.891534,1.047,81.1765
6038,27,285,177,0.7196,23.0994,0.585785,0.0
6039,7,180,626,0.6404,20.5556,0.203059,75.6579
6040,2,214,498,1.0,50.0,-0.447668,94.3114
6041,601,722,2333,0.0197,0.630963,0.0246,22.2222
6042,5,163,204,0.6154,19.7546,-0.111541,46.25
6043,49,338,1900,0.17,5.45694,-0.677507,69.5652
6044,68,163,566,0.413,13.2583,-0.649444,62.9032
6045,165,559,481,0.3607,11.5782,0.3584,27.8539
6046,54,1100,966,0.6429,20.6364,3.21543,40.5248
6047,125,616,627,0.8946,28.7157,0.0889812,21.0117
6048,1,103,452,1.0,50.0,10.0,78.0488
6049,251,2200,875,0.797,14.346,0.845309,28.8668
6050,35,199,350,0.4148,13.3166,0.185713,39.4495
6051,228,1000,1500,0.5778,18.5471,0.240937,32.9225
6052,59,640,648,0.2409,7.73438,0.673683,24.2236
6053,134,1100,747,0.4199,13.4798,3.12702,47.8852
6054,17,544,667,0.9343,29.9895,2.42873,61.8667
6055,121,385,800,0.5457,17.518,1.93548,54.8495
6056,394,1600,1400,0.1912,6.13889,10.0,24.3902
6057,63,1200,521,0.6696,21.4954,1.72612,36.4583
6058,5,1300,721,0.1165,3.73846,-1.36488,32.3232
6059,55,441,1200,0.5849,18.7755,1.05928,60.6469
6060,5,258,537,0.8476,27.2093,0.507063,38.5093
6061,74,579,487,0.4409,14.1527,-0.189934,45.3634
6062,240,3600,7300,0.0335,0.603704,7.12251,0.0
6063,129,528,522,0.197,6.32365,-0.364432,0.0
6064,153,713,2100,0.0765,2.45442,-0.323608,21.7822
6065,141,1500,7400,0.0142,0.455556,-1.18671,84.5238
6066,3,31,15,0.8374,26.8817,-0.568182,58.8235
6067,66,301,181,0.33,10.5943,-2.47059,59.2
6068,138,372,652,0.5611,18.0108,0.81716,38.5666
6069,31,2400,4600,0.4369,7.86343,0.5553,90.5797
6070,373,1600,7000,0.0148,0.475694,1.16959,42.5926
6071,659,1300,908,0.2482,7.96635,5.80007,19.8473
6072,78,1900,527,0.3732,11.9795,0.7383,86.5604
6073,72,2100,5000,0.4422,7.96032,0.8545,51.0791
6074,1100,6200,7500,0.1501,2.20609,0.9406,29.6923
6075,439,1100,1600,0.1636,5.25253,1.172,32.5359
6076,10,830,7400,0.1659,5.3253,-0.228938,72.1212
6077,579,97,1800,0.0178,0.572739,4.87013,20.0
6078,1,79,189,1.0,43.038,5.98205,29.6296
6079,10,269,348,0.3254,10.4461,0.8192,61.7978
6080,75,1900,2000,0.4415,14.1725,10.0,47.8022
6081,19,209,472,0.6696,21.4943,1.91241,50.0
6082,449,1900,7070,0.0461,1.47953,1.2046,50.0
6083,20,502,369,0.4321,13.8695,1.21451,32.5581
6084,147,434,825,0.1425,4.57285,0.0907771,62.8319
6085,44,817,1500,0.2877,9.23433,2.13904,76.9481
6086,18,208,624,0.3678,11.8056,0.086783,0.0
6087,6,176,866,0.5163,16.572,0.105171,89.7196
6088,21,294,651,0.5569,17.876,1.04644,60.2941
6089,3,154,111,0.5799,18.6147,0.237793,46.2963
6090,431,836,479,0.076,2.43886,0.238095,9.009
6091,111,877,2200,0.1204,3.86418,0.308022,18.6441
6092,97,460,820,0.2709,8.69565,3.00814,43.5897
6093,29,512,4000,0.2322,7.45443,-0.346212,73.444
6094,9,728,3600,0.097,3.11356,-0.197628,80.6818
6095,871,860,792,0.0048,0.155039,-1.22564,50.0
6096,10,309,1300,0.6632,21.2873,1.05215,44.4444
6097,40,365,3700,0.5799,18.6149,-0.758941,85.1852
6098,12,324,2700,1.0,39.6862,-0.440788,91.6667
6099,10,181,426,0.5336,17.1271,-0.19992,90.1408
6100,44,1100,1800,0.4286,13.7576,1.82927,0.0
6101,281,663,4300,0.2561,8.22021,-0.161113,32.2581
6102,38,1400,2800,0.5932,19.0408,1.41576,28.855
6103,14,296,528,0.5675,18.2173,1.56986,31.7949
6104,1,444,1000,0.4631,14.8649,0.212227,14.2857
6105,77,891,2000,0.1985,6.37237,0.444428,0.0
6106,19,113,300,0.6301,20.2276,4.24448,82.2785
6107,1,111,631,1.0,35.1351,0.9215,72.2222
6108,40,1600,158,0.2274,7.29861,-1.06952,99.5902
6109,67,312,514,0.6234,20.012,0.2333,27.3196
6110,8,203,185,1.0,33.4975,1.65177,52.9412
6111,53,507,560,0.4475,14.3655,1.49701,37.6033
6112,17,979,552,0.5123,16.4454,0.465186,18.5484
6113,29,1100,3000,0.3726,11.9596,10.0,50.0
6114,45,222,305,0.8349,26.8018,0.683839,32.7869
6115,136,1800,1300,0.1732,5.55864,1.06308,24.6684
6116,228,2700,6600,0.0941,1.69342,-0.704887,85.0829
6117,72,699,304,0.6252,20.0676,1.85054,41.1594
6118,148,463,896,0.5531,17.7538,-0.19308,33.0508
6119,42,2500,5000,0.286,5.14889,-0.699301,31.5488
6120,37,213,1300,0.4315,13.8498,0.832408,68.9922
6121,7,982,578,0.8121,26.0693,0.326904,92.8122
6122,1,252,2400,1.0,35.3175,0.359342,0.0
6123,17,432,1200,0.4776,15.3322,1.39056,38.488
6124,7,735,498,0.5154,16.5442,0.327582,30.9859
6125,551,1700,2900,0.0527,1.69281,0.9151,41.2214
6126,80,1600,1400,0.367,11.7812,0.6415,33.3846
6127,79,1200,2200,0.4458,14.3102,1.67317,75.3286
6128,3,53,576,1.0,50.0,2.9453,86.8421
6129,75,931,355,0.2491,7.99618,0.512146,0.0
6130,89,1200,915,0.4465,14.3333,1.77096,45.1429
6131,3,325,2600,0.8595,27.5897,-0.528355,78.75
6132,28,206,393,0.704,22.5998,-0.191034,53.112
6133,74,454,901,0.7116,22.8427,2.11585,39.2241
6134,28,1000,852,0.6199,19.9,0.8943,15.1448
6135,6,293,230,0.6716,21.5586,1.35967,40.1274
6136,7,347,3400,1.0,50.0,-1.08401,84.6154
6137,219,309,434,0.3971,12.7472,0.7215,43.787
6138,292,693,671,0.4668,14.9832,-0.104343,28.7918
6139,69,1700,1400,0.241,7.73529,1.2959,0.0
6140,9,90,396,0.5365,17.2222,10.0,43.5897
6141,3,517,4200,1.0,45.4545,-0.714027,93.0723
6142,570,1600,601,0.2372,7.61397,0.6826,35.6061
6143,6,296,839,1.0,44.7973,2.93712,77.37
6144,18,362,398,0.7648,24.5488,3.81803,97.5207
6145,105,508,723,0.3782,12.1391,0.793231,47.8827
6146,73,574,6600,0.1993,6.3976,0.0342196,87.8125
6147,59,318,508,0.7146,22.9375,1.11471,0.0
6148,21,556,1700,0.5973,19.1747,2.40696,65.4762
6149,12,163,563,0.9389,30.138,3.69703,64.2384
6150,160,195,720,0.758,24.3305,1.3523,57.561
6151,117,1100,3800,0.2599,8.34343,1.81818,0.0
6152,136,894,7500,0.1161,3.72623,1.92673,48.7952
6153,5,328,1100,1.0,50.0,0.490196,71.1039
6154,28,505,473,0.3524,11.3119,6.43459,41.3462
6155,24,204,744,0.6049,19.4172,0.394737,85.8757
6156,30,909,1193,0.6278,20.152,0.2174,34.4961
6157,69,640,679,0.6582,21.1285,1.44788,19.7531
6158,149,676,945,0.3507,11.259,0.469208,57.4932
6159,13,1300,1100,0.7035,22.5812,1.51515,35.2765
6160,199,1500,5100,0.2095,6.72593,0.5533,58.5956
6161,103,1300,722,0.6782,21.7692,0.97,26.0492
6162,14,1200,740,0.7087,22.75,0.6996,16.7315
6163,11,354,432,1.0,40.3248,-0.201925,38.2911
6164,10,235,322,1.0,35.8663,1.96067,14.4578
6165,41,156,326,0.7056,22.6496,2.32919,62.1622
6166,75,719,922,0.8411,26.9993,-0.0498,32.7402
6167,40,410,541,0.8831,28.3469,1.2589,35.5872
6168,10,723,1400,0.8381,26.9018,-0.125637,67.5637
6169,3,364,296,1.0,38.4615,4.02516,87.5
6170,27,132,156,0.6136,19.697,-0.135882,54.7945
6171,147,787,1500,0.3618,11.6123,1.50039,37.2881
6172,54,261,707,0.4802,15.4158,1.45243,52.1053
6173,101,34900,4700,0.3857,3.58703,-0.150401,29.3972
6174,223,1600,671,0.2477,7.95139,1.3525,28.6538
6175,150,8300,941,0.5782,8.4998,6.88623,30.8863
6176,625,14700,1100,0.5639,6.08979,0.493624,19.901
6177,162,2600,1846,1.0,21.0534,1.1977,27.1976
6178,176,12100,2200,0.6716,7.25362,1.07725,18.4116
6179,199,1400,1700,0.4419,14.1865,0.5843,38.0711
6180,118,1000,1300,0.6108,19.6056,0.768,34.9345
6181,98,650,2400,0.3844,12.3407,0.577201,29.2958
6182,315,5100,7500,0.1531,2.25055,0.350877,29.3333
6183,6,2700,5500,0.607,10.9259,0.8535,44.5724
6184,188,2700,4200,0.3325,5.9856,0.703565,43.9197
6185,626,1100,2000,0.2565,8.23232,0.7137,27.4336
6186,85,540,576,0.8121,26.07,0.781676,95.8005
6187,54,2100,5438,0.274,4.93197,1.1261,0.0
6188,20,173,1300,0.7433,23.86,-0.408413,93.1034
6189,23,1600,1600,0.5398,17.3269,2.5974,46.2477
6190,38,533,583,0.6027,19.3454,0.680337,44.4954
6191,276,1300,2900,0.3728,11.9658,1.51515,0.0
6192,95,6400,2500,0.3053,4.48854,-1.07604,35.824
6193,3,179,749,0.5975,19.1806,-0.296111,18.0328
6194,362,1500,2600,0.663,21.2815,0.7604,38.5531
6195,234,2100,2800,0.2938,5.28851,1.93736,49.3002
6196,31,533,567,0.5686,18.251,-0.0696581,32.6582
6197,9,1300,1500,0.4725,15.1667,-1.30662,0.0
6198,232,1400,2200,0.6289,20.1865,1.0391,18.3569
6199,34,223,569,0.3624,11.6343,3.2427,64.8649
6200,49,931,1900,0.3214,10.3175,0.585633,35.101
6201,85,1100,3000,0.3841,12.3283,0.5939,48.0874
6202,34,180,381,0.3827,12.2839,0.788229,66.6667
6203,249,1100,729,0.3104,9.96257,1.2801,26.6393
6204,26,450,1200,0.2911,9.34567,1.66455,58.9552
6205,32,184,658,0.3969,12.7415,0.21978,79.0698
6206,60,842,1800,0.4247,13.6316,10.0,51.7891
6207,87,301,269,0.625,20.0628,1.36874,30.3797
6208,37,342,182,0.4261,13.6777,0.057501,61.3636
6209,34,379,957,0.5539,17.7807,0.531378,63.1579
6210,39,184,2200,0.5898,18.9312,4.7385,99.3174
6211,6,383,680,0.8663,27.8068,0.103605,98.8095
6212,333,824,737,0.4957,15.9115,0.441579,55.0442
6213,186,1700,7498,0.2159,6.93137,1.0225,34.6072
6214,18,401,4400,0.4016,12.8909,6.41078,62.7273
6215,110,826,2000,0.5297,17.003,3.15083,31.6008
6216,338,709,1600,0.4506,14.4658,0.72987,30.2326
6217,67,362,1100,0.3175,10.1903,0.669149,69.0566
6218,12,577,546,0.6027,19.3477,-0.2664,53.1868
6219,47,52,27,0.0466,1.49573,-0.351576,33.3333
6220,26,538,812,0.6379,20.4771,0.171601,0.0
6221,37,724,666,0.7736,24.8312,1.26796,38.2562
6222,31,1300,2200,0.8977,28.8162,1.51515,19.9582
6223,19,409,502,0.5882,18.8828,2.80784,24.4726
6224,247,1500,871,0.8422,27.0333,1.2496,26.7317
6225,15,443,824,0.4932,15.8314,1.27262,53.8462
6226,17,531,1900,0.2626,8.43027,1.05042,81.5029
6227,21,313,506,0.5115,16.4182,6.35593,31.3253
6228,12,1200,7100,0.1642,5.27083,1.3113,82.5553
6229,1300,11300,4100,0.3075,3.32055,-0.324062,98.6087
6230,27,198,1300,0.4887,15.6881,1.24069,86.8726
6231,7,264,219,0.9047,29.0404,-0.853298,25.9036
6232,387,612,4500,0.654,20.9919,0.0874457,25.4296
6233,92,1300,629,0.7534,24.1838,10.0,21.3924
6234,59,1200,3400,0.0731,2.34722,0.8947,85.3933
6235,796,33800,4000,0.5043,4.68987,0.0563423,28.7963
6236,38,482,7200,0.1583,5.08299,-1.04908,75.8427
6237,31,432,235,0.6887,22.1065,1.23947,24.3028
6238,189,1100,1200,0.9785,31.4091,1.79641,36.9617
6239,83,2500,920,0.3163,5.69333,-1.35501,46.7372
6240,299,991,6000,0.0875,2.80861,-0.159763,57.6389
6241,21,139,745,0.5519,17.7158,1.8759,57.1429
6242,34,145,360,0.4548,14.5977,2.31114,35.8491
6243,74,542,4800,0.0865,2.77778,-0.549604,0.0
6244,40,91,133,0.291,9.34066,0.7068,46.1538
6245,29,778,523,1.0,32.788,0.624122,46.0227
6246,43,60,91,0.1096,3.51852,0.6555,53.3333
6247,229,2200,4500,0.1442,2.59642,0.855432,40.5229
6248,223,1000,1100,0.3399,10.9111,0.5186,16.2907
6249,13,421,1000,0.3521,11.3025,1.16193,53.1073
6250,22,514,397,1.0,38.5863,8.90646,44.2105
6251,20,1200,966,0.6899,22.1458,1.75953,24.594
6252,31,3000,518,0.6985,12.5726,0.619451,23.7906
6253,554,1800,1400,0.3348,10.7469,1.06952,28.7319
6254,149,660,500,0.3724,11.9529,-0.269736,56.4103
6255,15,85,251,0.5498,17.6471,0.213858,80.4878
6256,81,5400,947,0.0259,0.380658,0.686813,71.9298
6257,32,706,4200,0.1294,4.15486,-0.303874,83.8462
6258,308,1800,2100,0.1448,4.64706,1.03806,11.2676
6259,4800,23200,5900,0.0104,0.112787,-0.0757385,33.3333
6260,20,84,210,0.4924,15.8069,0.887574,66.0377
6261,1,171,1200,0.4372,14.0351,-1.09228,77.2727
6262,29,105,886,0.2324,7.46032,1.3341,69.8113
6263,372,2200,1200,0.2155,3.87968,1.75439,30.0
6264,224,3400,1100,0.4998,8.99653,10.0,62.6708
6265,367,35800,369,0.2361,2.19609,1.43107,21.124
6266,23,4100,1000,0.1321,2.37805,3.11688,75.3623
6267,27,1100,1300,0.3691,11.8485,2.34522,0.0
6268,6,673,676,0.5434,17.4443,-0.239936,96.9432
6269,108,7200,1300,0.7605,11.179,0.795334,34.306
6270,60,435,1600,0.5164,16.5773,1.76168,60.0733
6271,399,6800,2800,0.1087,1.59732,-0.759045,22.9371
6272,569,28900,2100,0.2528,2.35102,1.67715,25.974
6273,112,7100,1200,0.2738,4.02426,0.557414,53.9155
6274,94,410,1800,0.3195,10.2575,-0.775571,86.3636
6275,1300,3100,3300,0.0249,0.447818,-0.558036,44.4444
6276,110,1600,1300,0.1855,5.95312,-1.0442,0.0
6277,275,1900,7400,0.0057,0.184211,10.0,53.4884
6278,483,2200,6900,0.0088,0.159091,0.830565,87.234
6279,3,182,1200,0.5649,18.1319,0.928984,81.25
6280,207,880,5100,0.0704,2.2601,0.269357,83.2461
6281,15,529,2900,0.3663,11.758,-0.501337,79.5977
6282,4300,1600,1700,0.0477,1.53125,1.3628,9.396
6283,62,1100,2400,0.1221,3.91919,0.5477,89.3536
6284,184,1000,2600,0.2046,6.56667,-1.65289,57.385
6285,100,846,1800,0.1588,5.09588,0.0858541,83.913
6286,210,1500,5500,0.1897,6.08889,0.5075,45.0355
6287,347,1300,313,0.0308,0.98718,1.0011,34.0909
6288,65,411,3500,1.0,40.8759,-0.434506,97.4784
6289,51,153,700,0.2545,8.16993,1.51976,50.6024
6290,18,73,341,0.358,11.4916,-0.481928,67.4419
6291,487,2400,7400,0.0125,0.224537,1.4436,69.0909
6292,73,861,3500,0.204,6.54923,1.00879,47.8386
6293,1700,2300,6400,0.0072,0.130435,0.7497,44.8276
6294,69,1100,3800,0.0711,2.28283,1.2336,75.4717
6295,14,1100,6900,0.4167,13.3766,-1.53374,85.2905
6296,284,1300,4100,0.0427,1.37179,1.1416,66.8831
6297,468,2700,7200,0.0703,1.26543,1.3254,35.9307
6298,68,914,2800,0.0682,2.18818,0.141178,44.2177
6299,452,2800,6800,0.0377,0.678572,0.9207,93.1937
6300,5000,3200,988,0.1473,2.65104,-0.537924,10.4089
6301,190,3200,7700,0.0227,0.407986,-0.547645,30.6931
6302,353,12400,7100,0.1011,1.09185,-0.564759,37.6812
6303,2,1600,7100,0.2395,7.6875,1.3995,75.5682
6304,27,702,699,0.5325,17.094,2.33385,57.0815
6305,51,1000,3700,0.184,5.90556,-1.66297,83.4171
6306,324,1500,4000,0.0414,1.32963,1.0424,60.9272
6307,859,1200,585,0.1258,4.03704,1.62338,21.4575
6308,2,460,804,0.1016,3.26087,-0.197902,63.6364
6309,217,808,1000,0.1662,5.33554,0.867282,24.4813
6310,1,473,3000,0.5006,16.0677,-1.31907,65.6716
6311,13,237,1200,0.1486,4.77118,-0.230061,75.7143
6312,746,2400,7500,0.102,1.83565,0.9195,58.9552
6313,5,876,3200,0.6202,19.9087,-0.390719,81.6092
6314,627,1900,3300,0.0307,0.98538,0.9599,29.7872
6315,31,1500,5300,0.159,5.1037,0.8496,87.7996
6316,1500,3000,2900,0.2613,4.7037,0.604961,15.2738
6317,48,193,55,1.0,50.0,4.48466,42.8571
6318,31,307,1800,0.0417,1.33912,-0.170778,75.0
6319,4,499,1400,0.1467,4.70942,-0.396969,42.5926
6320,92,949,7400,0.0401,1.28791,-0.30146,66.1765
6321,479,1200,6700,0.0278,0.893519,-1.40713,60.7143
6322,82,225,883,0.3154,10.1235,-0.0819403,64.0449
6323,111,2300,5500,0.0472,0.850242,0.5848,72.5
6324,2000,1200,2000,0.0682,2.18889,1.61377,26.8041
6325,2776,9100,156,0.0812,1.19292,0.4086,32.2663
6326,16,1100,3700,0.2248,7.21488,1.4154,0.0
6327,841,1000,7400,0.2454,7.87778,-1.74825,83.2413
6328,71,735,621,0.093,2.98564,-0.158768,54.6012
6329,115,1600,6100,0.0379,1.21528,-1.12402,60.6383
6330,2200,967,1400,0.0515,1.6546,0.514848,7.6923
6331,644,71000,30,0.0221,0.172066,9.65926,27.5789
6332,13,114,30,0.4892,15.7018,-0.61262,78.3784
6333,2,361,5000,0.5005,16.0665,-0.375958,62.5
6334,13,579,2700,0.9714,31.1811,-0.636364,98.0978
6335,2,410,542,0.5357,17.1951,0.179131,0.0
6336,642,1100,1700,0.0661,2.12121,0.7965,0.0
6337,17,165,687,0.7458,23.9394,3.40092,63.3588
6338,354,218,985,0.0961,3.08359,0.419182,38.8889
6339,286,145200,1900,0.2701,2.02556,10.0,67.8878
6340,149,7200,1700,0.0819,1.2037,10.0,58.2645
6341,210,1300,1800,0.4692,15.0598,1.49701,61.2319
6342,90,760,1400,0.3902,12.5247,0.216579,32.0755
6343,9,866,173,0.2294,7.36464,-0.816939,44.2396
6344,62,538,1100,0.4237,13.5997,1.96925,66.9742
6345,57,768,1800,0.6423,20.6163,0.341736,66.2632
6346,120,3400,6800,0.0673,1.21078,-0.519481,79.4805
6347,257,388,1200,0.1137,3.6512,0.278819,13.8889
6348,381,665,3500,0.1551,4.97911,0.932414,82.3899
6349,9,1500,1900,0.1454,4.66667,1.2987,45.2229
6350,232,1100,3100,0.0858,2.75401,1.3284,43.8424
6351,27,820,698,0.5758,18.4824,1.93107,33.9921
6352,39,346,463,0.5932,19.043,0.770507,27.2374
6353,37,171,337,0.7135,22.9045,0.435493,54.5946
6354,56,382,1400,0.4001,12.8418,1.15783,0.0
6355,1,161,657,1.0,43.4783,2.29978,85.9649
6356,15,80,425,0.1454,4.66667,-0.227221,50.0
6357,249,981,693,0.5991,19.2321,0.111214,39.5041
6358,22,709,636,0.1886,6.05548,-0.249848,53.7037
6359,107,446,860,1.0,34.7533,0.400043,31.7647
6360,17,345,1000,0.9555,30.6703,2.8676,70.9172
6361,20,465,951,0.4351,13.9665,1.40593,0.0
6362,200,609,1300,0.1425,4.57424,0.773643,56.0241
6363,4,2000,756,1.0,46.125,-0.8453,69.5355
6364,1700,21600,6000,0.006,0.0648148,-0.0803772,66.6667
6365,73,305,642,0.2928,9.39891,-0.115645,51.3699
6366,445,481,2300,0.0676,2.1714,1.1824,74.7475
6367,25,757,1500,0.9589,30.7794,1.3853,33.3333
6368,305,623,490,0.5918,18.9973,2.24702,0.0
6369,50,755,1400,0.8282,26.5857,1.60786,43.9169
6370,41,409,987,0.6563,21.0676,2.26146,24.6032
6371,244,598,990,0.6437,20.6615,0.954522,46.4213
6372,340,948,1700,0.5718,18.3544,1.9884,17.7665
6373,731,1100,1100,0.3469,11.1364,1.3711,46.3918
6374,38,337,742,0.4376,14.0455,6.58504,46.7742
6375,47,616,545,0.742,23.8185,-0.0926088,67.5862
6376,11,650,828,0.5104,16.3846,0.0897442,34.4978
6377,72,417,1100,0.6205,19.9174,0.929975,51.5432
6378,32,900,773,0.5842,18.7531,2.28448,42.2222
6379,95,1900,1700,0.41,13.1619,3.30882,19.1318
6380,198,537,978,0.5005,16.0666,0.712,34.106
6381,47,295,180,0.4372,14.0339,10.0,30.6667
6382,88,452,494,0.4534,14.5548,4.00521,48.7395
6383,34,530,488,0.4771,15.3145,0.209458,47.8803
6384,7,1200,400,0.2357,7.56667,1.0808,50.9363
6385,91,1200,1300,0.3006,9.64881,1.6331,25.6158
6386,101,800,599,0.6022,19.3309,-0.120216,0.0
6387,46,271,390,0.7696,24.7028,1.2099,69.0184
6388,9,99,944,1.0,50.0,10.0,94.6809
6389,132,1600,820,0.268,8.60417,1.26582,12.6915
6390,8,515,619,0.7864,25.2427,5.37901,22.8426
6391,8,697,829,0.2995,9.61261,1.01026,25.5102
6392,32,491,713,0.7395,23.7384,1.69183,32.0588
6393,21,203,1600,0.9105,29.2282,5.46177,0.0
6394,7,98,111,0.8492,27.2595,0.188584,44.4444
6395,14,283,266,0.5421,17.4028,1.7618,41.9512
6396,72,518,1300,0.5075,16.2913,2.22036,94.4568
6397,110,479,2200,0.2388,7.66644,-0.192495,83.2776
6398,26,484,601,0.33,10.5946,0.978265,96.6507
6399,82,2300,6900,0.0674,1.21256,-0.762195,71.3675
6400,375,10400,5900,0.1812,1.95726,0.176523,36.1498
6401,12,251,381,0.5244,16.8327,-0.772725,34.375
6402,1,208,297,0.3595,11.5385,1.61828,61.9048
6403,27,336,1900,0.6155,19.7586,1.44406,0.0
6404,24,505,252,0.2618,8.40484,0.94697,0.0
6405,22,1900,1600,0.3115,10.0,10.0,97.9167
6406,15,319,801,0.6264,20.1075,0.709555,24.2424
6407,87,451,441,0.5564,17.8615,0.401881,33.3333
6408,290,813,1500,0.232,7.44841,0.529344,34.4051
6409,4,369,1000,1.0,37.5339,1.74765,58.8652
6410,178,802,6256,0.3043,9.76725,0.1354,49.6599
6411,7,153,658,0.7737,24.8366,4.14747,67.6923
6412,420,838,2400,0.4444,14.2668,3.37895,80.6054
6413,9,153,1400,0.8574,27.5236,-0.234604,66.9065
6414,8,232,291,0.2585,8.29741,0.23819,18.3099
6415,77,592,961,0.3646,11.7023,0.43,25.0
6416,6,145,147,1.0,46.4368,-0.606061,43.299
6417,100,538,533,0.6083,19.5271,-0.16742,32.3864
6418,226,333,716,0.236,7.57424,1.53983,17.8571
6419,99,1300,667,0.2793,8.9645,1.50602,13.9344
6420,42,468,574,0.4789,15.3727,-0.076,59.7468
6421,1,100,281,1.0,50.0,0.181455,75.4386
6422,8,241,552,0.7336,23.5477,0.848824,68.5714
6423,33,758,2000,0.4046,12.9874,1.18697,59.2697
6424,3,178,411,0.7117,22.8464,-0.402037,54.6667
6425,13,1700,2800,0.0149,0.479638,-0.986193,82.5
6426,88,1100,1653,0.1273,4.08556,1.203,15.4255
6427,1400,835,4600,0.0178,0.572188,0.188946,80.8511
6428,41,2100,5800,0.3599,6.47884,10.0,59.9299
6429,122,1800,5400,0.2135,6.85185,-0.956938,63.6364
6430,1789,1400,5927,0.0187,0.599206,1.3819,26.9841
6431,186,195,461,0.1314,4.21652,-0.183475,17.9487
6432,227,785,1500,0.2531,8.12456,-0.586449,85.6369
6433,462,1500,4500,0.0823,2.64074,1.27551,26.2821
6434,365,10000,4623,0.006,0.0876923,-0.3501,58.8235
6435,441,2200,7500,0.0356,0.641414,0.8884,29.4118
6436,50,883,1500,0.2111,6.77614,0.24259,27.3973
6437,103,834,3500,0.1166,3.74367,1.199,40.3101
6438,178,1400,4100,0.1382,4.43697,3.20513,52.9563
6439,616,1100,7300,0.0395,1.26768,-1.57233,34.6154
6440,211,979,2500,0.0827,2.65577,0.0381444,16.7832
6441,27,887,2900,0.3101,9.95329,0.472391,72.4638
6442,153,509,1600,0.3332,10.6964,0.868741,52.7076
6443,128,700,1900,0.0682,2.19048,3.01786,0.0
6444,173,713,1100,0.2656,8.52423,0.874126,0.0
6445,19,351,4100,0.246,7.89806,1.1709,81.3187
6446,12,94,737,0.5579,17.9078,-1.10429,91.0891
6447,285,412,535,0.4666,14.9771,1.79394,13.6585
6448,38,887,1100,0.5002,16.0573,4.56041,25.2226
6449,609,592,535,0.2649,8.50226,2.02725,14.4928
6450,156,324,1400,0.1234,3.96091,6.64427,33.3333
6451,35,410,640,0.355,11.3957,2.46789,55.2347
6452,1,220,648,1.0,50.0,2.68405,48.4211
6453,67,2000,865,0.2601,8.35,7.74527,25.9446
6454,31,489,470,0.8418,27.0231,1.81858,0.0
6455,2,274,215,0.9778,31.3869,1.47638,11.9048
6456,127,715,577,0.5879,18.8729,0.598982,26.5781
6457,165,750,922,0.5356,17.1926,0.646552,22.9167
6458,12,793,3900,0.1729,5.54855,-0.0227611,60.9562
6459,1,29,58,0.752,24.1379,-1.69428,100.0
6460,2,56,233,0.5841,18.75,1.04179,60.0
6461,407,1100,554,0.203,6.51748,0.8635,40.404
6462,24,1700,5300,0.5497,17.6438,1.0239,94.58
6463,14,54,32,0.3379,10.8466,1.1248,86.4865
6464,3,408,779,1.0,50.0,-0.809027,94.0276
6465,21,549,650,0.5835,18.731,1.39037,15.534
6466,287,2400,5200,0.1439,2.59028,0.771803,37.1287
6467,79,311,1100,0.1196,3.84066,0.174975,76.087
6468,829,18400,7500,0.2137,2.30797,2.75847,20.1498
6469,1,615,607,0.5015,16.0976,1.01858,0.0
6470,21,1400,950,0.4167,13.375,0.7837,56.383
6471,190,276,3500,0.1699,5.45491,-0.78917,62.9032
6472,216,792,5700,0.1493,4.79097,-1.0418,71.5054
6473,9,959,2400,0.655,21.0245,0.251379,0.0
6474,875,1300,176,0.4079,13.094,0.8421,50.0
6475,160,150,223,0.4581,14.7037,0.9272,76.3359
6476,241,648,5400,0.0959,3.07785,1.3406,46.9027
6477,1,548,486,0.6083,19.5255,-0.261609,0.0
6478,93,856,903,0.1599,5.1337,0.227314,8.805
6479,21,121,1200,0.6079,19.5133,-1.25874,59.5238
6480,9,1000,4200,0.2073,6.65556,-1.64294,77.8598
6481,38,358,2300,0.143,4.59148,-0.392657,87.1795
6482,3,225,1200,0.6231,20.0,-0.847458,80.7229
6483,6,1200,7200,0.2349,7.54166,-1.39018,69.7368
6484,127,338,790,0.2473,7.93886,-0.0533106,63.5417
6485,409,911,2300,0.0494,1.58556,-0.547652,37.1134
6486,129,351,1100,0.5937,19.0567,-0.349162,49.2308
6487,1100,882,2400,0.0661,2.1227,0.231021,69.6
6488,236,1100,1900,0.0927,2.97475,3.99309,20.442
6489,106,316,916,0.0761,2.44374,1.2211,53.8462
6490,6,358,2400,0.1073,3.44507,-0.200904,58.8235
6491,4300,1600,2600,0.079,2.53472,2.49169,10.101
6492,165,651,624,0.0837,2.68817,0.228988,42.4242
6493,4,3500,4100,0.3571,6.42857,-0.496032,94.0367
6494,253,729,1600,0.1672,5.36593,0.37967,48.2051
6495,51,8100,5800,0.0115,0.16941,-0.435477,68.6747
6496,161,304,497,0.2465,7.91301,-0.460617,23.7037
6497,20,1700,942,0.485,15.5675,0.511,24.8408
6498,277,3700,1900,0.0083,0.148649,1.1498,23.0769
6499,38,1100,5400,0.1403,4.50505,0.6408,61.6622
6500,198,3100,5900,0.0273,0.491039,1.0414,48.8889
6501,33,1500,2100,0.3542,11.3704,2.83152,41.0606
6502,36,1300,3000,0.1298,4.16667,1.4109,99.75
6503,85,901,2100,0.2541,8.1576,-0.283343,35.3896
6504,577,578,2200,0.0629,2.01845,-0.529101,81.25
6505,1,293,1500,0.3083,9.89761,-0.250957,83.3333
6506,138,7100,7400,0.0246,0.362285,-0.507357,60.8696
6507,78,1400,1600,0.0284,0.912698,1.128,64.9573
6508,52,137,426,0.1769,5.67721,3.41615,37.037
6509,52,1400,1300,0.156,5.00714,1.2089,28.9389
6510,304,418,2800,0.0157,0.50505,1.75604,28.5714
6511,1,245,1000,1.0,50.0,-0.392157,93.75
6512,61,840,4300,0.3744,12.0172,-0.948655,90.9944
6513,63,619,636,0.5338,17.1334,0.326966,52.6718
6514,118,352,260,0.3633,11.6635,-0.102103,25.1337
6515,52,1400,2000,0.2108,6.76667,1.37363,19.6429
6516,846,1200,2500,0.0402,1.29167,1.3694,21.5385
6517,4,321,444,0.6332,20.3271,4.32619,23.8532
6518,41,64,151,0.4037,12.9596,10.0,60.4167
6519,33,316,620,0.4611,14.8004,3.07898,0.0
6520,78,1100,4000,0.2629,8.43939,-1.50602,86.6159
6521,59,804,3400,0.3636,11.6708,5.87797,58.3569
6522,10,1000,4100,0.325,10.4333,-1.65289,69.2483
6523,5,194,118,0.3372,10.8247,0.092,19.6429
6524,19,210,640,0.384,12.328,0.724463,65.8333
6525,103,1800,7500,0.0605,1.94118,0.6317,43.9655
6526,84,509,5300,0.3591,11.5259,-1.48891,83.4395
6527,4,137,51,0.4548,14.5985,0.404603,30.303
6528,19,1400,1000,0.0792,2.54286,1.40713,50.3145
6529,63,422,1500,0.438,14.06,-0.505788,42.6606
6530,26,1100,820,0.5597,17.9679,1.056,0.0
6531,8,799,7300,0.2183,7.00876,1.4511,0.0
6532,4,65,45,0.5032,16.1539,-0.278862,13.3333
6533,1,2000,7397,0.1931,6.2,1.1167,71.4286
6534,37,120,233,0.3115,10.0,3.5503,38.8889
6535,433,1300,5300,0.0314,1.00855,0.8836,33.913
6536,6400,3000,4600,0.0058,0.103704,1.4527,77.7778
6537,206,500,1600,0.0557,1.78889,10.0,72.381
6538,21,22,74,1.0,50.0,0.860585,98.2955
6539,34,1600,6900,0.1062,3.40972,1.1116,77.6018
6540,228,1100,2700,0.2804,9.0,0.6772,41.7143
6541,7,328,1600,0.6214,19.9477,-0.382235,92.9825
6542,129,11200,1100,0.0182,0.196925,10.0,7.6923
6543,44,10100,3264,0.0999,1.07921,1.1488,0.0
6544,44,1100,3900,0.2285,7.33333,0.7018,79.6642
6545,53,885,3100,0.1463,4.69554,-0.366875,84.2105
6546,9,190,658,0.2478,7.95322,-0.471921,90.7407
6547,88,1900,5300,0.0119,0.383041,-0.914634,57.1429
6548,27,147,570,0.0907,2.91005,-0.124357,100.0
6549,33,938,3400,0.0891,2.8607,-0.0781525,89.6341
6550,56,2400,7400,0.0619,1.11343,-0.736196,98.2833
6551,336,2400,6500,0.0431,0.775463,0.9103,81.1659
6552,38,2600,7100,0.116,2.08761,1.4175,62.9834
6553,242,567,517,0.0367,1.17945,0.1284,39.1304
6554,439,1000,386,0.0578,1.85455,2.48129,13.1579
6555,75,130,701,0.1944,6.23932,0.759494,84.2697
6556,308,2900,2800,0.0539,0.969349,-0.641026,58.5714
6557,330,7500,147,0.0784,1.15259,1.35624,49.3617
6558,4,305,2207,0.6537,20.9836,0.2959,78.4
6559,78,461,86,0.5609,18.0043,0.117669,25.1825
6560,5,289,94,0.4182,13.4256,0.719424,14.6341
6561,148,1100,2900,0.2437,7.82324,0.5276,71.2575
6562,67,238,394,0.3752,12.0448,1.67823,41.7323
6563,2,523,533,0.2561,8.2218,-0.788186,36.1111
6564,2,688,5700,0.3849,12.3547,4.7552,71.6667
6565,12,47,138,0.4198,13.4752,-2.90447,42.1053
6566,6,48,178,0.3245,10.4167,-0.7186,92.8571
6567,4,163,270,0.817,26.227,10.0,77.5281
6568,44,139,209,0.6885,22.1023,-1.54566,66.0377
6569,136,608,677,0.222,7.12719,1.72011,33.3333
6570,45,330,1600,0.2386,7.65993,-0.534759,47.1014
6571,343,2500,2800,0.031,0.557778,0.748503,79.2079
6572,8,62,72,0.6595,21.1693,-0.2886,85.4167
6573,152,1000,1200,0.0871,2.79444,1.1552,28.5714
6574,95,227,430,0.3697,11.8684,0.484809,34.9515
6575,19,138,311,0.4791,15.3784,0.6753,51.5789
6576,216,852,691,0.1071,3.43636,10.0,21.8045
6577,286,514,2300,0.0407,1.30783,-0.0692137,55.0
6578,11,74,127,0.5779,18.5504,-0.712702,50.9804
6579,1300,1100,1500,0.1051,3.37374,1.77515,8.4158
6580,8,55,307,0.2832,9.09091,0.338753,35.7143
6581,23,133,711,0.0507,1.62907,-0.267738,70.5882
6582,11,876,3900,0.0278,0.892487,-0.563154,51.1628
6583,190,596,393,0.2718,8.72483,6.09481,27.6382
6584,302,592,584,0.4666,14.9775,0.378469,15.142
6585,498,441,437,0.4423,14.1975,-2.22338,12.3932
6586,48,669,676,0.7344,23.5758,0.448213,20.8502
6587,1293,1800,3140,0.0013,0.0432099,-0.9455,60.0
6588,1,142,337,0.4388,14.0845,1.4616,38.8889
6589,82,216,1600,0.1603,5.14403,-0.645439,56.5217
6590,250,297,1301,0.021,0.673401,0.2452,50.0
6591,22,506,2600,0.5442,17.4703,1.71986,34.5455
6592,147,1500,784,0.2849,9.14667,1.2987,33.6152
6593,23,45,59,0.5115,16.4198,2.30061,88.4058
6594,83,1200,870,0.3966,12.7315,1.73712,32.5253
6595,20,458,857,0.7958,25.5459,2.73144,43.4174
6596,64,495,935,0.644,20.6734,0.451722,0.0
6597,222,1000,1600,0.1634,5.24444,0.366614,10.8
6598,148,164,772,0.2037,6.53794,0.915751,30.0
6599,6,295,1100,0.7903,25.3672,0.575644,60.0985
6600,472,1100,1200,0.0087,0.277778,1.1132,85.7143
6601,22,3500,492,0.2915,5.24643,0.7815,0.0
6602,3,33,168,0.8181,26.2626,-1.03896,78.9474
6603,18,271,633,0.2695,8.65108,-0.0668449,70.1754
6604,194,1700,5200,0.0563,1.80719,1.2923,70.4
6605,13,403,972,0.2908,9.33384,0.183385,79.7101
6606,413,1100,7400,0.0307,0.984848,0.5433,88.0
6607,5,308,958,0.7363,23.6364,-0.951049,32.9114
6608,164,930,4253,0.0824,2.64636,-0.0385,51.3966
6609,3,140,198,0.2374,7.61905,1.25675,61.9048
6610,17,812,2700,0.3582,11.4967,-0.525149,71.6918
6611,30,421,1400,0.0502,1.60992,-0.819605,0.0
6612,3,71,271,0.6582,21.1268,-0.504244,79.3103
6613,302,2200,6700,0.0257,0.462567,-0.781047,76.1468
6614,206,1100,2000,0.1422,4.56566,3.01731,46.3636
6615,170,611,1800,0.119,3.81888,0.271821,59.0909
6616,106,389,1500,0.166,5.32705,-0.135054,70.6349
6617,17,127,366,0.4329,13.8953,0.9744,81.1765
6618,511,1800,4000,0.1743,5.59568,1.07604,0.0
6619,21,874,4100,0.3115,9.99872,-0.431847,78.9037
6620,6,100,518,0.6542,21.0,-0.87108,66.6667
6621,34,128,166,0.1082,3.47222,-0.554324,51.7241
6622,772,11400,1900,0.0906,0.978947,0.8664,92.402
6623,7,132,651,1.0,32.7922,-0.2747,87.8571
6624,103,403,1900,0.1327,4.25972,-0.31617,75.0
6625,24,964,5000,0.2002,6.42577,-0.229101,72.0682
6626,255,5400,7200,0.0187,0.275599,0.5039,100.0
6627,1,69,552,1.0,50.0,0.2642,89.6552
6628,167,2000,626,0.0877,2.81667,1.94932,65.9574
6629,867,1500,1000,0.0433,1.38889,1.26796,36.3636
6630,2400,15100,6800,0.004,0.0437086,1.23701,31.5789
6631,657,1100,4600,0.0256,0.823233,1.74419,31.3725
6632,91,216,1200,0.149,4.78395,-0.165801,83.1325
6633,148,367,1000,0.1099,3.5271,0.200351,70.0
6634,235,605,2700,0.1553,4.98623,-0.578313,70.4698
6635,1000,1100,5500,0.0179,0.575758,-1.47059,39.5349
6636,665,694,2496,0.0339,1.0887,0.236,18.5185
6637,480,1200,6400,0.0292,0.9375,1.3322,19.1781
6638,911,1100,6900,0.0621,1.99495,1.79641,58.8957
6639,78,97,519,0.4693,15.063,-1.07875,78.5714
6640,93,336,998,0.1556,4.99339,5.46372,87.4251
6641,1,226,632,0.3033,9.73451,5.81395,76.6667
6642,275,2700,5000,0.0205,0.368192,5.29101,20.9677
6643,49,368,1100,0.3967,12.7329,6.75346,51.6949
6644,2000,4500,4400,0.0416,0.749383,-5.0,16.0976
6645,41,325,2500,0.3312,10.6325,-0.119147,85.1266
6646,837,1000,2400,0.1762,5.65714,0.475939,26.0638
6647,2,670,4200,1.0,50.0,-1.13742,88.4837
6648,17,2000,1700,0.1054,3.38333,-0.855432,85.1563
6649,1,64,308,1.0,50.0,10.0,94.8718
6650,592,1600,2800,0.0919,2.95139,1.1601,34.2949
6651,21,101,160,0.73,23.4324,-1.17135,91.4286
6652,6,1300,5200,0.2884,9.25641,-1.2987,69.5538
6653,687,1700,3800,0.024,0.771242,1.0056,36.25
6654,111,369,1500,0.144,4.6221,2.65387,82.4561
6655,2,35,32,0.7566,24.2857,1.0867,0.0
6656,55,333,375,0.5223,16.765,0.797948,41.6961
6657,278,626,578,0.1012,3.24814,0.642774,14.0496
6658,108,361,452,0.5039,16.1742,0.412053,60.8856
6659,86,673,1500,0.4585,14.719,1.08149,78.4615
6660,2,275,1300,1.0,35.4545,10.0,89.4309
6661,1300,4800,1200,0.1275,2.29514,2.06413,31.25
6662,634,2800,1800,0.2977,5.35913,0.681663,47.2019
6663,94,1600,7500,0.0531,1.70486,2.67857,48.1481
6664,2,34,112,0.6414,20.5882,1.1843,87.5
6665,20,808,2300,0.1881,6.0396,-0.0443557,52.9148
6666,6,468,2000,0.4216,13.5328,0.0389332,86.5922
6667,761,1900,1700,0.2235,7.17544,0.980392,9.3168
6668,191,1200,5300,0.0555,1.78241,1.62338,67.5
6669,21,481,1400,0.1097,3.52275,-0.408983,76.0684
6670,3700,2500,4600,0.1912,3.44222,0.744048,17.193
6671,130,1400,7300,0.0988,3.17063,1.47929,64.2623
6672,30,498,1100,0.3851,12.3606,-0.452489,38.1166
6673,121,2200,4400,0.0758,1.36364,10.0,73.3615
6674,1100,1100,7500,0.0156,0.5,1.86335,26.8293
6675,82,574,2500,0.0947,3.0391,-0.584719,72.6415
6676,18,754,1800,0.388,12.4558,1.15664,40.3125
6677,9,518,1900,0.3635,11.6688,-1.16364,86.7704
6678,6,654,2600,1.0,50.0,2.21425,93.662
6679,574,2300,3100,0.1714,3.08555,4.90196,37.5276
6680,209,209,106,0.3801,12.201,0.992063,36.8
6681,88,842,4700,0.2142,6.87516,-0.209591,47.7778
6682,191,1600,7400,0.0222,0.711806,1.3514,72.7273
6683,1200,1700,4100,0.0121,0.388889,7.26744,17.2414
6684,12,1700,3800,0.1026,3.29412,1.13636,52.4862
6685,44,135,189,0.6359,20.4115,0.6653,84.6995
6686,6,285,719,0.603,19.3567,-0.793167,68.9922
6687,6,67,111,0.4882,15.6716,-0.774527,56.0
6688,330,917,7500,0.0572,1.8357,0.8759,87.2727
6689,28,765,4600,0.162,5.19971,0.0485413,84.8485
6690,347,17100,6500,0.2143,2.31481,2.31481,28.3595
6691,9,370,308,1.0,39.1892,-2.22257,57.377
6692,2000,1900,4800,0.0044,0.140351,2.17865,53.5714
6693,54,778,762,0.6409,20.5727,1.71334,47.619
6694,17,153,564,0.6287,20.1797,1.00313,85.4369
6695,1500,409,3200,0.0165,0.529747,9.93775,60.8696
6696,126,420,756,0.3957,12.7007,3.32907,39.4813
6697,2,46,149,0.4741,15.2174,2.67857,33.3333
6698,3,78,78,0.7988,25.641,2.65769,47.3684
6699,1,61,73,0.8171,26.2295,-0.577201,50.0
6700,274,416,97,0.199,6.38736,2.62285,40.1235
6701,8,709,7400,0.19,6.10014,-0.705905,77.9661
6702,20,479,2300,0.2746,8.81466,-0.300496,81.672
6703,23,1800,2400,0.4811,15.4444,8.67052,0.0
6704,32,496,2100,0.1431,4.59229,-0.4672,86.7841
6705,20,1300,2700,0.1438,4.61538,1.1615,36.4943
6706,154,1200,5300,0.0561,1.80093,0.9839,56.6879
6707,389,2800,6600,0.2244,4.03968,3.01205,78.9725
6708,85,1300,6900,0.1294,4.15385,1.2816,82.4903
6709,117,866,3200,0.0356,1.1419,-0.0627681,80.9524
6710,18,4600,5800,0.1261,2.27053,-0.391594,75.9901
6711,81,518,1300,0.0511,1.64093,-0.10102,51.2195
6712,13,451,1100,0.2811,9.02439,0.162701,53.3333
6713,530,1700,3900,0.0612,1.96405,1.3577,30.3738
6714,523,5400,7100,0.0238,0.349794,1.05042,61.4907
6715,374,1900,7500,0.0502,1.613,0.8268,25.5639
6716,83,976,3900,0.2007,6.44353,-0.439024,69.5402
6717,279,912,3100,0.0376,1.20614,-0.543852,31.6456
6718,4708,13400,7507,0.0107,0.115672,1.0912,50.6329
6719,4,928,6500,0.5682,18.2381,-0.683129,83.274
6720,34,160,1200,0.1882,6.04167,-0.766759,62.069
6721,9,954,2900,0.2057,6.60377,-0.44618,62.7329
6722,84,1200,7200,0.135,4.33333,-1.40713,75.772
6723,252,983,4200,0.1171,3.75834,-0.108983,53.4392
6724,128,884,4400,0.1774,5.69382,-0.627403,86.5014
6725,164,500,1200,0.099,3.17778,0.184775,52.0661
6726,1800,2100,7500,0.0137,0.246032,0.5124,48.1481
6727,2500,1200,5400,0.0415,1.33333,-1.41576,38.1818
6728,1100,1200,3300,0.0226,0.72549,1.3852,16.6667
6729,480,9300,6300,0.8256,12.1359,2.62985,78.5963
6730,7,730,2951,0.0818,2.62557,-0.0744,0.0
6731,222,1300,6100,0.0867,2.78205,-1.32275,56.9106
6732,853,2800,4700,0.026,0.468254,0.5582,8.8235
6733,464,875,2100,0.1321,4.24127,0.281016,0.0
6734,881,905,3000,0.0266,0.853285,2.08272,11.5385
6735,10,1000,3800,0.3427,11.0,3.08484,57.5
6736,2500,2700,5000,0.1539,2.76955,1.1128,37.7682
6737,14,1500,4900,0.2331,7.48205,0.811,59.0909
6738,302,935,4200,0.0031,0.10101,0.0800582,33.3333
6739,31,1200,5800,0.1471,4.72222,0.5775,84.556
6740,4,589,3200,0.5593,17.9542,1.0523,84.9398
6741,52,1700,7500,0.061,1.95752,1.4837,55.2
6742,19,1800,7500,0.1859,5.96732,0.8723,81.1765
6743,42,273,1200,0.1551,4.97737,5.97826,43.662
6744,203,503,836,0.427,13.7067,2.78253,35.0649
6745,112,715,601,0.1253,4.02098,0.960127,0.0
6746,10,316,875,0.4594,14.7468,-0.284933,34.3373
6747,34,65,45,0.8414,27.0085,4.09184,75.2941
6748,23,376,708,0.8492,27.2606,0.0484848,29.2857
6749,25,221,583,0.2467,7.91855,-0.0804,38.7097
6750,62,1500,1300,0.3932,12.6222,0.7852,20.6593
6751,1600,15900,5000,0.6137,6.62798,3.40969,29.2644
6752,40,1100,742,0.5238,16.8131,0.5848,83.3333
6753,2,228,274,1.0,50.0,-0.0798807,0.0
6754,93,701,1600,0.0669,2.14772,-0.260457,25.4237
6755,27,281,679,0.9586,30.7711,0.7407,55.0562
6756,31,141,439,0.7168,23.0102,1.42241,75.0
6757,7,816,702,0.9697,31.1275,5.11895,0.0
6758,212,5700,4400,0.0296,0.435673,-0.955414,46.5116
6759,5,259,93,0.6495,20.8494,0.154611,60.9756
6760,158,3500,1800,0.3391,6.10357,1.86258,0.0
6761,72,475,2800,0.3112,9.9883,1.43757,70.5674
6762,855,786,1400,0.1792,5.75346,0.583163,20.7447
6763,303,1600,1600,0.3402,10.9208,0.9219,13.4551
6764,105,383,478,0.3588,11.5173,0.440198,60.0
6765,247,1300,654,0.3575,11.4744,1.60256,36.1502
6766,10,390,647,0.3387,10.8718,5.77396,59.5506
6767,34,538,5400,0.2178,6.99091,-0.100216,72.1612
6768,99,1200,2800,0.0812,2.60648,1.0305,45.2991
6769,8,152,178,0.5687,18.2566,0.613,48.8095
6770,6,125,230,0.3448,11.0667,1.58103,41.3793
6771,52,1100,7500,0.2036,6.53535,0.5372,43.0769
6772,42,504,931,0.5742,18.4303,0.769981,41.9718
6773,26,529,2100,0.551,17.6884,0.685673,28.6364
6774,118,433,883,0.1415,4.54196,-1.13176,64.6154
6775,224,169,318,0.3134,10.0592,1.28135,69.5313
6776,979,1800,1900,0.1342,4.30719,1.4558,8.1633
6777,56,70,194,0.7986,25.6349,3.3293,81.6327
6778,6,202,482,1.0,32.5082,0.94697,53.6082
6779,4,320,395,0.8543,27.4219,1.11061,32.0442
6780,217,347,2200,0.1431,4.59494,-0.604088,51.0417
6781,18,281,382,0.7506,24.0946,0.539338,53.4351
6782,421,1500,1200,0.1239,3.97778,0.7827,29.4872
6783,10,363,764,0.3991,12.8099,1.6581,62.4204
6784,21,167,701,0.7679,24.6507,1.55366,59.5506
6785,894,500,1900,0.1675,5.37778,2.86195,53.5865
6786,24,1000,690,0.4149,13.3182,-1.6331,0.0
6787,116,2200,849,1.0,20.2567,0.915751,66.8414
6788,15,1800,576,0.9727,31.2222,1.14591,29.1971
6789,152,354,578,0.4522,14.5166,2.13511,16.9014
6790,38,834,568,0.3347,10.7452,1.98413,47.6027
6791,4,199,395,0.4266,13.6935,4.21213,55.7143
6792,57,1300,1700,1.0,32.9957,1.51515,58.6652
6793,127,519,1500,0.1807,5.80175,-0.31372,53.4722
6794,88,1200,1200,0.4266,13.6944,1.6331,33.4579
6795,14,329,231,0.8231,26.4221,-1.57803,58.312
6796,21,655,770,0.8141,26.1323,0.198818,19.6262
6797,16,175,245,0.4336,13.9184,1.11545,60.6061
6798,32,528,2400,0.3586,11.5109,-0.436901,84.9257
6799,75,132,292,1.0,37.1212,-0.53802,81.7021
6800,24,83,107,0.5964,19.1432,0.443557,20.0
6801,17,272,547,0.8799,28.2439,0.554324,46.5035
6802,17,797,1100,0.9286,29.8071,0.641432,43.7143
6803,13,262,424,0.9476,30.4169,1.0237,34.8718
6804,7,893,1900,0.5489,17.6185,-0.0597895,42.1875
6805,56,222,134,0.4888,15.6907,0.0822707,62.5592
6806,5,524,532,0.6302,20.229,0.95504,29.3478
6807,10,299,1000,0.7263,23.3158,3.26071,79.2453
6808,807,3300,6400,0.2635,4.74343,-0.519031,33.8624
6809,9,245,374,0.4775,15.3288,0.921736,43.0894
6810,15,342,784,0.4197,13.4728,0.607914,28.4722
6811,40,466,567,0.7146,22.9375,0.0839678,40.0602
6812,7,275,1600,0.8674,27.8442,-0.448603,70.4797
6813,1100,727,2100,0.6192,19.8762,-0.627792,42.3841
6814,75,1500,1100,0.6064,19.4667,0.7096,15.0919
6815,40,957,816,0.7037,22.5879,3.09395,27.9863
6816,22,657,969,0.6091,19.5535,1.40741,0.0
6817,84,499,166,0.5979,19.1939,-0.857064,57.377
6818,1600,598,565,0.1734,5.56485,-0.0588235,0.0
6819,222,908,1700,0.3019,9.69162,1.23361,29.9742
6820,9,419,669,0.1097,3.52029,0.0437624,61.5385
6821,475,731,2400,0.059,1.89239,-0.024108,15.4639
6822,174,529,955,0.3259,10.46,1.33497,0.0
6823,25,257,471,0.2397,7.69564,0.365177,39.3443
6824,48,618,1811,0.1098,3.52391,-0.0868,62.766
6825,1400,620,206,0.0913,2.93011,-0.117261,57.8512
6826,20,104,29,0.3811,12.2329,1.3949,42.6667
6827,15,22,8,0.0283,0.909091,1.81818,100.0
6828,45,274,468,0.4144,13.3009,-0.515796,94.4444
6829,45,652,6200,0.4298,13.7952,3.29287,77.0578
6830,427,669,468,0.0323,1.03803,0.320436,0.0
6831,89,3700,181,0.0745,1.34084,0.496,45.5882
6832,283,518,70,0.0421,1.35135,10.0,57.8947
6833,483,376,489,0.1109,3.56087,1.79022,15.5844
6834,3,71,100,0.2194,7.04225,10.0,60.0
6835,3700,9500,216,0.1118,1.64327,4.36047,14.5786
6836,380,712,182,0.0992,3.18352,0.2529,19.0476
6837,34,237,1000,0.1066,3.42241,1.1216,43.8596
6838,25,744,1800,0.303,9.72782,-0.23825,79.0769
6839,29,95,295,0.5229,16.7836,-0.36601,91.6031
6840,820,287,399,0.0507,1.62602,0.558174,15.7895
6841,146,423,2500,0.1833,5.8839,-0.209861,91.0377
6842,192,1200,798,0.1601,5.13889,3.55061,50.0
6843,109,202,126,0.1397,4.48295,0.818107,25.0
6844,95,108,52,0.2468,7.92181,-0.47977,54.5455
6845,1713,3600,7429,0.0168,0.30314,1.15,32.7273
6846,664,3500,3000,0.0382,0.687301,0.510031,38.2353
6847,159,741,639,0.2081,6.68016,-0.329167,67.6471
6848,21,55,156,0.4217,13.5354,1.4658,70.8333
6849,5,485,5200,0.3886,12.4742,-0.798981,86.1111
6850,64,173,245,0.2211,7.09698,1.21252,82.1782
6851,73,751,2300,0.0447,1.43338,2.10864,20.8955
6852,1700,10300,4500,0.0054,0.0588235,0.523256,33.3333
6853,325,434,587,0.1272,4.08346,2.20744,69.7368
6854,104,384,1100,0.0532,1.70718,-0.628141,45.4545
6855,3100,2600,5400,0.0064,0.115385,0.697674,61.9048
6856,35,455,1200,0.194,6.22711,-0.195262,65.5172
6857,87,248,126,0.1842,5.91398,0.521778,79.0
6858,497,6900,149,0.014,0.205314,1.37061,21.2121
6859,12,159,414,0.48,15.4088,-0.112952,96.6102
6860,114,99,238,0.5367,17.2278,-0.360036,95.3125
6861,30,176,113,0.1937,6.21844,-0.40404,80.4348
6862,269,4400,127,0.3131,5.63636,-0.785752,43.5484
6863,9,64,57,1.0,50.0,0.2886,99.6992
6864,18,1300,7000,0.1799,5.77351,-1.31464,92.0771
6865,1300,2400,4500,0.1371,2.46759,0.781047,26.1146
6866,3,145,1200,0.53,17.0115,1.3662,100.0
6867,239,5000,668,0.0825,1.48556,6.94444,50.9524
6868,1,322,3600,1.0,50.0,0.893779,92.7602
6869,18,1600,4097,0.3944,12.6618,0.9821,32.0557
6870,53,133,121,0.5387,17.2932,10.0,70.2128
6871,95,313,1100,0.6812,21.8672,-1.2642,89.0223
6872,117,2000,3700,0.3878,12.4472,0.951173,36.5714
6873,7,93,172,0.3685,11.828,-0.561377,95.4545
6874,31,531,2700,0.5971,19.1672,3.61174,96.9665
6875,98,699,634,0.15,4.8164,-0.258007,92.4915
6876,16,407,826,0.6989,22.4355,-0.219324,52.4217
6877,612,2600,4300,0.142,2.55556,0.7297,21.3429
6878,98,1600,6900,0.3522,11.3042,0.9245,0.0
6879,272,669,1500,0.1089,3.4961,1.50946,41.6667
6880,5300,2400,943,0.0343,0.618056,2.47729,20.3704
6881,405,255,1000,0.0767,2.46187,-0.415455,81.1321
6882,46,494,2300,0.4737,15.2047,-0.109749,89.8387
6883,69,1600,2500,0.1826,5.86111,0.8019,79.8258
6884,383,515,640,0.0894,2.86947,-0.204432,55.5556
6885,624,1300,849,0.0566,1.81538,1.367,8.0
6886,243,1200,1500,0.1836,5.89352,0.9345,12.3288
6887,57,1300,2163,0.0583,1.87179,1.4895,21.9512
6888,10,791,5000,0.204,6.54867,1.27937,66.25
6889,1400,1200,5400,0.0049,0.15625,3.48837,53.3333
6890,24,1900,1219,0.7769,24.9381,1.1104,60.1105
6891,41,1100,4371,0.2052,6.58824,1.7751,68.2152
6892,13,101,736,0.299,9.59634,-1.00134,78.8732
6893,144,758,1600,0.1342,4.307,0.885115,16.763
6894,4,548,1334,0.3979,12.7737,0.5683,66.4474
6895,326,756,376,0.1385,4.44591,1.02599,13.6364
6896,60,507,901,0.2949,9.46746,-1.34403,88.8525
6897,137,2000,6700,0.0909,2.91765,0.923361,33.8028
6898,2000,30400,3100,0.3803,3.53637,-0.280599,81.0365
6899,122,487,1100,0.0124,0.39927,10.0,35.7143
6900,10,122,32,0.3268,10.4918,0.934774,78.2609
6901,1,138,441,0.5418,17.3913,1.71086,92.5926
6902,128,190,104,0.1804,5.78947,6.78704,30.7692
6903,255,391,267,0.2395,7.68684,10.0,63.4703
6904,156,192,71,0.4092,13.1366,-0.366614,65.1786
6905,263,640,163,0.3104,9.96528,2.41354,30.0469
6906,12,1100,1500,0.2197,7.05195,1.80723,48.1013
6907,92,796,534,0.4653,14.9358,1.2919,36.6154
6908,21,329,908,0.1857,5.96082,0.923823,88.8889
6909,487,1600,2075,0.0318,1.02083,1.4829,95.1613
6910,808,706,91,0.1388,4.45389,2.07169,31.4607
6911,621,1100,2500,0.0359,1.15152,0.6275,41.3793
6912,3,48,22,0.8437,27.0833,0.790514,90.9091
6913,495,1500,693,0.1901,6.1037,1.23865,21.4511
6914,276,1700,5800,0.3341,10.7255,0.7259,89.9667
6915,139,528,85,0.3389,10.8796,-0.505323,44.6215
6916,90,951,5400,0.3509,11.263,-0.453044,94.3728
6917,37,404,782,0.3539,11.3586,0.0443,43.6842
6918,79,1400,4600,0.0514,1.65079,0.943,32.3944
6919,18,562,1200,0.1392,4.46817,-0.0322945,67.5676
6920,70,510,2000,0.2145,6.88453,-0.345463,81.1111
6921,2800,6500,232,0.178,2.6171,3.51213,16.7019
6922,6,663,1900,0.1253,4.02213,0.776576,30.303
6923,14,3000,7400,1.0,23.6024,-0.56926,94.1538
6924,37,621,94,0.6736,21.6228,-5.0,90.1316
6925,84,1400,7500,0.0176,0.563492,0.7376,55.2239
6926,75,1200,3378,0.0568,1.82407,1.3646,35.2564
6927,1800,8200,365,0.0722,1.06098,3.88232,16.3462
6928,6,26,33,1.0,40.3846,-0.673401,93.3333
6929,15,149,447,0.46,14.7651,-0.121212,89.2308
6930,39,194,573,0.256,8.21879,3.7722,66.6667
6931,17,2100,3800,0.6716,12.0896,0.8326,42.2222
6932,9,113,671,0.1838,5.8997,-0.895033,69.4444
6933,12,1100,2800,0.2039,6.54545,0.6813,52.2989
6934,71,129,336,0.4588,14.7287,1.18771,85.8407
6935,74,2700,2500,0.5632,10.1379,1.45455,45.1866
6936,145,302,1500,0.0309,0.993377,1.72249,25.0
6937,1200,2400,5400,0.0383,0.689815,0.771803,83.8028
6938,231,1000,852,0.2361,7.57778,0.2352,51.506
6939,5300,4400,2100,0.2986,5.375,1.75439,29.4872
6940,861,3900,598,0.1459,2.62678,0.458996,30.5556
6941,4,53,134,1.0,47.6415,-0.3367,89.7436
6942,8,361,1400,0.2362,7.5831,-0.198052,51.5152
6943,52,467,1500,0.276,8.85974,1.20382,84.058
6944,20,802,2400,0.2855,9.16458,-0.503834,84.8855
6945,65,1600,7500,0.397,12.7431,0.5236,63.5783
6946,1100,1400,2100,0.0059,0.190476,1.34953,52.6316
6947,42,624,865,0.0832,2.67094,0.0588189,78.6667
6948,55,1500,7400,0.099,3.17778,1.1516,84.9057
6949,189,1900,7100,0.0417,1.33918,1.3895,61.2903
6950,3439,3000,4254,0.2289,4.11961,1.2881,96.0213
6951,78,113,167,0.2803,8.99705,-0.470219,72.619
6952,323,1200,1900,0.0156,0.5,-1.38185,32.6087
6953,71,466,2400,0.3688,11.8383,-0.419287,94.1472
6954,89,289,1700,0.1252,4.01769,-0.372055,67.0588
6955,106,500,1900,0.1558,5.0,-0.0728792,45.8065
6956,99,689,1200,0.2336,7.49879,-0.156965,54.8476
6957,31,1300,7463,0.0278,0.891403,1.4268,68.1818
6958,1600,5800,54,0.1078,1.58525,2.38014,17.1717
6959,3,585,2600,0.3745,12.0228,-0.30744,90.3509
6960,87,1800,1800,0.1362,4.37179,0.9955,14.6341
6961,486,693,497,0.0734,2.3569,1.12292,17.0
6962,2,303,2372,0.5963,19.1419,3.0336,87.7551
6963,47,832,2094,0.988,31.7157,0.043,96.477
6964,19,430,582,0.1159,3.72093,-0.453515,60.0
6965,37,609,4800,0.1003,3.22022,7.14166,88.0282
6966,12,164,97,0.6712,21.5447,8.8187,27.027
6967,47,455,2500,0.0723,2.3199,0.28238,84.6847
6968,72,2300,2357,0.3132,5.63768,0.6088,32.659
6969,33,572,3600,0.0702,2.2533,3.45005,59.0909
6970,62,487,2500,0.1301,4.17522,-0.985992,37.5
6971,15,59,131,0.3731,11.9774,3.19527,56.5217
6972,18,397,1400,0.1378,4.42205,0.0898809,66.0194
6973,42,145,184,0.4357,13.9847,10.0,36.3636
6974,239,607,3600,0.0565,1.81219,8.05499,49.2308
6975,63,1200,324,0.2763,8.87037,6.57141,42.1687
6976,60,642,1300,0.0501,1.60955,0.719266,35.4839
6977,114,2500,1900,0.1311,2.36,6.90335,27.2727
6978,65,1200,6914,0.1024,3.28704,1.4474,100.0
6979,256,1600,1300,0.209,6.70833,0.5124,0.0
6980,1,183,896,0.732,23.4973,0.501605,0.0
6981,9,105,365,0.0857,2.75132,2.97619,85.7143
6982,130,751,2000,0.36,11.555,1.28904,41.7303
6983,276,1000,2200,0.0312,1.0,1.1541,55.3571
6984,54,1300,6900,0.0337,1.0812,0.9474,75.0
6985,121,135,182,0.2423,7.77778,1.72166,75.3247
6986,83,82,166,0.2575,8.26558,4.329,74.4186
6987,43,136,417,0.2583,8.29248,-0.998004,72.6027
6988,36,109,326,0.2779,8.91947,0.167336,56.7568
6989,121,2200,7400,0.0237,0.426768,-0.767263,48.4375
6990,48,178,408,0.4385,14.0762,-0.772648,72.8814
6991,17,1500,882,0.3806,12.2167,2.78035,33.44
6992,83,1000,345,0.162,5.2,0.9115,13.3117
6993,450,345,1800,0.0858,2.75363,4.70846,48.0769
6994,57,1700,5300,0.0706,2.26471,-1.00402,91.3043
6995,55,734,2319,0.0047,0.151378,-0.2415,66.6667
6996,103,995,2200,0.1607,5.15913,-1.72508,84.5714
6997,349,824,6900,0.1174,3.76907,0.0215692,66.5761
6998,16,549,1800,0.4043,12.9781,-0.133128,77.5322
6999,268,492,571,0.1038,3.33107,6.01058,27.2727
7000,54,140,7,0.8975,28.8095,-0.493097,55.6452
7001,128,5500,3000,0.036,0.529293,-0.318878,21.1382
7002,54,220,1100,0.166,5.32828,0.597525,79.4643
7003,89,126,85,0.3393,10.8907,6.71937,81.6092
7004,276,313,237,0.0719,2.30742,-0.397727,77.1429
7005,27,198,411,0.1626,5.21885,2.87081,50.6494
7006,10,1300,7500,0.147,4.71795,-1.29088,87.0787
7007,245,731,2400,0.1795,5.76165,-0.329683,29.1339
7008,1,456,1000,0.9564,30.7018,2.68581,81.9672
7009,9,2600,5976,0.2051,3.69231,0.7143,0.0
7010,572,475,898,0.1578,5.06433,-0.361729,78.9474
7011,605,3400,1600,0.084,1.51211,0.501,37.0717
7012,96,5100,295,0.0184,0.270153,-0.3455,94.5946
7013,217,1300,2700,0.0321,1.02991,-1.2605,22.5352
7014,16,207,1100,0.6199,19.8973,3.0631,95.7655
7015,189,543,802,0.0708,2.27133,-0.451521,70.5128
7016,53,197,28,0.2504,8.03722,3.59321,30.7692
7017,53,809,2900,0.1333,4.27826,-1.03941,80.719
7018,216,850,961,0.2694,8.64706,-0.875496,0.0
7019,156,698,4900,0.0818,2.62655,-0.332438,0.0
7020,703,1500,79,0.1096,3.51852,2.68336,11.5607
7021,202,926,3700,0.0309,0.992171,0.378582,63.0137
7022,34,7700,7500,0.4598,6.75974,0.487805,43.7182
7023,482,1700,2500,0.0795,2.55229,-2.69461,23.4234
7024,19,393,2800,0.6033,19.3667,-0.801139,94.4099
7025,1500,513,7100,0.0091,0.292398,-1.46387,33.3333
7026,22,301,1200,0.2536,8.13953,-0.235594,68.4492
7027,1300,114200,684,0.0223,0.167469,0.0616656,20.0
7028,15,1500,793,0.0744,2.38667,1.0005,48.2759
7029,115,1800,7300,0.0242,0.777777,1.05671,30.5882
7030,184,172,532,0.1721,5.52326,-0.405844,81.8182
7031,45,215,432,0.2956,9.48837,-0.569847,62.5
7032,102,953,736,0.0336,1.07978,-0.621493,33.0097
7033,57,131,111,0.1744,5.59796,0.717154,38.6364
7034,326,2100,7500,0.0669,1.2037,1.2637,18.6992
7035,854,594,2100,0.0239,0.766928,-0.767263,73.6842
7036,121,2400,7500,0.019,0.342593,1.4247,44.6154
7037,562,1800,182,0.0868,2.78704,2.20588,11.5385
7038,519,1500,867,0.0117,0.376471,-1.10947,84.8485
7039,17,167,732,0.1712,5.49489,-0.735913,78.3133
7040,725,13700,242,0.2366,2.55515,10.0,0.0
7041,425,900,3600,0.0215,0.691358,-0.193924,54.6875
7042,47,1600,1200,0.3817,12.2535,1.21212,35.6481
7043,1100,1200,7500,0.0316,1.01389,1.1477,80.6452
7044,256,457,1727,0.3931,12.6185,-0.1172,91.3183
7045,63,787,4800,0.2437,7.82154,-0.541337,55.6886
7046,55,338,2100,0.4701,15.0888,-0.525652,92.9293
7047,118,172,112,0.2194,7.04134,2.36369,51.7647
7048,427,896,5800,0.0796,2.55456,-0.626959,40.8163
7049,21,205,1400,0.2642,8.48238,1.2928,87.7907
7050,23,216,802,0.287,9.21296,0.695088,48.3333
7051,7300,3400,2400,0.0085,0.153595,0.531632,32.2581
7052,77,158,103,0.2673,8.57947,-0.448934,77.8761
7053,61,608,3100,0.3017,9.68567,-0.690449,91.6256
7054,35,90,125,0.5173,16.6049,-0.58651,68.6747
7055,47,111,175,1.0,50.0,-0.632411,96.8331
7056,1100,2600,4300,0.0957,1.72222,1.3202,20.8494
7057,88,1100,4800,0.1435,4.60606,1.80723,46.7391
7058,156,447,180,0.0778,2.49814,1.46138,20.9302
7059,748,1300,2000,0.1221,3.9188,0.6978,37.1681
7060,14,831,4300,0.275,8.82757,-0.368966,81.7822
7061,39,1900,4200,0.1797,5.76901,0.869,86.7485
7062,471,620,59,0.287,9.21147,-0.654326,55.8528
7063,1,820,4400,0.2659,8.53659,-0.645624,83.0189
7064,308,2500,4987,0.0283,0.51,0.6805,86.747
7065,606,1000,2500,0.0377,1.21111,1.4301,16.092
7066,540,1500,411,0.1061,3.40741,0.8044,28.2209
7067,646,2200,392,0.4623,8.3207,0.845309,23.4927
7068,21,2300,6800,0.1514,2.72464,-0.766871,73.3167
7069,85,127,61,0.2766,8.88014,10.0,40.3509
7070,65,421,1045,0.1196,3.84006,0.3019,41.8182
7071,1100,12800,5800,0.0408,0.440972,0.278474,37.6623
7072,75,138,279,0.454,14.5733,0.133523,45.0
7073,759,1700,342,0.1941,6.23203,0.5331,32.6568
7074,95,246,544,0.2554,8.19783,0.14994,54.717
7075,128,751,105,0.2443,7.8414,1.41722,25.4545
7076,20,213,838,0.5078,16.3015,-0.666241,75.4011
7077,19,148,198,0.6642,21.3213,-1.04863,94.9612
7078,22,1100,3003,0.0766,2.4596,0.8745,38.2022
7079,866,1200,501,0.0528,1.69444,1.60428,15.5556
7080,2000,1300,1100,0.0136,0.435897,1.45349,25.641
7081,143,1800,5700,0.1171,3.75926,0.6513,54.0755
7082,14,572,3100,0.3062,9.82767,0.0645786,63.3452
7083,474,452,614,0.2742,8.80039,0.946113,18.8811
7084,3,1900,4300,0.1864,5.98246,0.5145,88.4615
7085,492,1900,7500,0.0223,0.716374,1.1275,81.1475
7086,57,290,96,0.1832,5.88123,3.69672,56.6372
7087,745,4300,3600,0.041,0.737346,0.420168,57.2614
7088,56,1800,7400,0.1186,3.80556,-0.956938,90.6103
7089,51,132,148,0.2924,9.38552,0.558036,28.5714
7090,510,223,461,0.0745,2.39163,-0.403616,92.6829
7091,155,813,4066,0.0145,0.464671,0.044,78.2609
7092,2,126,96,0.7541,24.2063,-0.566305,75.6757
7093,661,2300,4200,0.2535,4.56273,1.0759,25.1082
7094,330,581,716,0.1084,3.48059,0.353017,69.9387
7095,1200,423,154,0.1445,4.63948,1.03916,28.5714
7096,65,1300,6300,0.1366,4.38461,0.7051,29.1829
7097,405,2300,7000,0.0459,0.826088,10.0,47.7419
7098,268,1100,4000,0.0205,0.656565,1.2142,68.1818
7099,314,417,441,0.1432,4.59632,0.0429,50.9934
7100,693,7700,7400,0.0319,0.468975,-0.234522,70.7904
7101,8,1600,6500,0.1842,5.91406,0.7137,85.6784
7102,59,2800,86,0.0099,0.178571,1.1822,0.0
7103,199,351,320,0.1351,4.33682,-0.407636,73.3333
7104,77,400,978,0.0679,2.18056,-0.404998,84.8214
7105,144,2100,7200,0.0317,0.571429,-0.831486,72.3926
7106,48,195,94,0.213,6.83761,-0.278862,91.8367
7107,103,942,726,0.1003,3.2201,-0.269528,75.3363
7108,715,1600,219,0.0809,2.59659,1.18343,16.4894
7109,10,112,257,0.4589,14.7321,0.334635,73.9726
7110,2400,2300,7400,0.0043,0.0772947,1.004,0.0
7111,759,1300,859,0.0114,0.367521,0.9172,60.4651
7112,192,1500,3400,0.0498,1.6,1.0747,26.4516
7113,1700,2800,7500,0.1165,2.09722,10.0,58.159
7114,1200,9600,5300,0.0655,0.962385,0.969619,0.0
7115,291,600,1300,0.1246,4.0,-0.35868,45.7286
7116,522,852,1100,0.4873,15.6429,1.22294,10.9726
7117,66,180,67,0.2086,6.69753,-0.590087,70.7865
7118,457,524,339,0.0908,2.91561,0.17001,10.3448
7119,3,138,272,0.2257,7.24638,0.1303,30.0
7120,429,3400,2800,0.0077,0.138889,3.73754,84.3137
7121,6,1300,1300,0.6239,20.0256,1.49701,35.7143
7122,111,1100,4000,0.0335,1.07576,10.0,0.0
7123,1200,9300,1800,0.0089,0.131422,0.783904,54.3478
7124,230,408,1100,0.0501,1.60675,3.20366,11.1111
7125,16,1600,477,0.1584,5.08482,0.6454,55.7647
7126,8,417,1200,0.0875,2.80918,2.42095,67.4419
7127,12,76,127,0.5739,18.4211,10.0,23.8095
7128,827,11300,7500,0.0384,0.414823,0.989555,60.0
7129,55,2600,957,1.0,22.3269,0.8297,0.0
7130,16,2100,6700,0.4058,7.30476,0.7124,56.9584
7131,50,5000,4900,0.8415,15.1467,0.5727,32.7407
7132,14,101,449,0.7491,24.0453,6.26506,77.2727
7133,9,617,1200,0.6961,22.346,0.391331,51.938
7134,19,454,4700,0.5839,18.7425,4.81718,92.7505
7135,32,1600,5000,0.2293,7.35938,1.21951,40.2326
7136,12,761,1400,0.3815,12.247,1.27091,36.9565
7137,1100,1100,928,0.4068,13.0568,1.2264,19.5652
7138,200,410,1800,0.1351,4.33604,-0.383566,38.5417
7139,1500,17400,2600,0.0872,0.941853,-0.102041,40.6398
7140,79,1100,960,0.5196,16.6791,1.91868,25.0
7141,13,900,2408,0.4577,14.6923,0.04,90.7912
7142,17,248,145,0.1079,3.463,-0.0734646,14.2857
7143,116,1000,589,0.3821,12.2667,0.9139,20.241
7144,64,196,245,0.4768,15.3061,-0.887994,54.9451
7145,6,433,1200,0.3262,10.4696,3.89424,0.0
7146,11,671,3000,0.2813,9.0313,2.17791,78.7356
7147,486,640,318,0.2957,9.49219,1.77958,13.6
7148,10,25,25,0.6854,22.0,5.54017,28.5714
7149,51,310,396,0.546,17.5269,0.5371,38.7097
7150,184,642,839,0.017,0.545171,10.0,22.2222
7151,135,185,852,0.0533,1.71171,10.0,78.9474
7152,5,61,44,0.3234,10.3825,10.0,36.3636
7153,16,1000,689,0.8209,26.35,1.3904,0.0
7154,114,803,4300,0.0037,0.117615,-0.3616,72.7273
7155,38,343,681,0.2271,7.28863,8.68285,45.4545
7156,13,570,417,0.429,13.7719,4.03457,34.0081
7157,58,386,644,0.1345,4.31779,1.1056,53.4591
7158,36,5700,295,0.2114,3.10819,0.7103,63.5487
7159,86,2500,1900,0.1286,2.31556,1.59067,70.2422
7160,2000,13800,1400,0.0039,0.041868,-0.730994,0.0
7161,355,4100,5000,0.0091,0.163957,0.441176,39.3443
7162,8,165,472,0.446,14.3182,1.05535,65.2632
7163,106,276,1400,0.0238,0.764896,8.67052,50.0
7164,17,127,94,0.2835,9.09885,10.0,37.5
7165,1200,2300,5200,0.0321,0.577295,-2.00089,76.0684
7166,47,338,1500,0.3262,10.4701,7.18731,67.027
7167,24,1100,1400,0.5834,18.7273,1.81818,30.0207
7168,165,2200,1300,0.1893,3.40657,0.88,89.0851
7169,952,22800,1700,0.003,0.0326511,0.552457,0.0
7170,45,61,6,0.6214,19.9454,9.31953,15.1515
7171,12,680,1200,0.3636,11.6728,2.5432,0.0
7172,3,162,50,0.2244,7.20165,0.831189,9.0909
7173,42,1200,892,0.6824,21.9063,0.7694,28.4524
7174,136,254,517,0.2855,9.16448,-0.278513,24.7059
7175,69,927,471,0.293,9.40669,0.826346,20.1754
7176,67,521,877,0.4239,13.6063,0.244647,52.6502
7177,392,623,1100,0.1881,6.0371,0.952088,21.7391
7178,15,3600,864,0.4525,8.14583,1.06952,32.5137
7179,2,87,26,0.8236,26.4368,10.0,15.7895
7180,24,704,1300,0.1377,4.41919,-0.155534,61.1111
7181,341,630,2200,0.1404,4.50617,1.11419,42.4837
7182,7,193,1587,0.0215,0.690846,0.187,50.0
7183,93,217,216,0.2831,9.08858,-0.568182,47.2727
7184,26,995,595,0.7606,24.4158,0.507137,37.0066
7185,5,541,807,0.476,15.2803,3.70301,0.0
7186,215,25300,5900,0.424,3.94335,0.426167,0.0
7187,2,975,910,1.0,40.718,0.620749,38.676
7188,13,1400,2300,0.2932,9.4127,1.40713,39.7436
7189,131,1300,992,0.4015,12.8889,0.7068,0.0
7190,1,552,4100,0.2427,7.78986,-0.464123,0.0
7191,208,430,297,0.0805,2.58398,7.35337,39.3939
7192,277,4400,7400,0.0123,0.22096,4.48505,46.6667
7193,68,1300,2011,0.2916,9.35897,0.7258,43.9815
7194,32,532,632,0.5251,16.8546,2.28175,19.5652
7195,2,875,1500,0.9221,29.6,1.4245,45.0
7196,22,621,2184,0.2839,9.11244,6.937,59.901
7197,44,494,1100,0.391,12.5506,5.73494,47.1503
7198,5,1100,1100,0.2679,8.6,1.0087,71.4286
7199,82,570,754,0.2505,8.04094,0.0625052,13.0435
7200,183,1300,1400,0.1542,4.94872,1.366,47.557
7201,86,542,1629,0.2606,8.36408,0.3015,30.1282
7202,528,2200,7500,0.0128,0.229798,0.830565,33.3333
7203,42,1100,500,0.2859,9.17647,1.7857,33.7079
7204,28,654,665,0.9455,30.3517,2.51879,29.7727
7205,1400,1200,955,0.0177,0.569444,1.58562,78.8462
7206,58,962,7000,0.2763,8.87041,3.63772,36.9369
7207,60,604,406,0.7314,23.4789,0.15363,21.8421
7208,252,3500,1300,0.2473,4.4521,0.9211,43.3375
7209,7,454,245,0.6004,19.2731,1.06601,32.2917
7210,12,2000,2300,0.1163,3.73333,1.194,40.2235
7211,72,1000,949,0.0647,2.07778,10.0,60.1626
7212,1,181,813,0.2582,8.28729,10.0,87.5
7213,28,1100,496,0.2802,8.99432,0.7069,39.3189
7214,87,131,63,0.2722,8.73622,8.77018,25.0
7215,19,979,988,0.6544,21.0078,1.1179,35.4244
7216,137,5200,5800,0.1502,2.20727,-0.347262,63.43
7217,207,4500,4900,0.2658,4.78518,10.0,87.5147
7218,111,1300,7100,0.0381,1.22222,1.4524,65.5738
7219,4,113,121,1.0,50.0,2.30769,76.6234
7220,32,160,375,0.7155,22.9688,1.48319,24.1071
7221,56,1300,392,0.3031,9.72851,1.52439,0.0
7222,134,634,500,0.2329,7.47459,0.173712,17.2249
7223,162,141,519,0.0773,2.48227,0.515243,67.5676
7224,1200,4400,1200,0.0039,0.0694444,0.6413,38.0952
7225,6,246,344,0.5604,17.9878,1.02688,95.9596
7226,40,746,1900,0.6614,21.2318,1.39901,39.9202
7227,15,142,222,0.4027,12.9276,2.1217,23.75
7228,17,164,1400,0.2958,9.49478,3.30536,0.0
7229,52,982,5500,0.0992,3.18511,0.331459,65.0
7230,16,148,75,0.296,9.50169,2.38842,39.0625
7231,17,159,357,0.5878,18.8679,10.0,37.5
7232,160,396,525,0.5616,18.0275,10.0,33.3333
7233,427,1800,350,0.1639,5.26235,10.0,31.1015
7234,27,575,573,0.2834,9.09783,0.826446,29.4643
7235,54,316,2200,0.0348,1.11814,-1.97122,80.0
7236,2,97,90,0.8832,28.3505,1.15674,30.0
7237,2,409,225,0.0457,1.46699,0.0451101,30.0
7238,7,79,63,0.276,8.86076,1.3494,53.3333
7239,101,2100,531,0.5977,10.7591,0.903614,17.7419
7240,46,1000,7500,0.0535,1.71667,0.392353,65.8537
7241,93,2400,855,0.402,7.23611,1.323,28.853
7242,68,1100,225,0.0597,1.91735,1.0666,9.8901
7243,126,306,384,0.7385,23.7054,0.368098,34.8936
7244,3,787,213,0.1412,4.53198,0.0896238,26.5306
7245,648,562,443,0.1638,5.259,0.348204,10.5691
7246,36,946,781,0.5514,17.7003,10.0,24.8062
7247,59,570,497,0.644,20.6725,0.293465,22.3529
7248,125,7500,4100,0.1582,2.32593,0.24422,24.4842
7249,287,2400,1414,1.0,30.4815,0.8644,92.8016
7250,121,714,722,0.3943,12.6576,0.959591,29.4643
7251,3293,12400,1455,0.0033,0.0358423,0.6219,0.0
7252,147,2800,2100,0.5083,9.14881,1.3986,24.8563
7253,89,842,415,0.444,14.2518,1.74134,25.4826
7254,20,227,2400,0.1868,5.99609,-1.33581,84.0909
7255,23,81,212,0.1496,4.8011,0.4548,77.7778
7256,33,169,492,0.2919,9.36883,10.0,51.8519
7257,39,908,1600,0.0549,1.76211,0.808473,33.3333
7258,8,216,774,0.1586,5.09259,2.21894,54.2857
7259,294,1200,3800,0.0166,0.532407,7.89835,80.6452
7260,18,1900,539,0.1447,4.64396,1.0163,53.3769
7261,5,523,489,0.548,17.5908,4.48582,47.8723
7262,968,759,1089,0.0082,0.263505,0.1198,54.5455
7263,5,25,20,0.2492,8.0,10.0,85.7143
7264,6,91,84,0.3492,11.2088,4.971,16.6667
7265,32,1800,750,0.3466,11.127,1.07604,54.3071
7266,6,990,626,0.2373,7.61617,0.454477,16.2162
7267,116,926,2300,0.2088,6.70146,5.20644,54.4186
7268,4,20,155,1.0,50.0,-1.61377,59.0909
7269,4,113,123,1.0,36.8732,5.3366,30.7692
7270,44,4700,1900,0.5713,10.2842,0.808081,40.5823
7271,209,1100,1500,0.1062,3.40909,2.07251,19.797
7272,30,406,1100,0.353,11.33,9.83925,46.281
7273,37,752,261,0.3811,12.234,0.120966,0.0
7274,30,1600,5200,0.0725,2.32639,1.21212,40.678
7275,36,483,923,0.43,13.8026,1.11888,0.0
7276,8,631,3900,0.2783,8.93423,-0.631764,76.3636
7277,1,3400,2100,0.3529,6.35294,0.7158,0.0
7278,4,145,213,0.3814,12.2414,-0.125292,13.3333
7279,2,27,38,0.0577,1.85185,-1.75439,0.0
7280,48,2400,1100,0.6016,10.8296,3.50877,0.0
7281,21,609,893,0.0588,1.88835,0.746655,64.2857
7282,16,3000,1400,0.849,15.2815,1.0303,32.1739
7283,21,224,406,0.4103,13.1696,-0.2374,0.0
7284,56,579,1941,0.4132,13.2642,0.0936,57.3529
7285,105,1600,757,0.4975,15.9688,0.5038,55.0685
7286,8,369,679,0.3532,11.3369,0.565514,34.375
7287,7,198,273,0.4383,14.0693,0.283152,30.2632
7288,3,107,168,0.6502,20.8723,3.81016,37.7778
7289,1,75,21,0.4154,13.3333,8.77193,27.2727
7290,12,1100,864,0.8539,27.4091,1.98321,17.12
7291,25,2300,798,0.7853,14.1348,0.9282,22.0532
7292,3,593,541,0.6952,22.3159,-0.0926422,36.9863
7293,415,4000,1500,0.5988,10.7778,1.46532,23.3286
7294,13,528,505,0.7172,23.0219,3.56528,32.2314
7295,3542,36400,2181,0.7889,7.33684,0.6124,39.8199
7296,1,90,137,0.8307,26.6667,-0.202252,100.0
7297,1,28,21,1.0,50.0,-1.18343,88.8889
7298,66,1100,951,0.6597,21.1753,0.6296,22.3714
7299,152,8400,3100,0.0083,0.121693,-0.211342,44.4444
7300,2,108,126,0.1154,3.7037,10.0,0.0
7301,173,121,139,0.6265,20.1102,7.43034,81.0811
7302,49,774,2200,0.4023,12.9123,1.13509,30.566
7303,45,1000,643,0.6207,19.9235,0.977105,25.1192
7304,46,191,1100,0.4377,14.0489,0.8634,85.5556
7305,89,444,4800,0.0877,2.81532,-0.617443,75.641
7306,4,52,40,1.0,46.6346,0.928,21.6216
7307,25,5500,1300,0.5775,8.48889,0.55,32.7385
7308,168,3800,2183,0.4167,7.5,1.4659,62.4109
7309,221,2000,987,0.2227,7.14722,0.93985,46.4578
7310,66,853,865,0.3123,10.0234,1.1796,0.0
7311,24,304,1200,0.1742,5.59211,6.55685,78.3133
7312,86,1300,1900,0.3886,12.4744,1.49701,25.1142
7313,19,223,1300,0.635,20.3832,10.0,80.8219
7314,73,838,515,0.7107,22.8123,0.0215,25.1834
7315,18,273,359,0.2259,7.25275,0.772725,30.0
7316,16,488,414,0.5647,18.1284,-0.223541,34.3042
7317,18,199,1300,0.5984,19.2071,2.00716,70.2381
7318,86,871,179,0.3751,12.0416,3.34202,19.2488
7319,20,893,664,0.5589,17.9395,3.59764,43.9863
7320,64,814,1100,0.3508,11.2613,0.555727,0.0
7321,22,719,7500,0.1112,3.56977,-0.774725,86.8996
7322,309,575,522,0.2008,6.44444,0.418042,0.0
7323,44,1400,1973,0.0278,0.892857,1.0005,81.8966
7324,15,191,1500,0.398,12.7749,-2.39553,87.234
7325,18,513,2900,0.1911,6.13462,-1.4234,73.9927
7326,90,194,1200,0.1508,4.83963,-1.27403,79.0123
7327,36,431,606,0.265,8.50735,1.42638,41.6667
7328,4,21,44,0.2967,9.52381,8.77193,0.0
7329,13,332,452,0.3167,10.1657,0.630698,38.5185
7330,257,4500,534,0.0218,0.392381,-0.759878,42.5
7331,21,1600,1355,0.3361,10.7875,0.9634,14.5594
7332,6,1800,3152,0.1661,5.33333,1.3156,0.0
7333,36,1600,1200,0.2109,6.77083,1.1877,58.7426
7334,13,67,240,0.3348,10.7463,10.0,48.2759
7335,1,251,286,0.5709,18.3267,8.5084,61.3636
7336,2900,7000,2900,0.0071,0.103968,-0.24424,20.0
7337,3100,42000,1700,0.018,0.16746,-0.0826628,90.7258
7338,51,1300,1100,0.3191,10.2436,1.52439,22.7957
7339,4,359,2022,0.4686,15.0418,1.0039,79.8077
7340,5,1700,529,0.3525,11.3137,3.91986,87.7966
7341,16,526,922,0.3356,10.7731,3.26986,34.8485
7342,114,981,2700,0.0199,0.639937,-0.335294,38.0952
7343,50,623,2100,0.1275,4.0931,0.510051,55.9006
7344,51,70,1900,0.6898,22.1429,-2.03436,95.2381
7345,114,1300,497,0.4842,15.5427,1.50602,51.7413
7346,18,93,207,0.7258,23.2975,1.42799,18.75
7347,35,921,820,0.5235,16.804,1.39757,36.4273
7348,262,1100,708,0.3032,9.73232,1.4919,18.2844
7349,13,1100,596,0.6751,21.6705,1.3964,20.9213
7350,12,1600,925,0.3657,11.7375,1.0062,32.5949
7351,89,1400,5564,0.1035,3.32143,1.3417,43.7931
7352,33,98,254,0.0812,2.60771,1.86117,85.1852
7353,1,579,3100,0.3659,11.7444,0.952902,0.0
7354,91,4600,5300,0.1745,3.1413,10.0,82.1309
7355,4,509,3800,0.1515,4.86248,-0.17268,51.5625
7356,17,211,843,0.3654,11.7299,0.169871,43.4783
7357,44,2400,1900,0.3365,6.05729,1.19,14.8649
7358,21,1900,2000,0.275,8.82748,1.02249,42.623
7359,42,210,518,0.2555,8.20106,0.790167,50.4854
7360,35,76,419,0.0273,0.877193,4.67836,0.0
7361,202,1200,882,0.4025,12.9213,1.61377,16.3701
7362,5,203,1100,0.4757,15.2709,-0.912459,58.0645
7363,3,107,108,0.3106,9.96885,2.67227,5.8824
7364,19,136,869,0.2952,9.47712,-0.257268,68.4211
7365,477,21500,7500,0.01,0.108527,-0.320436,63.1579
7366,35,797,708,0.648,20.8002,0.0928369,30.303
7367,46,7900,2100,0.1661,2.44163,-1.28342,80.791
7368,2,818,306,0.4875,15.6479,-0.0218,45.3237
7369,11,580,813,0.9861,31.6552,1.36959,0.0
7370,81,3400,1300,0.5645,10.1618,-0.516351,33.5106
7371,7,409,3500,0.3449,11.0723,-1.79466,87.5
7372,48,1800,954,0.698,22.4043,1.07604,41.2884
7373,126,371,366,0.5143,16.5094,0.2454,23.0769
7374,107,296,521,0.604,19.3881,3.91809,52.1127
7375,8,359,958,0.8018,25.7382,2.3801,0.0
7376,29,1600,626,0.6805,21.8438,1.4249,0.0
7377,10,886,1300,0.1869,6.00075,1.7446,0.0
7378,402,1200,943,0.2338,7.50555,1.60428,12.8472
7379,46,1000,2800,0.2963,9.51111,-1.60428,52.0179
7380,3,33,53,0.4091,13.1313,-0.522102,50.0
7381,28,61,126,0.3745,12.0219,0.295858,46.875
7382,905,8000,1400,0.627,9.21667,2.22387,70.9109
7383,101,461,246,0.0969,3.10918,-0.346065,80.4878
7384,407,674,2200,0.4604,14.7791,10.0,69.3481
7385,80,1300,756,0.593,19.0342,1.0546,38.5942
7386,4,90,448,0.2856,9.16667,2.48644,50.0
7387,14,172,423,0.2057,6.60299,0.661181,58.3333
7388,14,374,2900,0.0819,2.62923,10.0,66.6667
7389,60,941,3000,0.291,9.33995,6.45742,65.6566
7390,253,1300,859,0.4071,13.0684,1.50602,38.5633
7391,19,275,547,0.3996,12.8283,10.0,46.2963
7392,25,3600,277,0.0293,0.527778,-1.3736,89.8551
7393,2,44,254,0.0708,2.27273,-1.45349,0.0
7394,11,104,271,0.6553,21.0337,1.4984,51.5625
7395,356,622,1400,0.0306,0.982494,1.1454,24.3243
7396,823,116400,4600,0.1143,0.857245,6.53757,36.6221
7397,262,1400,2000,0.3207,10.2937,1.3986,32.9508
7398,42,361,1800,0.2805,9.00277,2.01525,0.0
7399,47,575,6800,0.3913,12.5604,-1.29608,90.312
7400,86,9400,647,0.0259,0.380024,-0.896539,68.6957
7401,31,2800,899,0.3103,5.58613,-0.630782,33.8308
7402,9,1400,1800,0.4005,12.8571,0.7425,0.0
7403,35,166,174,0.3086,9.90629,7.83699,32.9268
7404,68,224,386,0.3183,10.2183,1.0168,36.2637
7405,10,169,587,0.3364,10.7988,-1.79403,60.3774
7406,102,219,380,0.4062,13.0391,0.7766,44.4444
7407,895,1900,1200,0.0463,1.48684,3.30882,20.1923
7408,16,925,729,0.7024,22.5455,0.655505,14.0
7409,12,41,42,0.6769,21.7295,1.91908,32.0
7410,13,1200,4800,1.0,38.0,0.9464,80.4348
7411,180,346,34,0.058,1.86256,0.957175,37.5
7412,188,575,837,0.3203,10.2802,0.948456,6.4677
7413,221,763,7100,0.056,1.79846,-1.1796,82.7586
7414,50,10200,949,0.3872,4.18137,0.181116,90.7407
7415,73,956,2700,0.2214,7.10716,-0.734346,39.1156
7416,68,1200,7500,0.0529,1.69907,-1.35747,50.0
7417,19,17600,4100,0.525,5.66982,3.75877,67.5113
7418,21,88,172,0.2427,7.79221,2.58176,45.0
7419,57,415,2300,0.241,7.73762,-0.915332,93.1818
7420,152,4700,2800,0.0311,0.560284,10.0,44.8276
7421,521,1600,5500,0.0056,0.180147,1.16279,26.6667
7422,347,1500,2900,0.1342,4.30741,0.7665,31.8937
7423,8,49,4,0.0397,1.27551,2.94118,0.0
7424,156,1000,691,0.4116,13.2118,1.41024,19.4631
7425,179,789,876,0.3876,12.4419,0.6085,21.7593
7426,10,298,674,1.0,33.641,0.24888,39.8907
7427,6,915,1100,0.9147,29.3625,-0.0994168,52.7675
7428,142,2600,6500,0.0354,0.636752,1.4933,72.4138
7429,12,206,391,0.1925,6.17829,2.52661,83.3333
7430,1,136,418,0.5268,16.9118,-0.2603,61.9048
7431,160,492,418,0.3337,10.7126,2.45964,23.0189
7432,63,955,695,0.7925,25.4385,0.532222,29.6849
7433,7,74,74,0.4571,14.6718,1.57563,37.5
7434,10,48,248,0.4478,14.375,-0.362275,70.5882
7435,23,1000,2124,0.5244,16.8333,0.667,41.6357
7436,496,2400,5300,0.0625,1.125,0.758342,49.5146
7437,21,966,857,0.4819,15.4688,2.89325,0.0
7438,115,490,2500,0.0364,1.1678,3.13914,56.25
7439,70,512,2200,0.096,3.0816,1.83636,43.75
7440,5,700,73,0.0935,3.0,0.0508638,46.0
7441,31,175,215,0.359,11.5238,0.973956,0.0
7442,2500,3200,986,0.005,0.0902778,1.16959,31.0345
7443,31,1400,680,0.5244,16.8348,1.3549,25.7618
7444,240,2200,2000,0.1261,2.2702,3.92157,51.0204
7445,180,243,620,0.3782,12.1399,10.0,82.7586
7446,14,598,892,0.704,22.5991,10.0,27.668
7447,93,1200,6300,0.0554,1.77778,1.61377,35.0
7448,132,4300,1900,0.5211,9.37984,0.860832,0.0
7449,2200,1500,949,0.1845,5.92222,1.2737,17.0149
7450,177,661,507,0.182,5.84132,8.49012,14.3836
7451,5,835,2300,0.4559,14.6347,0.0891385,56.5574
7452,765,6200,7500,0.0071,0.104839,-1.06326,60.0
7453,40,763,7200,0.0715,2.29358,-1.9722,74.8031
7454,1900,887,3600,0.008,0.256796,0.780672,33.3333
7455,57,501,721,0.1541,4.94566,-0.902406,53.8043
7456,359,1300,7400,0.0019,0.059829,0.8035,33.3333
7457,12,123,113,0.5388,17.2949,3.04311,50.0
7458,5000,12400,4900,0.0087,0.094086,2.03093,40.678
7459,186,1100,7500,0.062,1.9899,0.6967,30.137
7460,19,917,917,0.5036,16.1668,0.700093,0.0
7461,3,652,996,0.5176,16.6155,0.312012,0.0
7462,27,126,647,0.3338,10.7143,0.5728,0.0
7463,9,264,1200,0.3632,11.6582,-0.960061,79.0323
7464,17,1900,1900,0.144,4.62281,0.998004,41.2903
7465,21,1300,6900,0.0815,2.61538,1.2739,77.0677
7466,9,138,1900,1.0,50.0,0.687695,92.8994
7467,8,33,91,0.1062,3.40909,2.46305,16.6667
7468,166,5500,2700,0.3561,5.23529,1.02412,42.2492
7469,200,2600,2500,0.0944,1.69872,-0.661376,87.3051
7470,759,2700,6900,0.0105,0.1893,-0.622924,66.6667
7471,2,840,4800,0.4766,15.2976,1.94334,77.8947
7472,10,760,1500,0.4687,15.0439,2.91464,59.3496
7473,424,561,7400,0.0537,1.72311,-2.09333,63.3333
7474,8,859,331,0.461,14.7992,-0.210503,33.1412
7475,59,1000,2500,0.0905,2.90556,5.42466,81.4035
7476,76,3200,1000,0.1402,2.52431,1.1513,47.5043
7477,1,61,407,1.0,50.0,-2.29592,73.0769
7478,6,55,83,0.4248,13.6364,-0.934774,75.0
7479,1300,23400,6200,0.0135,0.145537,0.230539,28.125
7480,67,223,1700,0.1684,5.40608,-2.17941,90.5882
7481,63,596,447,0.543,17.4287,1.40526,51.0471
7482,76,468,505,0.6745,21.6524,0.557295,36.0656
7483,22,27,50,0.6538,20.9877,-1.23153,45.0
7484,94,163,376,0.2485,7.97546,1.99104,83.3333
7485,1,49,239,1.0,34.6939,1.1646,66.6667
7486,8,101,180,0.2908,9.33522,5.00265,36.8421
7487,396,719,844,0.0318,1.01994,0.326869,47.3684
7488,178,470,2000,0.0203,0.650118,0.908014,52.9412
7489,588,7600,5000,0.0209,0.307018,10.0,45.1613
7490,1200,4300,6900,0.0269,0.484496,-0.788955,80.0
7491,519,2400,4200,0.026,0.46875,0.762776,33.3333
7492,49,1100,7500,0.1638,5.25758,1.75439,53.5398
7493,5,1400,7500,0.4357,13.9857,1.4347,70.4918
7494,1,787,5869,0.1188,3.81194,-0.1359,40.7407
7495,2,55,160,1.0,33.6364,1.77515,61.5385
7496,3,78,318,0.9186,29.4872,10.0,51.1628
7497,68,315,1200,0.1143,3.66843,-0.222589,46.9697
7498,656,23700,6800,0.0334,0.360291,4.54602,67.3004
7499,13,112,39,0.1878,6.02679,8.4086,62.5
7500,1,263,270,0.4383,14.0684,1.2197,64.5161
7501,11,1100,4700,0.3229,10.3636,2.29687,100.0
7502,643,973,7500,0.0135,0.433939,-0.0536123,47.3684
7503,73,718,854,0.1169,3.75271,-1.6586,61.7284
7504,31,574,679,0.1333,4.27797,-1.22482,79.3269
7505,674,1600,101,0.1131,3.63194,4.02504,22.9323
7506,5,50,5,0.3614,11.6,0.735294,41.1765
7507,380,442,1200,0.2204,7.07642,9.47491,17.5
7508,48,154,1000,0.399,12.8066,-1.58495,86.7769
7509,1100,3000,3900,0.0117,0.211111,1.23865,63.4146
7510,30,57,17,0.7743,24.8538,2.8982,48.9362
7511,4,113,316,0.3377,10.8407,1.7441,37.931
7512,4,461,380,0.8751,28.0911,0.1572,86.4198
7513,847,1700,1500,0.1839,5.90196,1.2941,22.3684
7514,61,582,384,0.4719,15.1489,1.31787,43.9024
7515,9,469,451,0.5546,17.8038,0.5935,28.4153
7516,83,602,696,0.146,4.68808,0.239077,47.5771
7517,17,238,279,0.4081,13.0994,0.4646,55.3191
7518,80,933,653,0.6064,19.4653,0.357675,25.1429
7519,16,436,622,0.1373,4.40877,0.298482,45.8333
7520,93,2700,2200,0.7657,13.7819,0.703565,43.6514
7521,20,427,379,0.5672,18.2084,2.84063,0.0
7522,3,329,199,0.3172,10.1824,2.35996,25.9259
7523,19,1500,5900,0.4268,13.7,1.2987,88.3117
7524,26,58,76,0.376,12.069,9.3985,79.4872
7525,34,68,192,0.2952,9.47712,0.824176,82.9268
7526,19,122,669,0.4261,13.6783,2.12975,71.7391
7527,161,1300,2100,0.0755,2.42308,-1.25313,41.8182
7528,88,188,4,0.2154,6.91489,1.75439,63.6364
7529,51,337,157,0.4709,15.117,5.10856,29.2683
7530,13,411,701,0.6503,20.8759,4.19162,36.2069
7531,704,7800,1900,0.2365,3.4765,1.20163,13.2029
7532,24,1200,2600,0.3032,9.73334,1.65289,50.358
7533,71,193,752,0.3165,10.1612,-1.82724,71.7557
7534,163,2100,1500,0.9846,17.7227,0.909091,28.022
7535,30,2000,4500,0.1968,6.31667,1.3117,0.0
7536,291,242,173,0.0265,0.850753,5.37398,0.0
7537,232,900,275,0.72,23.1111,-1.76471,0.0
7538,11,78,114,0.4736,15.2015,4.58103,37.931
7539,2,279,2000,1.0,44.982,10.0,91.453
7540,36,577,1100,0.2472,7.93376,-0.403059,42.9066
7541,356,818,876,0.0897,2.87965,1.1695,12.5
7542,43,217,397,0.2161,6.93804,0.510827,60.6061
7543,8,75,177,0.8723,28.0,1.2987,78.9474
7544,99,297,2100,0.5081,16.3113,-0.353607,85.3881
7545,20,321,749,0.2655,8.52117,10.0,75.0
7546,24,260,500,0.189,6.06837,0.951173,0.0
7547,65,109,273,0.3017,9.684,9.06863,18.4211
7548,83,699,2600,0.2974,9.54538,-0.423982,76.8194
7549,1,248,306,0.8793,28.2258,0.7548,17.6471
7550,130,2500,6100,0.0927,1.66889,1.5528,72.5714
7551,55,254,958,0.3182,10.2143,-1.4916,72.7811
7552,48,1200,1300,0.5075,16.2917,1.1763,16.4329
7553,11,2100,6000,0.3485,6.27211,3.0303,51.5235
7554,58,444,1200,0.0659,2.11461,0.203384,34.4262
7555,322,1500,1200,0.3535,11.3481,1.29088,25.3435
7556,13,871,835,0.7497,24.0643,1.7812,0.0
7557,364,1700,4100,0.0194,0.624183,1.10947,26.2295
7558,6000,7000,4200,0.0018,0.0269841,-0.24424,95.4545
7559,11,63,232,0.3147,10.101,3.38945,68.9655
7560,47,433,2300,0.1827,5.86348,0.381313,86.722
7561,9,316,515,1.0,36.8495,-0.780814,63.0332
7562,9,865,1900,0.7395,23.738,0.297311,14.5299
7563,10,63,451,0.6231,20.0,-3.43407,58.0
7564,9,952,3361,0.1287,4.13165,0.3855,51.6129
7565,151,7600,7371,0.1139,1.67464,1.4461,19.3309
7566,16,74,233,0.6183,19.848,0.750063,71.9101
7567,14,317,801,0.2176,6.98513,-0.81163,65.0
7568,1200,1500,1900,0.0552,1.77255,1.2017,29.6296
7569,63,987,824,0.1637,5.25402,0.524498,28.8462
7570,23,648,1100,0.5384,17.2839,3.59281,47.5645
7571,24,4100,5900,0.026,0.46748,-1.21753,74.1259
7572,8,324,397,0.1947,6.25,-0.739645,57.7778
7573,39,463,381,0.721,23.1434,0.801421,32.9268
7574,189,1500,2900,0.1055,3.38667,1.28315,0.0
7575,41,1200,831,0.232,7.44608,6.64425,26.6187
7576,59,386,404,0.6649,21.3443,0.240061,20.082
7577,240,245,329,0.029,0.929705,6.70083,54.5455
7578,116,946,854,0.3074,9.8661,0.481853,28.0992
7579,44,1300,7500,0.2448,7.85898,1.1702,89.1817
7580,298,3600,899,0.3253,5.8547,3.63636,67.0924
7581,45,977,4100,0.0666,2.1374,3.4656,32.1168
7582,24,113,122,0.628,20.1573,1.36869,35.1648
7583,86,1600,660,0.2745,8.8125,2.50627,0.0
7584,22,142,156,0.5523,17.7299,0.5176,0.0
7585,2,1100,286,0.0085,0.272727,-1.47059,40.0
7586,7,1100,1900,0.4067,13.0545,3.41125,57.3134
7587,18,1300,4100,0.2446,7.85043,0.8583,73.5786
7588,20,930,778,0.486,15.6022,1.75815,35.9649
7589,208,731,466,0.312,10.0167,0.4329,15.7143
7590,509,950,540,0.2328,7.47368,1.86948,20.9913
7591,9,1000,1200,0.3904,12.5333,0.6336,0.0
7592,34,649,1526,0.1048,3.36415,-0.2174,44.186
7593,13,119,693,0.7221,23.1793,-0.43911,87.5
7594,616,926,2600,0.0473,1.51788,1.20844,54.5455
7595,223,991,5200,0.0218,0.69963,0.491374,32.6923
7596,31,659,599,0.3711,11.912,0.457976,0.0
7597,6,249,2800,0.5818,18.6747,6.346,86.1111
7598,8,472,916,0.6163,19.7828,0.641849,25.3456
7599,2,400,266,0.3271,10.5,1.0933,53.8462
7600,13,568,969,0.3583,11.5023,-0.127146,58.5253
7601,9,866,7500,0.3421,10.9828,-1.58061,82.7703
7602,2,1300,672,0.6878,22.0769,-1.2987,30.3398
7603,85,64,91,0.2353,7.55208,0.572628,56.5217
7604,12,161,135,0.6434,20.6522,-0.1109,26.1682
7605,78,918,830,0.54,17.3324,-0.233191,49.1979
7606,25,1100,2100,0.2093,6.71717,1.0657,68.4119
7607,21,1600,2138,0.2612,8.38542,0.5484,48.0836
7608,96,181,1200,0.1606,5.15654,-0.929397,78.5714
7609,1800,19500,496,0.0664,0.717345,-0.180218,52.9412
7610,3,253,1000,0.9399,30.1713,0.739262,35.1145
7611,796,11200,6632,0.2853,3.08135,1.0451,86.3279
7612,60,120,156,0.1846,5.92593,0.634652,41.1765
7613,7,586,470,0.9764,31.3424,0.8677,45.3608
7614,519,1700,788,0.2937,9.42811,1.10947,12.8954
7615,4,162,442,0.5913,18.9815,-2.14788,55.4054
7616,197,764,2500,0.082,2.63234,0.236832,47.9452
7617,68,457,672,0.4798,15.4024,1.22452,46.7433
7618,1,584,1500,0.7361,23.6301,1.02545,52.8
7619,141,2800,4500,0.4215,7.58705,1.0804,35.7855
7620,32,158,346,0.2695,8.64979,1.86204,0.0
7621,7,1100,2800,0.3585,11.5065,0.7667,38.4224
7622,42,539,624,0.4088,13.121,0.769034,16.726
7623,3,370,1085,0.7662,24.5946,0.3464,0.0
7624,26,383,789,0.3588,11.5173,1.93259,73.5537
7625,7,886,862,0.4375,14.0439,1.54491,45.8647
7626,41,1000,2000,0.351,11.2667,1.27706,40.3509
7627,18,35,18,0.2769,8.88889,1.0924,76.4706
7628,61,239,81,0.5127,16.4575,1.91284,26.6667
7629,17,225,183,0.7916,25.4118,0.9234,38.6076
7630,298,2000,995,0.2818,9.04444,0.6617,15.0327
7631,57,430,783,0.2777,8.91473,0.25729,33.1169
7632,19,633,2800,0.3861,12.3925,1.13562,88.0403
7633,4,67,182,1.0,42.1642,-1.6993,81.25
7634,214,904,524,0.6069,19.4813,0.94058,49.2372
7635,160,253,1130,0.0534,1.71278,1.7964,70.3704
7636,8,54,212,0.8654,27.7778,-2.06145,73.0769
7637,6,1400,1738,0.8981,28.8286,1.3819,36.2637
7638,2,37,255,1.0,50.0,-1.34731,89.2857
7639,23,88,24,0.5664,18.1818,5.53117,0.0
7640,13,90,134,0.5006,16.0684,0.2018,42.6471
7641,10,878,5800,0.5239,16.8185,1.42092,79.8956
7642,78,5700,945,0.9583,14.0877,0.328659,54.2474
7643,113,1200,1200,0.3329,10.6852,1.1721,55.8943
7644,4,2200,2800,0.524,9.43181,1.82927,73.3161
7645,7,1700,6800,0.3031,9.73109,3.84944,82.7815
7646,161,133,491,0.1965,6.30744,0.132908,77.0833
7647,126,578,2100,0.2389,7.67013,0.220225,36.9565
7648,511,1200,1600,0.0575,1.84722,0.8136,44.4444
7649,33,2400,1800,0.5799,10.4375,1.66297,33.5685
7650,1,881,2600,0.3819,12.2588,-0.225582,0.0
7651,4,75,36,0.7165,23.0,1.2701,40.0
7652,42,408,2499,0.3453,11.0839,0.2216,37.9845
7653,154,224,335,0.0726,2.33135,3.30688,8.3333
7654,27,1100,1100,0.2032,6.52273,1.4097,0.0
7655,20,129,69,0.5487,17.6141,0.1403,48.4848
7656,8,811,464,0.5096,16.3584,0.950835,20.5263
7657,19,368,421,0.3352,10.7609,0.665813,18.0556
7658,15,128,400,0.3424,10.9896,-1.53978,58.5714
7659,366,499,1000,0.1216,3.90192,0.0356455,16.0494
7660,96,284,210,0.1597,5.1252,-0.125623,29.2683
7661,68,1000,1000,0.3901,12.5235,0.109088,29.3269
7662,23,611,1200,0.4096,13.1478,-0.877938,50.0
7663,238,555,1200,0.4188,13.4434,0.971907,67.086
7664,55,204,252,0.8365,26.8519,10.0,37.8109
7665,45,406,689,0.1564,5.02189,10.0,74.2331
7666,19,91,115,0.3355,10.7692,2.45536,25.0
7667,238,247,2100,0.3146,10.099,0.148423,71.25
7668,7,52,72,0.1398,4.48718,6.61834,37.5
7669,11,93,61,0.5322,17.0848,0.595238,60.9375
7670,4,159,367,0.4572,14.675,1.68404,0.0
7671,22,63,128,0.239,7.67196,0.288018,51.2195
7672,19,126,50,0.3915,12.5661,0.289743,57.1429
7673,6,699,357,0.3224,10.3481,0.157418,29.078
7674,3900,1100,3500,0.0007,0.0213904,1.74419,50.0
7675,3,1400,991,0.6943,22.2857,0.7382,49.4949
7676,15,1900,1600,0.6534,20.9737,-2.49446,87.8811
7677,5,108,706,1.0,50.0,-1.2389,90.1734
7678,3,137,196,0.9778,31.3869,1.55896,51.2821
7679,1300,1200,2200,0.3135,10.0648,10.0,29.7196
7680,20,106,73,0.369,11.8449,1.86012,37.3134
7681,30,176,611,0.1288,4.1351,-0.889914,85.7143
7682,1100,21800,5600,0.0134,0.14475,-0.391073,54.2857
7683,9,979,2900,0.469,15.0562,0.13015,58.6207
7684,218,1000,355,0.0848,2.72222,0.9619,18.6567
7685,23,3100,2700,0.9771,17.5887,0.606061,38.308
7686,354,1900,5400,0.2129,6.83333,-0.892857,94.3672
7687,37,336,398,0.4792,15.3832,4.22684,50.0
7688,61,1200,1600,0.4716,15.1389,1.62338,17.5439
7689,2,148,560,0.3473,11.1486,1.60428,89.6552
7690,168,1100,898,0.309,9.91918,1.0951,35.277
7691,23,951,1600,0.4544,14.5875,8.30949,46.6667
7692,233,1500,116,0.0438,1.40741,1.0897,32.9545
7693,6,57,80,1.0,50.0,10.0,81.1966
7694,51,1400,776,0.3044,9.77041,1.39018,0.0
7695,278,1000,131,0.0073,0.233333,-1.58562,42.8571
7696,14,477,3000,0.4089,13.1269,0.115776,88.9881
7697,158,228,459,0.2154,6.91434,1.37221,52.6316
7698,7,57,74,0.164,5.26315,-0.61262,57.1429
7699,517,2000,1500,0.2252,7.22941,1.98413,14.6179
7700,103,3000,521,0.0056,0.1,-1.62338,0.0
7701,27,116,279,0.2074,6.65709,0.974026,64.0625
7702,477,1400,2100,0.0062,0.198413,0.6633,29.6296
7703,17,1300,4700,0.3134,10.0615,9.08042,64.0257
7704,19,49,262,0.4627,14.8526,-0.704473,79.6296
7705,31,82,63,0.1604,5.14904,0.225836,48.0
7706,27,329,413,0.4399,14.1199,6.82773,60.9649
7707,2,48,459,1.0,50.0,2.0888,0.0
7708,35,183,147,0.5599,17.9721,1.37372,23.3645
7709,72,103,655,0.3176,10.1942,0.725821,75.5102
7710,161,1300,3900,0.082,2.63248,5.35714,48.0519
7711,9,319,279,0.5599,17.9728,3.29953,0.0
7712,7,1500,1400,0.1682,5.4,1.2987,0.0
7713,431,380,260,0.3284,10.5409,3.80143,15.9091
7714,19,89,416,0.1789,5.74282,0.634249,63.0435
7715,26,145,906,0.3079,9.88506,-2.10643,60.0
7716,225,1300,1200,0.5732,18.3982,1.49701,14.2578
7717,451,516,2900,0.0379,1.21662,1.07666,31.0345
7718,1,37,244,1.0,50.0,-0.469925,90.1961
7719,20,102,212,0.5854,18.7909,2.60835,24.5902
7720,68,1400,3700,0.1032,3.31429,9.47246,63.4615
7721,45,508,755,0.668,21.4416,-5.0,0.0
7722,92,264,755,0.0885,2.84091,-0.0673854,74.6988
7723,62,953,2800,0.2288,7.34523,10.0,13.0435
7724,309,524,1870,0.0314,1.00721,-0.2022,50.0
7725,526,3600,1400,0.3554,6.39683,1.62338,34.8468
7726,3000,6000,2500,0.0161,0.236111,6.30583,18.3824
7727,307,318,682,0.3037,9.74844,1.46645,22.3214
7728,962,8100,4900,0.0112,0.164851,1.0881,49.2958
7729,139,600,256,0.1012,3.25,10.0,31.0
7730,106,4400,1000,0.1577,2.83838,-0.406504,34.5946
7731,31,254,783,0.276,8.85827,2.23904,50.4
7732,3,1400,5100,0.5696,18.2857,1.2026,65.4135
7733,241,829,412,0.0697,2.23831,0.461363,22.449
7734,1,116,655,0.8057,25.8621,1.2488,53.5714
7735,85,1400,3500,0.0983,3.15476,1.1364,73.1771
7736,48,302,287,0.1771,5.68432,1.4355,25.8824
7737,11,239,422,0.4147,13.3131,0.233961,40.0
7738,7,410,1700,0.9009,28.9199,-1.2322,62.3574
7739,9,799,3800,0.0988,3.17063,-0.712517,61.5385
7740,3,2400,7500,0.2639,4.75,1.2683,65.1899
7741,71,1100,3600,0.1307,4.19697,1.78571,75.5556
7742,39,154,710,0.3933,12.6263,-1.29861,88.8889
7743,513,14700,395,0.0386,0.416856,5.10836,13.6905
7744,29,1200,1651,0.3032,9.73148,0.535,46.8376
7745,12,83,344,1.0,50.0,-0.213858,68.1818
7746,1000,906,5000,0.0061,0.196223,-1.14062,33.3333
7747,43,135,667,0.1513,4.85597,-0.99309,59.375
7748,25,3100,7500,0.1896,3.41191,0.613497,51.7857
7749,20,233,77,0.5925,19.0182,10.0,45.6954
7750,18,1500,971,0.2978,9.55833,2.81426,0.0
7751,22,80,291,0.132,4.23611,1.3701,82.7586
7752,79,5200,857,0.8702,12.7923,-1.86955,74.6249
7753,1400,5000,5600,0.0015,0.0277778,0.7453,86.6667
7754,2,118,762,0.9108,29.2373,-2.3776,71.7391
7755,243,3100,1400,0.4454,8.01792,0.606061,33.6933
7756,15,567,530,0.5911,18.9741,0.638126,28.4768
7757,88,668,287,0.2982,9.57118,5.48644,51.4344
7758,44,376,632,0.4106,13.1797,0.5382,25.6757
7759,24,392,2600,0.3444,11.0544,0.989511,67.5573
7760,21,1200,2000,0.3528,11.325,4.68839,21.6931
7761,19,941,909,0.4862,15.6065,2.24554,13.4615
7762,13,1700,526,0.326,10.4657,1.15031,82.4153
7763,45,189,982,0.3901,12.522,-0.462992,75.0
7764,171,5300,7500,0.4079,5.99581,1.1165,89.2324
7765,28,1000,1891,0.3162,10.15,0.8467,0.0
7766,143,980,1000,0.4593,14.7449,1.73972,23.7237
7767,47,1800,952,0.2228,7.15033,1.3838,17.0732
7768,389,724,739,0.0457,1.46562,0.401163,19.2982
7769,310,5600,855,0.0073,0.107143,0.645995,62.5
7770,9,522,438,0.37,11.8774,1.402,36.3636
7771,87,308,150,0.3085,9.9026,1.77515,14.094
7772,52,508,857,0.0743,2.38408,0.289157,25.3731
7773,5,89,193,0.357,11.4607,0.202922,25.9259
7774,113,395,726,0.2121,6.80731,2.94985,37.1622
7775,17,141,578,0.9306,29.8707,-0.737644,0.0
7776,78,332,613,0.3983,12.7845,4.82895,23.4483
7777,6,6200,6100,0.3974,5.8414,-0.286862,0.0
7778,4,263,753,0.5893,18.9163,1.1637,46.6216
7779,656,1100,786,0.112,3.59596,0.8791,26.8293
7780,25,288,32,0.5108,16.3966,-0.12693,20.9524
7781,157,143,721,0.1319,4.23465,-0.366928,0.0
7782,48,46,94,0.3236,10.3865,-1.43713,92.3077
7783,56,1200,7300,0.0995,3.19444,-1.39018,84.2105
7784,42,408,2400,0.3741,12.0098,-1.26853,0.0
7785,843,15400,2500,0.3749,4.04906,6.5407,50.2101
7786,11,2800,7500,0.6792,12.2262,2.15569,42.8571
7787,10,652,2700,0.3799,12.1933,-0.139214,0.0
7788,46,394,694,0.7633,24.5008,3.61472,62.533
7789,2,258,348,1.0,50.0,-1.65451,82.1705
7790,46,131,176,0.506,16.2426,3.23677,22.3881
7791,91,965,1300,0.4581,14.7064,0.113755,0.0
7792,80,825,6000,0.0462,1.48148,-0.191563,61.0169
7793,95,1100,4632,0.1273,4.08586,0.7438,83.5509
7794,16,1600,500,0.176,5.65,1.20482,0.0
7795,80,3200,1400,0.5521,9.9375,0.5819,72.973
7796,0,23,206,1.0,50.0,-5.0,54.7461
7797,113,322,852,0.3832,12.3016,0.056,40.1639
7798,45,828,848,0.4375,14.0432,0.0657174,34.7938
7799,72,2500,6800,0.1506,2.71111,0.748503,31.5789
7800,52,843,3001,0.0233,0.748243,-0.1059,44.7368
7801,27,491,455,0.553,17.7529,0.847741,10.8696
7802,45,1400,3400,0.0467,1.5,2.92398,39.4161
7803,38,382,1200,0.4186,13.438,-0.739896,91.3828
7804,15,152,166,0.9674,31.0526,0.245399,64.2157
7805,3,4600,2000,1.0,21.9493,-1.12683,87.3941
7806,363,540,2100,0.1018,3.26797,-0.921083,81.5287
7807,3,136,230,1.0,50.0,-0.2603,90.3704
7808,82,1300,1500,0.2094,6.72308,1.50602,25.1799
7809,4,302,423,0.2115,6.78808,10.0,7.1429
7810,467,88,197,0.293,9.40657,1.59055,67.4419
7811,96,1100,737,0.6399,20.5404,1.1782,25.5072
7812,10,332,384,0.2036,6.53614,-0.05527,95.8763
7813,43,108,388,0.4086,13.1173,0.340987,78.3133
7814,6,58,350,1.0,42.5287,-0.595238,91.25
7815,41,758,2700,0.1265,4.06039,-0.0708176,49.6894
7816,8,232,1400,0.9366,30.0647,-1.09094,89.5582
7817,52,278,270,0.5335,17.1263,2.87879,52.2388
7818,3,42,122,0.6181,19.8413,-1.20482,83.3333
7819,17,391,1000,0.5534,17.7633,3.08419,69.3548
7820,598,1100,914,0.071,2.27778,1.1909,11.5385
7821,25,838,2900,0.291,9.34102,-0.713247,90.2928
7822,423,9500,2400,0.012,0.176023,-3.67647,50.9554
7823,33,570,828,0.5283,16.9591,6.24563,45.8333
7824,40,3900,7500,0.3117,5.61072,0.5193,60.8258
7825,228,892,3000,0.0444,1.42626,2.21513,35.7143
7826,858,7000,7500,0.2911,4.279,-0.496032,80.894
7827,65,127,681,0.154,4.94313,6.56751,48.3871
7828,83,680,1400,0.2515,8.0719,5.89391,28.4091
7829,37,349,4500,0.7151,22.9545,-0.512672,91.4831
7830,24,48,198,0.3281,10.5324,-0.714286,85.1852
7831,8,510,1400,0.7906,25.3781,-0.2808,43.0034
7832,54,505,820,0.2385,7.65677,0.891001,50.0
7833,3300,3600,4900,0.003,0.0540124,7.63006,35.7143
7834,93,2000,2900,0.1647,5.28611,-0.876424,49.2355
7835,693,1400,4500,0.0298,0.956349,0.5239,40.8163
7836,5,186,806,0.5996,19.2473,-1.26506,82.7586
7837,25,1100,2800,0.084,2.69697,0.5617,71.4286
7838,132,1200,973,0.3207,10.2955,1.5949,17.931
7839,49,480,1601,0.2257,7.24537,-0.0371,55.4286
7840,131,4500,3100,0.0122,0.219753,-0.764429,78.3133
7841,33,839,1100,0.0629,2.0196,0.289666,61.7021
7842,1,265,4700,1.0,50.0,1.89394,99.2832
7843,107,1000,7487,0.0689,2.21111,0.7365,75.2688
7844,17,75,132,0.4545,14.5882,1.01816,86.7647
7845,208,851,1900,0.0718,2.30448,-0.907648,82.5758
7846,1,319,2400,1.0,50.0,10.0,93.4884
7847,32,492,1800,0.372,11.9411,0.568311,56.0847
7848,68,868,353,0.3625,11.6359,0.1671,39.5939
7849,2,4300,1400,0.3986,7.17442,-0.410734,98.8636
7850,123,100,367,0.2786,8.94444,-0.352237,71.6667
7851,265,1400,492,0.446,14.3175,0.7783,22.0867
7852,81,1400,6300,0.1399,4.49206,-1.1976,81.4607
7853,155,376,287,0.2136,6.85579,6.61911,27.8846
7854,54,629,1600,0.2042,6.55361,-0.556927,53.4694
7855,2300,2900,4200,0.0402,0.724138,0.8987,63.871
7856,15,251,917,0.1481,4.75432,-1.13273,89.3617
7857,7,2300,896,0.3422,6.15942,1.7316,27.9221
7858,1,818,388,0.3904,12.5306,0.112501,14.2276
7859,684,857,2500,0.0135,0.434332,2.96786,36.8421
7860,23,75,46,0.3787,12.1569,-0.235,37.1429
7861,802,1500,3400,0.0854,2.74286,0.6589,54.5906
7862,67,579,1609,0.0729,2.3412,-0.1233,82.9787
7863,531,547,4200,0.161,5.16961,0.717197,83.3333
7864,372,18400,3600,0.0696,0.751208,-3.44612,42.0213
7865,1,1700,7000,1.0,34.8235,-1.02249,86.8571
7866,8,566,7500,0.5137,16.49,-0.2182,88.7273
7867,150,1300,6200,0.0099,0.316239,1.098,51.7241
7868,34,217,116,0.7673,24.6288,0.68762,19.8276
7869,92,268,376,0.7898,25.3524,1.57819,24.2775
7870,75,748,3981,0.1428,4.58365,0.0966,38.961
7871,540,9800,7420,0.0041,0.0606576,0.1863,0.0
7872,14,337,1600,0.5447,17.4862,-1.83133,84.5679
7873,30,823,5024,0.1249,4.00972,-0.2144,78.1362
7874,63,132,226,0.5887,18.8973,2.65556,28.4211
7875,359,11500,3400,0.099,1.06957,1.0137,20.1245
7876,3,54,428,0.9038,29.0123,1.85529,78.7879
7877,585,3100,5400,0.0475,0.854839,-3.68494,77.0213
7878,203,2600,4200,0.1087,1.95726,2.35726,82.2727
7879,145,146,220,0.1802,5.78387,-0.58434,10.8108
7880,3,1600,6900,0.1012,3.25,-1.08264,51.0204
7881,68,238,348,0.2516,8.07656,0.953845,48.8889
7882,1200,418,701,0.077,2.47209,0.974659,16.6667
7883,4,198,241,0.2557,8.20707,0.281426,58.6957
7884,415,6400,3200,0.1289,1.89497,-0.27637,42.0382
7885,86,378,2500,0.2871,9.21517,-0.465781,89.8773
7886,39,355,858,0.3823,12.2711,0.7878,50.8547
7887,13,943,334,0.1913,6.13998,-0.019,70.8995
7888,233,252,1100,0.061,1.95933,0.898204,40.0
7889,2,264,955,0.7729,24.8106,-0.904665,73.8095
7890,1,59,167,0.3168,10.1695,2.40385,16.6667
7891,97,204,961,0.0806,2.58715,-0.599555,67.2414
7892,16,974,4600,0.4301,13.8056,10.0,75.6477
7893,13,529,333,0.5678,18.2262,1.62842,34.5679
7894,159,874,594,0.2339,7.50858,-0.143594,78.7698
7895,3200,1300,2900,0.0126,0.405983,1.44509,10.0
7896,67,273,1200,0.6181,19.8413,-1.29088,31.1377
7897,33,453,636,0.8187,26.2816,1.97999,48.2833
7898,1,562,1600,0.2273,7.29537,-0.693336,0.0
7899,6,35,337,0.6972,22.381,-0.499002,83.3333
7900,129,2400,1000,0.987,17.7662,0.800213,45.4047
7901,95,1000,2200,0.031,0.994444,7.76286,28.0702
7902,8,1900,2600,0.1242,3.98684,1.2742,60.7273
7903,124,202,143,0.4515,14.4939,-0.088,59.1954
7904,34,2200,570,0.4781,8.60606,0.85034,22.0907
7905,525,1200,2400,0.0222,0.712963,-1.35747,17.4603
7906,150,1400,787,0.4823,15.4832,0.8299,23.9782
7907,9,914,837,0.5908,18.9643,1.53133,39.2086
7908,1,78,17,0.4393,14.1026,1.51515,60.0
7909,1,91,482,1.0,50.0,2.27221,95.3125
7910,3,393,1700,1.0,37.235,-1.24946,72.3005
7911,33,775,745,0.5292,16.9867,-0.0470854,0.0
7912,71,1000,4800,0.1916,6.15,1.1444,85.7645
7913,98,375,1200,0.3088,9.91111,0.398751,26.4151
7914,10,976,7200,0.4019,12.8996,10.0,85.462
7915,1600,15300,6800,0.0189,0.20443,0.973631,19.5122
7916,332,931,2100,0.0961,3.08509,-1.10082,89.7727
7917,5,271,216,0.1916,6.15006,-0.131605,37.037
7918,44,678,3300,0.2139,6.8666,7.79358,52.8302
7919,120,447,593,0.0558,1.78971,-0.0396238,64.5161
7920,29,962,1200,0.4606,14.784,0.491059,41.1864
7921,32,79,145,0.6077,19.5086,10.0,35.2941
7922,29,682,254,0.3406,10.9319,4.55706,44.8276
7923,7,36,31,0.4574,14.6825,-0.951173,72.7273
7924,9,519,1100,0.4288,13.7658,0.843108,75.0
7925,42,302,1200,0.157,5.04047,-0.741374,65.9794
7926,167,1700,5800,0.0622,1.99673,-1.0101,59.7938
7927,155,1700,3600,0.1477,4.74265,2.39521,0.0
7928,3,198,1300,0.3619,11.6162,-1.17925,72.5
7929,3,552,545,1.0,33.9976,0.837147,11.7155
7930,141,2100,4000,0.3889,7.0,0.903614,27.1914
7931,20,529,3300,0.1377,4.42134,-0.784331,77.3438
7932,195,231,1400,0.7657,24.5791,-1.0327,96.5986
7933,254,1000,7100,0.0059,0.188889,-1.60428,66.6667
7934,1100,2400,1400,0.4271,7.68751,1.60428,32.7703
7935,48,118,84,0.9094,29.1902,-1.01205,61.5894
7936,20,1200,1300,0.4841,15.5385,1.64294,34.8195
7937,528,2000,2600,0.0351,1.12778,0.7417,19.6721
7938,34,61,66,1.0,37.6138,-0.842066,89.3878
7939,234,475,1800,0.0601,1.92982,1.78809,46.3768
7940,75,109,248,0.4176,13.4047,0.51458,43.75
7941,175,642,3100,0.0903,2.89893,-1.12767,86.1635
7942,19,1700,3100,0.4231,13.5824,10.0,43.4426
7943,76,312,365,0.5591,17.9487,0.0588189,9.9415
7944,20,1100,2359,0.3385,10.8663,0.7751,23.5828
7945,9,908,536,0.5404,17.3458,2.72234,38.0208
7946,17,159,672,0.6489,20.8287,-0.968158,64.5161
7947,40,804,452,0.2785,8.9414,0.160663,38.6986
7948,44,117,715,0.142,4.5584,2.24551,64.1026
7949,36,456,1100,0.2638,8.46735,-0.11956,80.8442
7950,28,238,44,0.5185,16.6433,10.0,85.4671
7951,74,376,314,0.3627,11.643,0.291309,23.5632
7952,166,976,1800,0.1392,4.46835,0.734509,12.5
7953,43,517,2300,0.1982,6.36149,-0.412442,78.7582
7954,888,2700,5600,0.0007,0.0123457,1.38728,66.6667
7955,4100,2400,6800,0.0059,0.106481,4.56343,57.1429
7956,56,419,689,0.3474,11.1509,1.1607,64.9351
7957,12,821,642,0.8272,26.553,3.05042,0.0
7958,64,107,120,0.1585,5.08827,3.59019,29.4118
7959,66,814,7400,0.1254,4.02675,-1.18269,89.172
7960,10,157,850,0.76,24.3949,1.1505,67.5676
7961,222,1200,4500,0.0265,0.851852,-1.34953,33.3333
7962,305,3600,1400,0.0471,0.847223,0.495458,25.3968
7963,100,1500,5800,0.0479,1.53704,-2.11342,76.6055
7964,57,508,648,0.3557,11.4173,-0.518326,28.0
7965,2600,8300,662,0.0011,0.0167336,-0.99681,68.75
7966,8,360,1800,0.2693,8.64583,-0.676503,81.5217
7967,105,914,931,0.1587,5.09318,0.201126,17.5
7968,4,181,1200,1.0,50.0,-0.296443,92.5
7969,13,285,2800,0.3389,10.8772,0.950807,86.5741
7970,2,1100,664,0.296,9.5,-1.50602,31.4103
7971,25,413,352,0.3378,10.8421,-0.131918,51.3089
7972,30,963,2700,0.2193,7.03819,-0.225141,77.3756
7973,2,1000,5600,0.4907,15.75,0.9272,0.0
7974,594,774,1400,0.1263,4.05541,0.398646,24.0642
7975,36,1500,4500,0.1418,4.55111,0.6844,0.0
7976,56,532,532,0.8042,25.8145,1.1403,13.1343
7977,131,546,5100,0.2054,6.59341,1.19293,84.8921
7978,1,96,164,1.0,47.9167,-0.187441,72.2222
7979,7,146,1300,0.7316,23.4834,-1.27389,87.5862
7980,6,116,138,0.4028,12.931,1.16764,62.5
7981,87,1300,787,0.409,13.1305,1.1485,43.1012
7982,4298,3700,7495,0.0012,0.021021,0.8216,28.5714
7983,24,912,1095,0.6612,21.2232,-0.1167,18.1019
7984,9,273,1156,1.0,32.3565,-0.1299,84.918
7985,34,1200,5900,0.0951,3.05208,1.1625,0.0
7986,1,379,1100,0.1726,5.5409,0.0941723,45.0
7987,31,965,6221,0.1941,6.22913,-0.111,73.8372
7988,1200,2200,2300,0.0088,0.159091,0.8478,65.625
7989,6,1600,1400,0.3125,10.0312,-1.08264,82.971
7990,126,411,153,0.2011,6.45484,2.96938,32.3308
7991,715,516,374,0.0741,2.37941,2.84495,30.7692
7992,55,482,868,0.6729,21.5998,0.348064,36.5079
7993,436,1000,2100,0.0874,2.80588,-1.61377,0.0
7994,447,1600,6900,0.0367,1.17708,1.16959,13.5417
7995,647,378,1500,0.0234,0.749559,0.377121,5.8824
7996,942,1900,5800,0.0079,0.254386,-0.882353,59.2593
7997,4,102,77,1.0,50.0,-1.4742,58.3333
7998,45,398,1800,0.2861,9.18481,-0.905771,90.1449
7999,6,142,228,0.8556,27.4648,2.6393,47.0588
8000,109,726,3448,0.0429,1.37741,0.0493,0.0
8001,170,895,1300,0.2036,6.53631,0.806195,22.5564
8002,1,58,50,0.4297,13.7931,0.318979,50.0
8003,52,2500,4600,0.3385,6.0925,1.56209,89.5314
8004,81,529,1700,0.1196,3.83979,1.04192,55.2
8005,53,1100,2000,0.3795,12.1818,1.82927,27.6986
8006,164,454,1200,0.2402,7.70925,1.00869,37.5
8007,593,184,555,0.142,4.55918,-0.757576,0.0
8008,2,168,1000,1.0,39.5833,-0.626959,88.3495
8009,1,914,4700,0.3681,11.8162,-0.698918,85.7143
8010,3,101,21,0.401,12.8713,0.181818,86.6667
8011,16,1400,5700,0.1306,4.19196,-1.22699,72.6027
8012,185,240,1000,0.2322,7.4537,0.679553,57.732
8013,91,632,1000,0.5019,16.1113,0.647885,12.4113
8014,9,231,1900,0.6968,22.3665,-0.460299,88.0597
8015,48,280,204,0.2454,7.87698,-1.3245,74.7573
8016,91,342,1000,0.3117,10.0065,-1.4042,81.9383
8017,49,86,27,0.6923,22.2222,-0.208986,54.1176
8018,25,1000,3400,0.3005,9.64706,0.337361,67.7852
8019,912,653,776,0.1717,5.51302,1.12754,10.4575
8020,1200,824,7500,0.0128,0.411273,0.609986,36.3636
8021,9,734,4919,0.6079,19.5126,-0.1687,0.0
8022,63,152,710,0.1626,5.2193,0.363872,0.0
8023,291,1000,5800,0.0919,2.95,1.2146,71.4932
8024,1,532,1800,0.9662,31.015,-0.872901,86.014
8025,160,657,1700,0.0479,1.53898,-0.187139,61.9565
8026,50,265,513,0.2753,8.83648,5.87349,30.4348
8027,1000,1200,518,0.1755,5.63426,5.76239,31.1728
8028,73,419,2100,0.043,1.37894,-0.668757,51.4286
8029,247,1300,6200,0.0529,1.69658,-1.28315,82.4176
8030,28,1200,1245,0.6678,21.4375,0.818,32.4401
8031,28,114,99,0.1928,6.18908,10.0,55.814
8032,270,881,864,0.5561,17.8522,1.53219,0.0
8033,2,287,1600,1.0,50.0,-0.125068,91.9847
8034,8,47,217,0.4391,14.0957,-0.742115,80.9524
8035,10,595,2999,0.6213,19.944,0.2743,61.9512
8036,6,1700,2800,0.4251,13.6471,2.36686,0.0
8037,13,284,206,0.5586,17.9307,1.44303,26.9006
8038,82,136,1200,0.2189,7.02614,-0.519481,63.8298
8039,21,483,2400,0.4507,14.4669,-1.35023,88.8224
8040,66,338,414,0.7117,22.8468,0.968771,29.0441
8041,92,3500,1100,0.0629,1.13214,-0.487329,69.0554
8042,168,426,2500,0.1576,5.05999,10.0,81.0127
8043,30,297,1900,0.2791,8.95997,-0.121618,66.6667
8044,27,542,5300,0.874,28.0545,-1.52638,0.0
8045,11,1600,1907,0.2276,7.30556,0.9463,37.0
8046,8,200,199,0.3758,12.0625,0.7775,23.6559
8047,17,6800,1500,0.0085,0.125,-0.501253,0.0
8048,188,640,2805,0.0281,0.902778,0.1987,33.3333
8049,1700,4200,5800,0.0698,1.25661,0.5487,19.5
8050,502,2200,1300,0.3415,6.14646,0.9108,15.5488
8051,30,127,116,0.4083,13.1079,3.99676,71.8182
8052,214,1700,962,0.2193,7.03806,10.0,15.6695
8053,963,2600,7100,0.0623,1.1218,0.8071,22.8758
8054,43,439,1200,0.1691,5.42901,-0.0418293,84.6774
8055,46,271,463,0.4726,15.1702,0.203528,34.9206
8056,452,2100,7200,0.0973,1.75132,4.12797,41.0256
8057,7,2200,1700,0.554,9.97271,0.860585,33.8235
8058,36,568,595,0.3093,9.92762,0.0646385,17.6724
8059,187,320,2700,0.1109,3.55903,-0.809207,86.3014
8060,172,479,5100,0.0636,2.04129,-0.327384,59.6774
8061,17,339,665,0.3557,11.4177,1.77599,30.1282
8062,162,2700,1800,0.3901,7.02179,1.3117,23.5197
8063,61,317,1300,0.1616,5.18752,-0.501952,57.5758
8064,2600,1400,1300,0.0839,2.69444,0.6374,9.0452
8065,54,931,834,0.4287,13.7613,0.179657,38.5827
8066,1200,1200,2000,0.048,1.54167,0.7518,16.6667
8067,187,973,3200,0.1277,4.09958,0.227036,0.0
8068,8,113,60,0.1999,6.41593,1.01954,33.3333
8069,17,451,762,0.353,11.3304,0.0814819,29.8701
8070,362,1400,7500,0.0441,1.41597,1.347,62.6087
8071,234,923,1800,0.0849,2.72662,0.818677,52.4064
8072,429,1200,7200,0.0111,0.356481,0.9795,78.7234
8073,640,1600,5400,0.0054,0.173611,1.3565,52.6316
8074,20,1100,874,0.7274,23.3485,1.80723,21.7105
8075,2,563,2300,0.8687,27.8863,2.09042,24.6835
8076,25,589,991,0.5448,17.4873,10.0,43.1925
8077,62,2400,2400,0.2906,5.23148,-0.722892,49.7065
8078,104,820,2000,0.054,1.73442,0.180223,81.5385
8079,63,289,335,0.4557,14.629,3.03644,26.9461
8080,14,192,507,0.3894,12.5,-0.281426,53.6232
8081,119,786,576,0.0912,2.92621,-0.706984,58.1197
8082,9,46,134,0.5192,16.6667,-1.7934,75.0
8083,247,1400,6200,0.0626,2.00794,1.3439,88.8031
8084,13,385,70,0.3523,11.3087,0.0961092,22.7513
8085,51,1600,942,0.6454,20.7188,1.1499,74.1673
8086,175,123,156,0.2828,9.07859,-0.284024,34.4828
8087,25,388,677,0.2328,7.47422,0.486902,53.4188
8088,834,2200,2100,0.0091,0.164141,-0.762776,92.0
8089,9,355,2100,0.4241,13.615,3.08767,0.0
8090,1,399,236,0.5934,19.0476,1.218,83.3333
8091,2,105,714,1.0,39.0476,-0.971031,91.2281
8092,1,110,170,1.0,41.8182,1.04895,100.0
8093,121,1100,966,0.4558,14.6313,1.7964,35.2713
8094,166,740,4700,0.067,2.14988,-0.541512,77.1739
8095,16,1400,7500,0.414,13.2908,-1.20482,90.827
8096,25,283,378,0.7039,22.5952,0.466791,23.3503
8097,392,1400,1027,0.1619,5.19748,1.1404,28.8136
8098,30,203,914,0.1654,5.30925,1.4333,67.4157
8099,114,794,1200,0.2711,8.70129,0.493943,69.5846
8100,3400,999,3500,0.0397,1.27349,0.265882,12.5
8101,50,421,90,0.0313,1.00493,-0.124861,7.1429
8102,3,456,2400,1.0,32.7851,-1.05184,83.8174
8103,110,181,257,0.6703,21.5163,2.69764,50.0
8104,1800,1400,6700,0.0094,0.301587,0.5481,16.0
8105,197,1700,4200,0.0951,3.0519,1.12952,22.8365
8106,252,1400,5800,0.1794,5.75794,1.3986,21.6718
8107,57,333,292,0.5869,18.8388,1.89843,20.8333
8108,27,1800,699,0.2937,9.42735,1.07604,43.9523
8109,168,1300,561,0.1352,4.33846,0.819,19.0909
8110,14,298,1400,0.4697,15.0767,-1.03567,75.431
8111,11,692,2500,0.4927,15.8157,0.324793,68.8129
8112,5,17,23,1.0,50.0,-5.0,0.0
8113,15,255,520,0.2851,9.15032,9.3087,42.8571
8114,27,137,1500,0.4586,14.7202,-0.131752,88.7179
8115,30,314,1800,0.3974,12.7565,1.90904,92.8741
8116,466,683,806,0.0529,1.69667,0.941107,0.0
8117,4,605,3600,0.424,13.6088,5.35491,89.6552
8118,14,699,3700,0.4,12.8398,2.08081,58.1395
8119,20,1300,3600,0.2266,7.2735,-1.29088,45.1163
8120,159,1300,5300,0.0212,0.679487,0.9507,80.6452
8121,2,97,173,0.546,17.5258,0.970497,41.6667
8122,30,163,1000,0.2357,7.56646,-0.534645,76.9231
8123,48,890,675,0.3436,11.0283,3.67829,53.9073
8124,5,43,102,0.71,22.7907,-0.413223,75.0
8125,149,637,433,0.4624,14.8439,0.262156,23.8671
8126,37,1800,1957,0.1635,5.24691,0.7967,37.3874
8127,80,2300,1900,0.3865,6.95652,0.811688,19.4059
8128,3,185,3500,1.0,50.0,-1.35542,95.2756
8129,13,1100,7500,0.09,2.88889,1.80723,0.0
8130,164,1500,2700,0.1269,4.07407,1.28315,44.1606
8131,807,662,733,0.081,2.60155,0.411549,25.4902
8132,33,807,3700,0.0375,1.20375,2.07469,0.0
8133,5,218,1100,1.0,42.6605,1.51935,80.4598
8134,205,2400,1900,0.469,8.4427,0.6314,44.4844
8135,79,545,234,0.1842,5.91233,4.67459,57.3171
8136,24,233,224,0.9181,29.4707,10.0,44.4954
8137,2000,3800,1300,0.0003,0.00584796,-0.447227,100.0
8138,965,3200,1900,0.0042,0.0763889,-0.531632,57.8947
8139,9,905,762,0.407,13.0663,1.95838,0.0
8140,186,474,363,0.1493,4.79372,2.37819,16.2393
8141,29,1700,1100,0.3689,11.8431,1.2668,34.4029
8142,36,661,585,0.2669,8.56656,0.166551,26.0465
8143,70,856,601,0.6027,19.3471,0.637573,24.6285
8144,1000,1500,4300,0.0057,0.182222,0.94,50.0
8145,35,271,2300,0.3762,12.0746,-1.00751,89.5652
8146,2,216,308,0.4327,13.8889,1.35685,37.5
8147,141,2100,7100,0.1684,3.03175,-0.816549,49.6795
8148,97,553,120,0.1133,3.63673,5.05469,33.5878
8149,18,1100,1637,0.6492,20.8409,0.6891,69.0751
8150,294,1500,955,0.1097,3.52222,0.9129,19.6891
8151,24,4200,1800,0.1707,3.07275,0.9971,33.7143
8152,1000,513,321,0.058,1.86268,0.711718,17.8571
8153,102,2000,6588,0.1084,3.48056,0.747,50.4505
8154,71,339,1200,0.2001,6.42412,-0.779869,84.3434
8155,20,378,722,0.6293,20.202,1.06952,30.2041
8156,309,783,1200,0.2615,8.39365,0.376997,59.375
8157,1,50,46,1.0,44.0,0.371058,77.7778
8158,63,2900,6200,0.1114,2.00575,2.90909,87.1845
8159,28,342,761,0.4496,14.4307,3.86847,30.7692
8160,104,538,1000,0.3043,9.76869,0.272789,59.3284
8161,2600,2100,1700,0.0616,1.10847,1.4768,12.7451
8162,631,1200,5500,0.0695,2.23148,1.1534,73.913
8163,11,138,133,0.2216,7.11463,0.983468,68.9655
8164,210,746,3800,0.1072,3.44057,-0.261037,68.2796
8165,76,1100,1600,0.491,15.7626,1.90713,32.037
8166,202,1100,2100,0.2736,8.78283,2.73339,44.3497
8167,136,1000,561,0.4604,14.78,0.585215,51.2322
8168,755,684,362,0.081,2.59909,0.617676,14.6341
8169,51,7400,6546,0.3525,5.18147,0.8365,0.0
8170,140,556,524,0.0682,2.18825,-0.126796,30.0
8171,203,623,650,0.2072,6.6524,0.263317,31.1881
8172,888,802,6700,0.1278,4.10086,0.800567,76.7932
8173,238,1800,7300,0.1169,3.75397,-0.934288,62.1005
8174,58,1000,1000,0.1642,5.27,0.447094,17.2775
8175,744,683,636,0.0185,0.594802,0.311926,15.3846
8176,171,266,209,0.3912,12.5564,7.1475,17.0213
8177,20,346,308,0.1416,4.544,1.24972,48.7805
8178,214,335,473,0.2676,8.59039,10.0,32.3741
8179,618,719,783,0.0561,1.80034,0.324946,12.1212
8180,395,2300,1100,1.0,23.2077,1.2225,36.3363
8181,12,264,343,0.2242,7.19697,-0.069029,34.2105
8182,6,437,530,0.4158,13.3486,0.127223,49.7326
8183,3,59,62,1.0,50.0,-5.0,24.1379
8184,15,354,200,0.5431,17.4334,1.1029,49.3023
8185,619,1100,1100,0.1781,5.71717,1.3469,26.6212
8186,1200,10000,2500,0.071,1.04333,10.0,23.8462
8187,162,1100,757,0.4167,13.375,0.9259,20.5821
8188,27,137,177,0.3007,9.65126,10.0,96.5116
8189,358,953,3200,0.1596,5.12417,-0.561696,49.2355
8190,5,480,867,0.3245,10.4167,0.311948,55.1471
8191,220,645,472,0.6534,20.9733,0.0849618,11.7801
8192,43,503,2500,0.385,12.3592,-0.795022,89.3885
8193,833,1400,1600,0.0742,2.38095,1.0888,67.7083
8194,210,960,381,0.0716,2.29745,-0.409816,82.069
8195,127,531,917,0.2607,8.36995,-0.99687,56.8807
8196,27,5400,956,0.5478,8.05247,0.332963,20.1389
8197,32,924,2400,0.2731,8.76623,0.914634,42.4157
8198,19,144,175,0.5625,18.0556,1.65289,37.0
8199,233,1000,2100,0.0455,1.46111,1.0133,27.3973
8200,188,1600,1200,0.6182,19.8438,1.1662,27.1102
8201,15,193,513,0.7543,24.2142,-0.63253,52.2013
8202,1200,1500,2600,0.1409,4.52222,1.29088,0.0
8203,41,325,463,0.2029,6.51282,1.52439,37.0861
8204,38,1100,2600,0.1669,5.35858,1.84049,59.949
8205,603,3000,3666,0.0051,0.0925926,1.0646,55.5556
8206,2900,3300,6100,0.1331,2.39562,1.15207,19.8148
8207,63,1300,3100,0.2817,9.04274,1.3246,47.2759
8208,159,3200,6800,0.2534,4.56076,1.84729,53.1481
8209,24,734,1205,0.4626,14.8501,0.4003,26.6344
8210,36,204,974,0.3733,11.9826,-0.599555,82.1918
8211,46,535,760,0.5383,17.2793,1.35086,39.7143
8212,1,86,231,1.0,50.0,10.0,86.4865
8213,5,5800,5000,0.1431,2.10345,-0.297354,0.0
8214,52,847,451,0.3602,11.5637,0.240693,0.0
8215,51,468,362,0.5521,17.7232,-0.380373,48.1481
8216,6,33,130,0.2989,9.59596,-1.0327,92.3077
8217,60,709,614,0.5693,18.274,-0.959363,16.7286
8218,91,462,396,0.6177,19.8293,0.158793,14.9321
8219,22,1300,695,0.3485,11.1862,0.929,0.0
8220,30,2000,609,0.3554,11.4077,1.1712,89.9709
8221,76,686,2800,0.1557,4.99676,-0.540054,0.0
8222,184,1100,1300,0.231,7.41415,0.5691,20.979
8223,181,1800,1500,0.4846,15.5555,1.06952,21.2987
8224,14,665,2000,0.0893,2.86788,-0.429784,40.8451
8225,78,292,2100,0.2507,8.04795,-0.65609,90.5579
8226,7,1400,1800,0.2811,9.02382,0.832,0.0
8227,174,358,292,0.7126,22.874,0.103398,29.4776
8228,35,412,324,0.8242,26.4563,-0.133048,26.7062
8229,170,932,1700,0.1645,5.28135,4.63893,0.0
8230,137,368,176,0.2304,7.39734,10.0,42.3423
8231,13,1400,2700,0.1296,4.16071,1.3986,50.0
8232,407,989,817,0.3433,11.0212,10.0,0.0
8233,150,486,388,0.2001,6.42433,2.1396,30.7087
8234,399,5700,1600,0.0892,1.31092,10.0,16.7883
8235,3,110,444,0.9535,30.6061,-0.328659,68.0851
8236,607,3800,4500,0.1111,2.0,-0.460617,25.6619
8237,102,667,568,0.2774,8.90388,1.09181,21.1111
8238,153,655,4200,0.0795,2.55301,10.0,46.6667
8239,41,219,1300,0.2339,7.50888,-0.0816549,89.6104
8240,4,218,582,0.4359,13.9908,-0.3276,60.7843
8241,108,487,490,0.4222,13.5524,-0.146347,77.6204
8242,56,640,323,0.2355,7.56076,0.113662,22.4576
8243,13,105,95,0.5406,17.3545,6.89601,26.5306
8244,3,99,228,0.6818,21.8855,0.571646,45.0
8245,81,525,2800,0.1721,5.52381,-0.852776,89.1051
8246,240,523,708,0.1466,4.70576,-0.471158,21.4876
8247,39,1200,889,0.5719,18.3583,0.9526,0.0
8248,21,648,666,0.5329,17.1059,0.522648,0.0
8249,670,873,463,0.4201,13.4848,0.754809,15.9875
8250,260,1400,4800,0.0197,0.630952,0.767,31.4286
8251,7,132,460,0.0809,2.5974,0.71582,35.7143
8252,7,2000,1604,0.3069,9.85,1.4772,0.0
8253,66,1200,1300,0.305,9.79167,0.5849,44.6565
8254,453,909,2200,0.0562,1.80296,0.201027,25.2427
8255,456,1400,1700,0.1003,3.21825,10.0,13.2184
8256,12,362,535,0.1865,5.98527,1.30686,31.9444
8257,105,48,37,0.6094,19.5602,-1.06952,68.0
8258,104,277,1163,0.5386,17.2884,0.9929,63.6364
8259,5,52,110,0.7668,24.6154,10.0,64.8649
8260,146,204,182,0.2205,7.07721,3.26397,28.2051
8261,429,741,763,0.1128,3.62123,1.91722,8.8235
8262,49,637,981,0.258,8.281,0.759878,27.6923
8263,36,1800,966,0.609,19.5494,1.07604,28.1494
8264,49,734,2900,0.2775,8.90857,-0.575678,72.9787
8265,138,692,5000,0.078,2.50482,-0.946451,82.4859
8266,297,383,426,0.2842,9.12388,5.07716,40.4412
8267,8,119,194,0.5792,18.5924,0.7096,44.1558
8268,765,1200,1200,0.0202,0.648148,4.84806,34.6939
8269,6,142,298,0.2815,9.03755,0.533476,50.0
8270,11,871,3000,0.5406,17.3528,5.13809,57.0313
8271,12,214,615,0.683,21.9237,-0.811688,50.0
8272,213,1500,1200,0.1425,4.57407,6.53239,32.7044
8273,160,1200,1500,0.1725,5.53704,0.7193,18.8525
8274,52,837,890,0.5213,16.733,1.92146,15.1648
8275,427,781,3500,0.0869,2.78845,-0.67257,92.891
8276,84,252,2900,0.011,0.352734,-1.29758,88.8889
8277,26,1900,1300,0.3264,10.4785,1.0101,27.4368
8278,57,1400,1500,0.7284,23.381,0.8874,37.09
8279,27,1200,1600,0.3099,9.94737,1.66297,42.6471
8280,15,1600,1200,0.2137,6.85938,1.21951,36.7876
8281,152,429,452,0.3469,11.137,3.46129,20.6186
8282,40,3600,7500,0.4324,7.78395,1.06308,26.0704
8283,429,262,892,0.148,4.74979,0.411184,44.6809
8284,860,1500,3000,0.2515,8.07407,1.26796,12.2807
8285,367,619,338,0.0864,2.77329,10.0,32.0388
8286,1100,894,1100,0.1109,3.56078,8.33173,82.0261
8287,181,1200,3000,0.1057,3.39352,0.7338,79.0451
8288,357,649,5100,0.0216,0.693374,-0.530687,26.087
8289,15,140,557,1.0,34.8571,-0.865801,90.5085
8290,327,2300,3000,0.8276,14.8961,1.69062,26.8235
8291,18,165,520,0.432,13.8681,3.09478,89.9471
8292,3,55,94,1.0,35.1515,0.8315,72.2222
8293,1700,4600,7500,0.0003,0.00483091,-0.722543,50.0
8294,473,29700,4600,0.0154,0.14291,-0.234512,21.1401
8295,891,761,359,0.1126,3.61367,0.330735,29.9401
8296,242,2200,1300,0.1574,2.83333,1.4562,20.6406
8297,59,1100,929,0.3773,12.1119,1.79641,54.5977
8298,23,6900,6333,0.1144,1.68196,1.2862,77.4578
8299,43,614,614,0.3935,12.6312,0.80886,0.0
8300,11,453,533,0.839,26.9316,1.67499,34.0909
8301,44,169,479,0.2857,9.1716,2.28916,59.0909
8302,49,3300,874,0.6166,11.098,0.5625,0.0
8303,3,1300,969,0.4361,14.0,-1.29088,22.2892
8304,8,65,65,0.1258,4.03846,0.577201,60.0
8305,14,1200,577,0.1648,5.29167,1.6331,34.375
8306,64,407,773,0.3606,11.5752,-0.265753,65.8462
8307,141,254,229,0.3121,10.0175,2.63508,18.2927
8308,365,26900,656,0.7885,7.33292,-0.387305,14.5925
8309,94,376,408,0.2338,7.50591,0.2421,30.9278
8310,93,419,449,0.2821,9.05595,2.37903,20.339
8311,73,239,402,0.6742,21.6411,-5.0,91.886
8312,23,104,51,0.7006,22.4893,-0.516025,64.7059
8313,754,1200,7600,0.0019,0.0601852,1.4539,33.3333
8314,160,234,617,0.1945,6.24406,1.06952,33.7838
8315,97,995,7400,0.0713,2.28791,-0.0903614,83.1522
8316,60,91,114,0.6067,19.475,-0.580271,68.6667
8317,4,22,26,0.531,17.0455,1.7964,90.9091
8318,1,73,122,0.6828,21.9178,1.91676,73.3333
8319,150,727,2300,0.0386,1.23796,-0.289967,46.6667
8320,26,1400,7400,0.3829,12.2897,-1.21951,92.2981
8321,63,846,3000,0.0904,2.90255,-0.698248,85.5556
8322,33,433,402,0.3975,12.7598,-0.126639,22.8916
8323,912,689,1200,0.1444,4.63405,0.656697,6.6667
8324,268,600,7500,0.0646,2.07407,-0.520111,67.2414
8325,34,110,92,0.6183,19.8485,2.43674,44.4444
8326,34,1400,7371,0.256,8.21825,1.0819,90.8306
8327,9,1400,1400,0.3794,12.1786,1.3986,19.9468
8328,196,224,63,0.3616,11.6071,0.829508,26.9231
8329,550,10500,1200,0.0914,0.987303,0.16771,17.7665
8330,197,3100,5200,0.2605,4.68817,0.598802,32.7957
8331,46,1300,639,0.4254,13.6568,1.50602,0.0
8332,174,2200,1000,0.4342,7.81565,0.548,26.1006
8333,132,154,165,1.0,41.3781,-0.571755,90.7692
8334,243,774,1100,0.1887,6.058,0.885945,14.4828
8335,31,416,2200,0.2039,6.5438,-0.0869943,62.5731
8336,1,248,585,0.4899,15.7258,0.378702,43.3333
8337,292,1000,1000,0.0417,1.33889,0.994,22.0779
8338,4,265,406,0.05,1.60377,0.0672405,33.3333
8339,18,1600,1500,0.3207,10.2946,1.21951,20.4322
8340,99,94,71,0.4382,14.0662,10.0,37.7778
8341,6,103,280,0.8166,26.2136,-0.173772,73.4177
8342,59,359,1400,0.2507,8.04704,0.8263,75.7143
8343,82,2300,3600,0.3984,7.1715,0.836587,36.6534
8344,32,209,278,0.6625,21.2653,0.44835,23.5294
8345,17,294,557,0.0801,2.57228,2.56813,21.9512
8346,315,1700,1200,0.4122,13.232,0.6493,46.3542
8347,4,99,182,0.2098,6.73401,0.372625,76.9231
8348,502,1000,4800,0.017,0.544444,-1.62338,48.1481
8349,17,280,455,0.2323,7.45536,1.78253,69.0323
8350,216,1000,1800,0.0798,2.56111,1.2678,60.8108
8351,34,89,68,0.4395,14.1074,4.29293,31.9149
8352,225,4300,5300,0.0208,0.374677,-0.793651,0.0
8353,87,162,290,0.0641,2.05761,-1.13543,0.0
8354,197,473,400,0.2038,6.54217,5.31632,18.3486
8355,6,939,914,0.1991,6.38977,0.0782575,0.0
8356,25,689,798,0.3764,12.0827,0.656186,47.7064
8357,3100,2400,3900,0.0276,0.497685,0.8909,67.5214
8358,3,260,357,0.1598,5.12821,-0.137956,60.0
8359,14,283,527,0.444,14.2521,2.73466,55.3571
8360,1,28,85,1.0,50.0,1.1513,100.0
8361,427,707,289,0.3525,11.3154,0.73202,19.6491
8362,6,995,877,0.8954,28.7437,1.92889,0.0
8363,7,348,415,0.786,25.2299,0.771463,15.2047
8364,8,112,666,0.8484,27.2321,-1.06308,77.1429
8365,222,563,1900,0.0802,2.57549,0.519239,15.493
8366,49,1200,777,0.5809,18.6458,1.66297,32.1157
8367,77,10600,1400,0.2011,2.17148,-0.488573,24.0854
8368,6,563,537,0.7138,22.913,1.88948,50.3185
8369,290,439,1900,0.2965,9.51658,-0.447154,91.954
8370,16,286,1000,0.3581,11.4948,-2.85992,32.3529
8371,165,563,203,0.2871,9.21651,0.0956633,17.931
8372,83,1100,7600,0.2115,6.78788,0.5839,52.0243
8373,620,897,1400,0.2095,6.72612,2.58451,24.6809
8374,285,963,2100,0.0652,2.09415,0.0365117,13.8686
8375,49,476,500,0.1985,6.37254,-0.077008,28.5714
8376,9,1000,632,0.6968,22.3667,1.80922,0.0
8377,154,170,543,0.4245,13.6275,1.62187,51.9231
8378,6,392,379,1.0,38.7755,4.70693,0.0
8379,126,1200,246,0.0547,1.75463,0.9656,62.6016
8380,275,731,4000,0.0722,2.31798,0.0731517,50.0
8381,57,333,518,0.4771,15.3153,2.04274,42.6966
8382,396,1500,1100,0.2871,9.21523,0.5761,21.8487
8383,213,751,1700,0.3934,12.6276,0.24243,25.0
8384,5,146,508,1.0,50.0,10.0,79.9043
8385,4,30,74,0.3375,10.8333,2.0202,71.4286
8386,130,1400,2500,0.1365,4.38095,1.38185,34.5238
8387,66,287,154,0.521,16.7247,1.27357,25.8824
8388,5600,433,242,0.0196,0.628689,0.889027,9.0909
8389,16,239,699,1.0,33.144,0.0773315,90.3226
8390,137,2000,4500,0.0395,1.26875,1.4836,85.3933
8391,67,272,180,0.5797,18.607,0.618443,54.3478
8392,27,741,825,0.2083,6.68766,0.275643,40.0
8393,175,160,362,1.0,50.0,-0.110914,96.8696
8394,221,256,195,0.4705,15.1042,10.0,22.6087
8395,1900,3700,6900,0.2017,3.63063,1.19,12.5448
8396,103,1500,2700,0.5164,16.5778,0.9989,54.0373
8397,135,233,207,0.1649,5.29328,0.638723,30.9859
8398,173,3100,7200,0.0177,0.318996,-0.554734,53.7634
8399,17,666,532,0.1464,4.69882,-0.778978,57.2165
8400,241,324,334,0.313,10.048,0.1109,67.5799
8401,2300,2500,2400,0.128,2.30444,0.744048,17.3913
8402,594,1700,1700,0.2109,6.77124,0.9245,14.4231
8403,28,1000,981,0.4443,14.2611,1.84221,57.5067
8404,210,3100,1700,0.1096,1.97312,1.1258,50.1992
8405,21,85,454,0.6719,21.5686,0.21645,92.9204
8406,48,87,68,0.2566,8.23755,0.870954,74.6835
8407,569,698,236,0.2038,6.54251,1.20899,16.1765
8408,15,973,964,0.6347,20.3751,1.02037,38.0282
8409,68,376,88,0.3056,9.81088,6.63746,42.9319
8410,43,1300,225,0.5899,18.9359,1.3557,34.1656
8411,24,71,19,0.2901,9.31142,-0.969697,60.0
8412,245,205,366,0.2594,8.3252,2.20419,16.4179
8413,12,275,424,0.4475,14.3636,1.36599,28.0702
8414,44,803,918,0.3884,12.4671,1.97198,31.3253
8415,23,248,980,0.1534,4.92512,0.935843,65.2778
8416,218,2400,1100,0.4273,7.69118,0.9011,54.3895
8417,19,605,533,0.402,12.9036,3.01279,53.871
8418,8,340,670,0.2222,7.13235,10.0,44.086
8419,1,1300,991,0.6231,20.0,0.9385,0.0
8420,478,641,431,0.1455,4.67152,0.716196,21.2389
8421,4,63,27,0.6305,20.2381,3.04878,86.2069
8422,354,795,1300,0.1308,4.19986,0.921202,12.1951
8423,12,592,2600,0.3758,12.0636,-1.1302,70.2206
8424,88,572,768,0.4841,15.5389,0.624692,31.8801
8425,23,329,1500,0.1648,5.28875,-0.686958,0.0
8426,137,256,158,0.1088,3.49392,0.5795,42.1053
8427,339,578,20,0.0677,2.17224,2.68747,13.1579
8428,38,632,1000,0.6472,20.7744,10.0,47.6773
8429,147,1600,2600,0.2594,8.32721,1.1297,34.1142
8430,2,70,383,0.9791,31.4286,-0.502008,93.75
8431,515,857,7500,0.4312,13.8403,-0.830128,89.4892
8432,54,242,812,0.2339,7.50689,0.6142,58.8889
8433,11,1200,1200,0.0415,1.33333,0.6812,0.0
8434,16,1800,1683,0.312,10.0148,0.517,0.0
8435,104,842,755,0.2335,7.49538,0.130492,41.194
8436,138,579,265,0.2006,6.4383,0.185879,24.7126
8437,26,425,565,0.1767,5.6732,10.0,20.6667
8438,40,652,1100,0.5365,17.2205,2.37026,0.0
8439,69,664,1300,0.0678,2.17537,1.10369,76.2238
8440,306,520,151,0.2703,8.67521,1.65066,30.719
8441,8,329,751,0.4166,13.3739,0.573438,0.0
8442,22,450,884,0.6247,20.0513,1.67696,15.9794
8443,65,875,1500,0.3927,12.6057,1.97154,0.0
8444,439,700,1000,0.2183,7.00794,0.155309,21.3542
8445,99,193,38,0.313,10.0461,3.84137,59.292
8446,260,3500,4733,0.0276,0.49619,1.0416,40.367
8447,41,767,779,0.6997,22.4613,1.17265,13.4043
8448,3600,11900,7500,0.0523,0.564426,5.11881,15.7556
8449,483,1600,7500,0.0212,0.680556,1.1567,19.3548
8450,10,1800,4859,0.1732,5.56111,1.1588,0.0
8451,54,2000,1900,1.0,50.0,0.824,95.5966
8452,9,125,88,0.767,24.6222,-0.14518,31.5789
8453,5,389,502,0.7868,25.2571,0.0463,49.4048
8454,34,1700,3500,0.2796,8.97647,1.13636,41.3655
8455,88,1200,391,0.4256,13.6618,1.1433,32.0
8456,5,325,882,0.2109,6.76923,2.3501,29.6296
8457,3,497,527,0.6143,19.7183,0.216922,17.7083
8458,11,596,743,0.6643,21.324,-0.030829,38.1323
8459,46,105,203,0.4533,14.5503,-0.1695,52.7473
8460,279,1800,7400,0.0797,2.55883,3.50877,0.0
8461,447,10500,61,0.0249,0.269388,-1.92156,43.75
8462,1,1000,566,0.3769,12.1,0.7449,41.6667
8463,64,900,951,0.4272,13.7124,0.96762,43.4402
8464,35,218,194,0.4414,14.1692,-0.797448,80.0797
8465,259,450,1100,0.1619,5.19753,0.278847,11.3402
8466,52,321,1200,0.207,6.6459,-0.331602,61.4583
8467,59,458,407,0.2721,8.73362,0.489197,40.7407
8468,8,158,302,0.7936,25.4747,0.5871,62.3932
8469,36,550,554,0.3398,10.9091,-0.0975,0.0
8470,22,2200,1800,0.138,2.48485,2.78638,23.1579
8471,4,1100,3201,0.5154,16.5455,0.7943,0.0
8472,247,2900,6400,0.0601,1.08238,-1.15207,51.9802
8473,1,512,2000,0.4077,13.0859,-0.104645,80.0
8474,91,490,301,0.5319,17.0748,-0.037256,29.0076
8475,28,2000,388,0.4895,15.7143,1.237,0.0
8476,177,888,1000,0.3782,12.1417,0.511247,21.7778
8477,10,1400,3000,0.385,12.3571,1.302,41.7178
8478,388,673,446,0.0453,1.45286,-0.943162,61.9718
8479,687,2200,1200,0.2677,4.81818,1.75439,7.9545
8480,306,864,700,0.4175,13.4002,0.522648,0.0
8481,319,1800,664,0.1052,3.37654,10.0,25.9259
8482,173,313,1100,0.0846,2.71565,2.76753,27.9412
8483,120,1100,2100,0.0944,3.0303,-1.52439,39.0476
8484,5,56,1,0.089,2.85714,-0.3152,100.0
8485,169,1900,2600,0.2096,6.72807,2.08841,36.3057
8486,39,125,134,0.4832,15.5111,0.91673,48.1481
8487,70,1100,2600,0.1633,5.24242,1.79641,62.7907
8488,7600,101100,515,0.0497,0.372503,-0.0519049,26.6667
8489,6,800,7300,0.3115,10.0,-0.312709,55.336
8490,16,1400,7500,0.1291,4.14286,1.41576,76.2332
8491,195,1500,1100,0.1595,5.11852,1.2991,43.5616
8492,14,2000,2000,0.2771,8.89375,0.956938,26.6
8493,3,99,2,0.1364,4.3771,0.374883,27.2727
8494,95,922,2600,0.3685,11.8281,-0.252795,35.3846
8495,84,494,2900,0.0907,2.90992,-0.0367309,53.012
8496,14,682,444,0.5701,18.3018,0.581159,31.3291
8497,9,383,1700,0.5508,17.68,-0.237177,55.4113
8498,277,1200,3800,0.0612,1.96354,1.6331,38.3838
8499,413,927,529,0.0536,1.72,-0.0195925,61.5385
8500,268,1200,1000,0.1529,4.90741,1.0895,14.8148
8501,43,532,573,0.648,20.802,0.2049,34.8974
8502,326,2200,1100,0.4627,8.32828,10.0,15.899
8503,6,1200,1100,0.3834,12.3056,1.66297,30.3704
8504,37,97,77,0.4817,15.4639,0.373715,36.3636
8505,188,3100,858,0.2728,4.9104,1.05,21.73
8506,160,1200,1400,0.3161,10.1458,1.4814,26.2582
8507,29,753,888,0.4865,15.616,0.0240323,0.0
8508,52,1500,783,0.3101,9.95555,1.30662,34.5697
8509,208,281,100,0.2833,9.0945,0.196207,28.3019
8510,5,136,737,0.4352,13.9706,-0.133523,75.0
8511,24,718,836,0.385,12.3569,0.392708,23.4332
8512,75,145,99,0.45,14.4444,1.3468,43.1579
8513,58,235,402,0.6289,20.1891,-0.23058,32.9193
8514,529,926,3400,0.089,2.85577,-0.303306,32.1101
8515,302,2400,1900,0.2785,5.01389,0.781047,60.8303
8516,190,33600,5700,0.0636,0.59127,-0.206398,19.195
8517,2,245,192,0.3052,9.79593,0.462048,55.814
8518,289,918,7400,0.0958,3.07432,0.0392229,44.3182
8519,1300,3100,7200,0.2027,3.64874,1.86877,98.2022
8520,129,636,791,0.0321,1.03075,0.940476,35.8974
8521,19,146,663,0.1849,5.93607,0.255624,81.5385
8522,104,222,785,0.7126,22.8729,0.164294,45.6522
8523,117,316,1800,0.2503,8.03446,-0.39166,36.5854
8524,268,2200,1900,0.6359,11.446,0.860585,34.5411
8525,44,197,2400,0.1739,5.58376,-1.1324,67.1875
8526,2,345,769,0.0993,3.18841,-0.926588,26.3158
8527,3,1700,3000,0.4453,14.2941,1.14329,52.0161
8528,31,128,109,0.7301,23.4375,0.142301,47.0085
8529,332,115,320,0.2288,7.343,-2.19409,34.8837
8530,217,1900,1400,0.358,11.4934,2.13904,34.2105
8531,57,983,2800,0.1437,4.61173,-0.307229,34.2995
8532,6,1600,1800,0.5549,17.8125,2.5974,20.2952
8533,287,714,814,0.0608,1.95255,0.2293,18.8235
8534,160,2900,1100,0.1969,3.54406,0.641574,0.0
8535,69,1100,986,0.3642,11.6909,1.80723,26.9663
8536,81,2000,5600,0.2343,7.52143,0.956938,32.0408
8537,15,1500,2100,0.244,7.83333,0.7572,0.0
8538,1,1300,3700,0.242,7.76923,0.8417,57.0
8539,757,2700,3600,0.0289,0.520576,0.678733,40.2299
8540,1,35,29,0.267,8.57143,1.4368,33.3333
8541,14,165,166,0.3264,10.4762,-0.739958,29.6703
8542,4,74,330,0.9156,29.3919,-0.9158,0.0
8543,39,180,136,0.3308,10.6173,1.19795,58.8957
8544,83,209,209,0.178,5.71504,-0.504343,73.1183
8545,5,193,1176,0.5165,16.5803,-0.092,72.7273
8546,14,14900,757,0.1239,1.33815,-0.121212,0.0
8547,34,792,2200,0.3711,11.9108,-0.748404,56.9652
8548,106,23600,3800,0.4679,5.05284,0.0764429,38.554
8549,26,94,242,0.5155,16.5485,0.392876,22.9167
8550,302,516,172,0.6651,21.3501,2.1054,90.7238
8551,46,1,89,1.0,50.0,-5.0,0.0
8552,470,195,43,0.1544,4.95727,1.34909,47.619
8553,3,1500,7200,0.252,8.0889,1.1592,68.8596
8554,11,80,28,0.7399,23.75,0.962773,37.2549
8555,23,91,117,0.7094,22.7717,-0.393391,52.4272
8556,423,1400,1200,0.2009,6.44841,2.92398,0.0
8557,1,241,926,1.0,50.0,-1.13194,97.8571
8558,12,120,217,0.4543,14.5834,1.4742,53.7037
8559,1,65,114,0.671,21.5385,-0.277162,60.0
8560,16,209,125,0.98,31.4593,-0.510493,60.0
8561,8,280,4000,0.2976,9.55357,-0.626959,81.5385
8562,23,213,442,0.5452,17.5013,-0.419557,61.2903
8563,73,942,961,0.1554,4.98938,0.601733,73.5931
8564,57,297,182,0.1906,6.11672,0.243784,35.0
8565,30,106,291,0.72,23.1132,1.08434,65.4545
8566,32,546,1100,0.6999,22.4664,10.0,77.1696
8567,64,801,705,0.1113,3.57192,-0.114174,56.7251
8568,42,2200,765,0.4959,8.92614,0.9853,25.6329
8569,81,1200,829,0.3702,11.8843,1.60428,47.6834
8570,3200,2800,7000,0.0685,1.23214,0.9491,43.3862
8571,72,2600,1300,0.2032,3.65812,-0.665336,14.9254
8572,5400,2200,1800,0.1387,2.49733,9.96678,74.7967
8573,27,367,1600,0.2514,8.06842,-0.764185,58.2888
8574,234,618,1100,0.6178,19.831,-0.0873057,23.7598
8575,36,456,1200,0.3833,12.3051,0.927279,35.5556
8576,30,1200,6900,0.1992,6.39352,1.2896,85.3474
8577,272,1500,719,0.0339,1.08889,1.2831,14.2857
8578,3,773,6800,0.3143,10.0906,-0.606287,72.9167
8579,291,1100,2500,0.2347,7.53535,1.1005,16.7247
8580,59,489,441,0.4063,13.0425,0.658847,29.4606
8581,67,2800,5200,0.3451,6.2123,3.01205,45.8005
8582,164,1700,896,0.3788,12.1601,3.7594,21.9672
8583,76,206,511,0.2361,7.57821,1.52188,75.4237
8584,12,1100,4127,0.1416,4.54545,1.134,0.0
8585,80,633,873,0.0867,2.78217,0.205806,28.7037
8586,92,433,471,0.4121,13.2281,0.300584,20.2073
8587,6,65,46,0.4873,15.641,-1.30662,56.0
8588,5,109,186,0.4058,13.0275,-1.10387,25.0
8589,1100,4000,45,0.2926,5.26667,10.0,30.7087
8590,223,405,301,0.3363,10.7956,2.61495,21.7391
8591,1200,4100,1900,0.0513,0.922764,-0.422654,38.9831
8592,8,656,656,0.8518,27.3438,0.932401,39.0909
8593,57,953,1300,0.1416,4.54486,9.90445,17.623
8594,6,372,680,0.9965,31.9892,2.23285,0.0
8595,23,1500,4600,0.2959,9.49697,0.8683,40.9382
8596,897,860,995,0.2061,6.61499,0.487795,23.0769
8597,31,810,304,0.2891,9.27984,10.0,28.5246
8598,34,159,145,0.4833,15.5136,0.2275,28.866
8599,111,352,288,0.3894,12.5,2.76823,49.3976
8600,2,577,1300,0.5129,16.4645,-0.219262,54.1667
8601,18,262,340,0.2931,9.40727,0.65472,39.4737
8602,268,816,136,0.3016,9.68137,-0.78866,44.2886
8603,111,219,384,0.5224,16.7681,0.252525,28.8462
8604,474,882,1100,0.156,5.00756,2.00535,11.8056
8605,97,1100,113,0.0982,3.15151,1.4397,96.0373
8606,246,982,2600,0.1084,3.47929,1.66852,67.623
8607,4,146,306,1.0,37.3288,0.381437,90.7801
8608,6,863,941,1.0,36.9351,5.92096,71.5686
8609,2,83,391,1.0,43.3735,-0.427807,90.625
8610,2300,2600,7500,0.0201,0.361111,1.0934,78.8732
8611,6100,16000,1700,0.0787,0.85,2.61987,18.2796
8612,140,1000,2900,0.3148,10.1056,0.648,0.0
8613,2,50,36,0.81,26.0,0.37332,81.8182
8614,118,368,62,0.3993,12.817,1.4596,37.8995
8615,66,290,1200,0.2835,9.09961,-0.550616,48.8764
8616,31,235,320,0.2725,8.74704,-0.308032,45.082
8617,9,249,2900,0.8438,27.0861,0.765384,98.0263
8618,3,299,1400,0.9829,31.5496,1.96477,86.9565
8619,14,97,196,0.484,15.5376,10.0,54.2373
8620,87,231,1800,0.1798,5.772,0.0790514,87.5
8621,74,99,86,0.4283,13.7486,0.770218,68.0412
8622,319,1400,913,0.4537,14.5635,1.3655,0.0
8623,29,1100,3500,0.4089,13.1263,-1.53374,46.2069
8624,161,1200,2100,0.4817,15.463,0.8541,39.4089
8625,184,208,137,0.4002,12.8472,1.20482,22.807
8626,67,233,636,0.5274,16.9289,0.638723,30.6452
8627,3,61,384,1.0,50.0,1.3916,97.1098
8628,214,902,846,0.3607,11.5792,0.777719,19.7849
8629,2600,46000,115,0.1401,1.3029,1.18045,11.6883
8630,17,522,361,0.1039,3.33559,-0.17462,26.2295
8631,5,62,263,0.5226,16.7742,-0.568182,55.1724
8632,62,2400,944,0.5597,10.0741,0.8959,29.8228
8633,17,275,1900,0.5278,16.9412,-1.30575,59.6
8634,469,1000,2500,0.0273,0.877778,-1.64294,60.8696
8635,9,1900,2700,0.2093,6.7193,0.992063,0.0
8636,103,445,1700,0.1007,3.23346,-0.973015,58.6957
8637,217,1500,1100,0.5064,16.2556,1.27551,22.7036
8638,35,594,520,1.0,34.2686,1.24264,34.2857
8639,16,478,799,0.2481,7.96286,-0.632088,52.6316
8640,15,139,114,0.6903,22.1583,-0.631313,56.6176
8641,83,622,1300,0.1976,6.34155,-0.621118,47.9339
8642,63,4500,571,0.1494,2.68889,0.811249,24.0642
8643,16,325,205,0.5194,16.6731,-0.0564568,44.3878
8644,9,1600,5200,0.1597,5.125,1.20482,54.6798
8645,16,2300,816,0.4595,8.27174,0.811688,26.9912
8646,47,506,757,0.2842,9.12385,0.447083,20.9607
8647,436,390,977,0.1149,3.68946,-0.179158,29.1139
8648,1400,900,4100,0.0198,0.635803,0.17618,42.1053
8649,17,468,1507,0.2796,8.97436,0.0382,50.0
8650,80,508,1261,0.2371,7.61155,0.5061,61.745
8651,33,119,532,0.525,16.8534,0.8045,66.6667
8652,140,1700,1100,0.2668,8.56535,1.13636,23.4426
8653,101,920,5900,0.1571,5.04227,-0.424628,65.0
8654,42,1100,966,0.5976,19.1818,0.8349,0.0
8655,336,5000,4600,0.3401,6.12222,0.366614,21.4416
8656,14,2000,2300,0.3071,9.85833,1.2611,0.0
8657,231,6000,567,0.1709,2.51282,0.619451,23.5577
8658,48,97,34,0.5317,17.0676,3.28611,53.1915
8659,30,115,24,0.4816,15.4589,-0.757576,55.0562
8660,155,2000,956,0.0854,2.74063,10.0,50.6944
8661,39,341,1700,0.1502,4.82241,0.663167,57.9545
8662,45,273,18,0.3309,10.6227,3.04878,21.7687
8663,22,2000,718,0.2328,7.47222,1.3006,19.943
8664,1,120,66,0.5192,16.6667,-0.1485,65.0
8665,1,99,98,0.4091,13.1313,-1.0453,90.0
8666,30,358,1600,0.1286,4.12787,-0.301528,54.8077
8667,51,389,1800,0.2616,8.3976,-0.722674,81.8182
8668,9,326,402,1.0,38.2822,1.63195,0.0
8669,39,359,996,0.2623,8.41845,-0.495737,78.4387
8670,2,1200,7500,0.6685,21.4583,10.0,82.774
8671,15,227,401,0.3358,10.7783,0.246494,54.5455
8672,26,1300,2086,0.3726,11.9615,1.22,49.5614
8673,3,92,325,0.8014,25.7246,-0.581208,77.2727
8674,4,562,509,0.2624,8.4223,2.03984,58.427
8675,236,887,779,0.1637,5.25492,2.07857,63.7736
8676,1,263,751,0.6278,20.1521,-0.85639,62.963
8677,12,749,3700,0.2048,6.57543,-0.35915,56.1321
8678,1300,577,2300,0.0441,1.41537,1.20208,11.9048
8679,61,657,306,0.2558,8.21022,-0.0276319,33.7143
8680,519,626,733,0.5601,17.9801,-0.0856792,15.625
8681,18,576,1400,0.0234,0.752315,-5.0,64.0
8682,2,576,3000,0.3326,10.6771,0.6978,73.6111
8683,74,1600,7200,0.0208,0.666667,1.3294,83.7209
8684,50,1600,919,0.3651,11.7188,0.7784,32.166
8685,534,1400,5000,0.0279,0.896826,1.232,25.7143
8686,51,2100,2900,0.361,6.49817,0.887574,0.0
8687,331,1300,4600,0.0879,2.82051,1.3247,33.7662
8688,1,180,327,1.0,38.3333,-0.397667,64.6154
8689,72,374,4100,0.1941,6.23075,-0.755073,91.5179
8690,83,1900,1400,0.3799,12.1951,1.4275,44.2888
8691,7,259,565,0.7079,22.7248,1.3498,26.4
8692,6,879,1800,0.3857,12.3815,0.472471,42.4561
8693,163,1900,1100,0.4873,15.6433,1.0101,13.2503
8694,41,681,257,0.1413,4.53485,1.74611,39.5604
8695,47,588,2700,0.2505,8.04044,-0.510894,78.3051
8696,101,779,5000,0.2324,7.45971,-0.385966,67.3152
8697,12,456,87,0.1059,3.39912,0.402782,27.6923
8698,10,332,307,0.5599,17.9719,0.110865,0.0
8699,5000,19400,399,0.0157,0.169244,0.273956,41.0256
8700,271,1800,1600,0.4865,15.6173,1.06952,33.3685
8701,2,21,14,0.8901,28.5714,10.0,55.5556
8702,49,193,476,0.6098,19.574,-1.56051,38.8235
8703,78,715,6800,0.2295,7.36597,-0.226017,96.2
8704,72,574,3600,0.2815,9.03601,0.192061,23.6686
8705,21,797,837,0.8545,27.4292,0.116193,28.3113
8706,24,138,55,0.2734,8.77617,0.26738,25.4237
8707,221,1100,1500,0.2248,7.21717,0.6637,38.8158
8708,41,14,25,0.0865,2.77778,-1.21951,75.0
8709,805,1800,7500,0.0136,0.435185,-0.928793,31.5789
8710,42,2100,1100,0.7153,12.8757,-0.831486,0.0
8711,12,267,895,0.6126,19.6629,0.5357,45.7627
8712,227,200,344,0.1307,4.19444,0.275213,42.2222
8713,822,375,749,0.1145,3.67407,2.74548,22.5
8714,213,489,406,0.2881,9.24789,0.451926,18.2927
8715,10,1900,2500,0.3492,11.2105,2.15208,0.0
8716,4,1900,2300,0.1738,5.57895,2.10084,40.7407
8717,13,185,434,0.3174,10.1871,0.0994168,33.6957
8718,54,177,487,0.5505,17.6711,-0.695917,52.9412
8719,105,1200,3800,0.0878,2.81944,1.1873,69.7509
8720,453,841,2500,0.1484,4.76324,2.34289,56.5934
8721,79,677,1100,0.4841,15.5391,0.603373,20.1613
8722,69,2000,2500,0.6644,21.3265,0.8297,0.0
8723,2200,1400,921,0.0177,0.56746,-1.18343,37.7778
8724,96,2200,646,0.4543,8.17677,0.860585,33.2186
8725,213,1800,948,0.3741,12.0093,1.0863,19.4958
8726,10,1300,991,0.3774,12.1154,1.4427,46.2882
8727,408,910,2800,0.1054,3.38217,0.099249,69.697
8728,68,381,681,0.2317,7.43657,1.4546,57.6355
8729,128,1800,2000,0.2594,8.3268,1.4448,26.9231
8730,1100,874,726,0.0943,3.02568,1.1132,56.2189
8731,115,118,299,0.2347,7.53296,0.31348,55.814
8732,8,747,1500,0.3915,12.5669,0.37715,37.6426
8733,216,43,113,0.0362,1.16279,1.32353,33.3333
8734,133,835,3100,0.1455,4.67066,0.403021,48.9362
8735,89,1200,2100,0.1268,4.06944,1.36,57.2368
8736,61,407,995,0.3283,10.5378,1.0327,24.2424
8737,640,2200,5200,0.0739,1.33081,1.77515,17.6829
8738,107,571,679,0.2128,6.83012,0.421039,29.6137
8739,1,37,97,0.0,0.0,0.9658,0.0
8740,5,926,4800,0.5971,19.1685,0.658789,81.3648
8741,109,1900,2800,0.1616,5.18714,1.0101,0.0
8742,2600,4800,7400,0.0593,1.06829,0.375469,21.6
8743,1200,866,601,0.1627,5.22197,0.417188,10.6667
8744,97,882,720,0.5184,16.6415,-0.0825855,23.3613
8745,149,874,6000,0.2305,7.39893,-0.748503,0.0
8746,71,3200,2700,0.9639,17.3507,0.58651,85.629
8747,16,635,935,0.3042,9.76379,1.13182,33.3333
8748,668,55600,816,0.1337,1.04272,-0.251794,45.5752
8749,26,814,673,0.4923,15.803,-0.200041,0.0
8750,1,95,265,1.0,50.0,-0.190549,82.0
8751,55,2200,1300,0.2893,5.20707,10.0,30.4802
8752,2,1100,1500,0.0566,1.81818,-1.50602,56.6667
8753,25,1200,755,0.6081,19.5196,1.249,22.0365
8754,70,561,1800,0.05,1.60428,0.35503,64.1026
8755,902,1900,121,0.3183,10.2164,0.980392,20.4762
8756,975,12900,2200,0.0016,0.0172265,-0.650816,33.3333
8757,110,354,483,0.3408,10.9385,0.36678,11.25
8758,207,1600,1700,0.4601,14.7708,2.53593,36.9159
8759,9,1500,729,0.2617,8.4,0.8477,30.5556
8760,92,1000,1600,0.2416,7.75625,0.504531,34.8837
8761,5,447,3400,0.4513,14.4855,2.35588,77.7778
8762,85,959,762,0.325,10.4333,-0.113048,17.6101
8763,11,612,528,0.4743,15.2258,0.491079,55.6787
8764,3,119,62,0.4974,15.9664,0.473087,32.4324
8765,705,358,565,0.1126,3.61577,10.0,11.4754
8766,238,390,477,0.3018,9.68661,0.188413,3.0488
8767,1,190,1500,1.0,50.0,0.596501,95.4338
8768,16,845,3400,0.3222,10.3432,1.41466,58.1602
8769,490,545,903,0.1909,6.1264,0.536907,10.6383
8770,79,160,133,0.5473,17.5694,-1.06952,44.8819
8771,281,484,658,0.4098,13.1543,0.451309,68.0851
8772,101,619,1400,0.4311,13.8395,0.9914,40.4984
8773,51,348,338,0.2949,9.4668,10.0,47.7011
8774,326,655,711,0.0621,1.99321,3.93507,11.3208
8775,108,656,504,0.4358,13.9905,0.0840399,38.6005
8776,2,289,577,1.0,41.0034,0.9141,0.0
8777,392,6300,1800,0.2089,3.07055,10.0,21.097
8778,14,300,336,0.5726,18.381,-0.121144,45.3441
8779,181,574,847,0.6341,20.3542,0.421326,42.0779
8780,415,5500,1659,0.4929,7.24545,1.0961,61.7387
8781,9,788,1400,0.286,9.17936,3.61406,42.8571
8782,21,1300,1100,0.4026,12.9231,3.18979,0.0
8783,144,294,210,0.3756,12.0559,7.17703,8.8235
8784,40,312,152,0.5802,18.6254,0.641138,43.8144
8785,97,244,340,0.3234,10.3825,-0.784314,59.1346
8786,3,61,36,0.2553,8.19672,-0.293255,66.6667
8787,31,179,1500,0.4138,13.2837,-0.497084,96.2025
8788,95,106,62,0.3935,12.631,-0.334672,80.7692
8789,31,280,1200,0.5087,16.3294,-0.446163,47.205
8790,762,1700,2700,0.143,4.5915,1.11607,23.8806
8791,67,388,465,0.1298,4.16667,-0.139502,52.2936
8792,96,219,423,0.2934,9.41781,2.3289,33.3333
8793,102,934,1500,0.5118,16.4287,0.856095,29.4455
8794,24,219,864,0.3137,10.071,0.255624,68.6567
8795,49,238,651,0.048,1.54061,-0.22633,50.0
8796,91,421,1900,0.4349,13.9615,0.966258,92.7966
8797,43,1900,999,0.509,16.3392,1.2381,39.5459
8798,2000,1100,973,0.0741,2.37879,1.97721,44.0
8799,806,927,344,0.283,9.08546,-0.374899,62.2549
8800,24,498,1300,0.0507,1.62874,-0.462551,80.0
8801,3,59,47,0.4576,14.6893,-0.88513,33.3333
8802,130,149,358,0.2091,6.71141,0.753737,10.4167
8803,74,138,214,0.1141,3.66345,-0.753012,79.5918
8804,15,2300,516,1.0,18.3211,1.4023,39.9589
8805,112,1200,178,0.5046,16.1991,3.70114,39.0244
8806,328,1400,3400,0.0305,0.980159,1.3655,51.9231
8807,24,176,159,0.6559,21.0543,0.210261,34.0426
8808,25,973,1400,0.0576,1.84995,-5.0,32.0513
8809,199,1400,2100,0.097,3.11508,1.2798,30.0
8810,17,126,210,0.2211,7.09617,-0.285823,39.2857
8811,42,104,65,0.4343,13.9423,10.0,78.5714
8812,32,3200,3100,0.6962,12.5313,1.21212,39.3643
8813,17,275,220,0.1149,3.68831,0.551458,55.8824
8814,251,359,858,0.1943,6.23646,0.666963,29.0
8815,20,111,71,0.4927,15.8158,0.683839,30.3371
8816,53,937,1500,0.2542,8.15843,0.917244,23.3333
8817,12,81,99,1.0,50.0,10.0,90.8676
8818,53,302,242,0.4945,15.8746,3.26705,49.7487
8819,55,3700,905,1.0,50.0,-0.943841,89.0983
8820,182,898,956,0.4541,14.5756,0.0602,0.0
8821,21,279,1300,0.6371,20.45,-0.689655,55.6054
8822,137,1500,5000,0.1736,5.57407,1.1949,82.5596
8823,2600,5700,2300,0.0701,1.03008,0.645508,23.0088
8824,20,120,669,0.7817,25.0926,0.152788,82.3232
8825,137,346,711,0.3621,11.6249,1.41603,59.2453
8826,56,187,581,0.2786,8.94236,0.798085,44.6154
8827,232,728,2000,0.1842,5.91422,0.504439,17.6744
8828,80,299,480,0.5059,16.2393,1.87856,37.9913
8829,152,1000,323,0.5019,16.1111,-1.65289,60.2204
8830,8,957,1500,0.306,9.82236,0.370534,34.6505
8831,249,1100,129,0.4541,14.5758,0.9541,37.7805
8832,2,44,36,0.2478,7.95454,-1.52439,83.3333
8833,4,1100,7100,0.463,14.8636,0.6855,91.9355
8834,23,2000,1900,0.1858,5.96333,0.962773,61.1336
8835,5100,32800,4300,0.1736,1.6146,2.40848,55.0829
8836,1200,607,1700,0.144,4.622,0.949755,11.6071
8837,93,253,828,0.5945,19.0821,-1.08804,47.4026
8838,79,1600,1600,0.5522,17.7257,4.14556,26.1905
8839,510,8400,2700,0.0062,0.0912699,-0.407997,48.6486
8840,79,443,948,0.1461,4.69024,0.1225,36.1345
8841,30,614,4100,0.2396,7.69092,3.224,81.1429
8842,106,2300,7500,0.2743,4.9372,0.7701,40.7678
8843,30,429,806,0.4269,13.703,0.6959,0.0
8844,5,176,552,0.9735,31.25,0.10453,83.9695
8845,20,193,738,0.5237,16.8106,-0.728067,70.2247
8846,200,1000,3300,0.0391,1.25556,0.0708717,27.2727
8847,9,526,822,0.2665,8.55513,0.035057,44.0476
8848,99,437,260,0.2754,8.83949,9.95432,39.3701
8849,52,106,13,0.289,9.27673,-0.665188,51.6667
8850,93,472,196,0.4528,14.5363,1.21928,21.2963
8851,9,924,994,0.7063,22.6732,0.479,31.1441
8852,232,1700,1800,0.3065,9.83987,1.11607,15.1163
8853,54,394,448,0.3018,9.68697,2.40334,51.0309
8854,206,1400,4400,0.0269,0.865079,-1.21951,46.2963
8855,89,1100,2800,0.1507,4.83838,1.1545,50.2809
8856,448,2700,6300,0.1968,3.54321,0.690926,26.5267
8857,241,776,793,0.3142,10.0873,1.30128,49.2063
8858,173,602,192,0.5983,19.2045,3.97177,58.6375
8859,4,733,1400,0.7225,23.1924,2.3564,21.7573
8860,28,1400,2100,0.2518,8.08333,0.9621,29.8701
8861,13,434,1100,0.5001,16.0522,-0.877193,68.9189
8862,19,691,769,0.9122,29.2812,-0.876534,57.4324
8863,21,228,563,0.9251,29.6956,0.8472,75.7835
8864,0,1100,3000,1.0,42.9091,-5.0,52.193
8865,364,1400,1300,0.0701,2.25,0.8494,37.9679
8866,447,2000,131,0.5062,16.25,0.962773,42.869
8867,259,1100,1100,0.5303,17.0214,1.2057,18.087
8868,23,388,928,0.5906,18.9576,-1.06559,58.3942
8869,41,645,237,0.0255,0.81826,-0.304878,60.0
8870,96,1700,3900,0.3099,9.94772,0.9801,44.4025
8871,102,287,1800,0.0501,1.60666,0.592209,66.6667
8872,471,1900,73,0.4208,13.5088,0.998004,43.6314
8873,76,1800,1313,0.2271,7.29012,0.7836,47.925
8874,172,9000,7068,0.0412,0.606173,1.4777,42.0904
8875,138,1300,930,0.5641,18.1068,0.5378,15.4013
8876,130,714,1500,0.2276,7.30626,0.153155,28.0488
8877,6,2500,1500,1.0,23.232,0.757576,33.7168
8878,19,174,292,0.4864,15.613,0.2089,48.9209
8879,27,201,44,0.2239,7.18629,-0.090009,57.5758
8880,236,3400,614,0.9403,16.9248,0.541126,28.0035
8881,72,1600,1600,0.1962,6.29861,0.7556,41.9426
8882,72,125,106,0.4619,14.8267,0.6646,80.4688
8883,86,1400,2200,0.5396,17.3214,1.3986,32.3706
8884,65,430,747,0.3228,10.3618,1.58022,39.1705
8885,120,1400,2700,0.0202,0.646825,0.5564,71.7391
8886,31,149,261,0.2358,7.56898,1.288,65.5172
8887,406,1500,3200,0.0403,1.29259,1.26796,45.3782
8888,45,1700,3500,0.2777,8.91503,1.14329,37.8594
8889,894,6600,1100,0.4024,5.91582,-0.800213,59.6059
8890,94,232,1500,0.3223,10.3448,1.33869,79.8883
8891,35,371,1397,0.4025,12.9212,0.3959,69.6296
8892,89,1600,6200,0.2791,8.95833,1.22699,61.3475
8893,7,429,581,0.3475,11.1555,0.347604,30.3448
8894,311,2100,1600,0.7779,14.0026,2.95858,0.0
8895,399,5900,1300,0.2645,3.88795,10.0,14.3519
8896,1500,565,3900,0.0622,1.99607,0.640068,32.7586
8897,41,157,124,0.1852,5.9448,0.117261,27.8689
8898,9,430,737,0.6963,22.3514,0.752968,27.0073
8899,35,386,896,0.3973,12.7519,0.436695,71.867
8900,16,164,264,0.7096,22.7787,0.457317,39.8601
8901,411,5200,3300,0.4387,6.44872,1.2707,30.7013
8902,12,260,1050,0.2549,8.18182,0.9455,72.8571
8903,226,1100,2400,0.3831,12.298,1.76471,41.3223
8904,21,225,1100,0.1154,3.7037,-0.46941,81.9277
8905,149,1200,1800,0.1571,5.04167,0.9898,28.9308
8906,160,563,2500,0.3483,11.1802,-0.532915,55.2163
8907,33,764,2800,0.659,21.1551,2.70677,30.663
8908,25,377,1523,0.9558,30.6808,0.2415,73.0697
8909,10,2000,7500,0.3517,11.29,0.956938,47.3538
8910,78,807,1000,0.4133,13.2659,0.370016,24.4576
8911,13,1300,831,0.9001,28.8923,1.51515,0.0
8912,127,660,1700,0.2992,9.60438,0.509771,25.6637
8913,1300,106600,1900,0.6898,5.17355,0.473245,44.4906
8914,23,1100,1700,0.396,12.7121,0.6366,35.6655
8915,399,1000,1900,0.1464,4.7,0.7136,36.4912
8916,95,798,729,0.3355,10.77,0.430416,12.3746
8917,273,1200,3000,0.0662,2.125,1.1582,37.7143
8918,587,2500,1800,0.1988,3.57778,6.82261,56.6138
8919,30100,50700,1600,0.0972,0.758054,0.824058,36.5463
8920,65,1600,1100,0.223,7.15833,1.20482,32.1053
8921,259,1300,2400,0.2963,9.51282,1.1504,41.311
8922,317,7300,3100,0.2271,3.3379,3.80117,29.6951
8923,289,2800,627,0.7999,14.3988,0.7773,35.1976
8924,1100,8500,822,0.2838,4.17132,0.427746,18.3594
8925,375,924,1200,0.5263,16.8951,0.834119,32.6923
8926,181,594,2700,0.338,10.8492,0.855432,29.3286
8927,1000,1600,1700,0.2452,7.87153,0.9355,42.3529
8928,771,22600,896,0.7444,8.03909,-0.231184,13.2288
8929,790,8200,3900,0.1747,2.56775,-0.212615,47.9076
8930,52,673,42,0.5879,18.8707,-0.651211,34.5725
8931,547,2200,1300,0.3199,5.75758,0.840336,37.2881
8932,35,77,168,0.5462,17.5325,0.240693,93.3333
8933,9,64,4,0.411,13.1944,0.8454,73.6842
8934,3,60,27,0.9346,30.0,-0.865801,67.7419
8935,26,223,934,0.4261,13.6771,-0.479284,70.4403
8936,20,2000,2139,0.2628,8.435,0.9206,93.0058
8937,131,437,2700,0.0808,2.59344,-0.977938,67.3913
8938,7,244,318,0.0872,2.80055,0.0757404,78.9474
8939,116,686,664,0.0762,2.44574,1.6591,23.5772
8940,225,1700,1600,0.2284,7.33007,-1.01626,43.3107
8941,41,1000,2800,0.1822,5.85,-1.66297,30.303
8942,129,396,251,0.1132,3.63356,1.37507,22.093
8943,2800,2500,7000,0.0283,0.508889,0.5667,22.619
8944,511,1500,218,0.2398,7.6963,4.38596,25.9434
8945,33,507,489,0.0591,1.89568,-0.21395,59.4937
8946,81,1100,267,0.4983,15.9943,0.5716,36.7647
8947,2953,4400,851,0.0567,1.0202,1.3144,28.8973
8948,331,26300,4900,0.0272,0.253063,-0.269125,40.6484
8949,7,2600,5500,0.909,16.3615,0.727273,56.25
8950,10,557,3900,0.283,9.08438,-0.815797,80.1587
8951,1100,244,198,0.0728,2.33848,2.00272,19.2308
8952,22,1200,2000,0.0922,2.95833,-1.41576,78.8321
8953,40,319,535,0.4118,13.2184,1.41278,35.4839
8954,91,1600,7400,0.0567,1.81944,1.0751,72.619
8955,32,334,307,0.2145,6.88623,0.273,50.7246
8956,49,171,502,0.2763,8.8694,-0.105071,52.459
8957,1,519,2400,0.5642,18.1118,-0.739372,82.0513
8958,3,28,7,0.3709,11.9048,-1.21951,80.0
8959,263,155,110,0.3852,12.3656,0.9014,88.7755
8960,16,1200,2000,0.4678,15.0167,0.782,28.8355
8961,333,2200,7200,0.0201,0.361111,-0.795334,74.5455
8962,137,2200,1300,0.3326,5.98737,0.7056,12.2538
8963,143,1300,785,0.2807,9.01099,1.49701,12.3209
8964,3,1400,4800,0.8867,28.4642,0.682,86.5314
8965,47,3800,7300,0.0098,0.176901,-0.463392,47.619
8966,394,876,463,0.0126,0.405885,-0.1849,60.7143
8967,17,177,400,0.3567,11.4501,1.56163,0.0
8968,16,172,162,0.1775,5.69767,0.438212,28.0702
8969,261,1300,6979,0.0506,1.62393,-1.2755,82.2727
8970,30,247,415,0.26,8.34458,0.928433,13.8298
8971,4800,949,2400,0.0332,1.06545,0.707619,19.2308
8972,39,2100,5979,0.2306,4.15079,0.7931,49.7642
8973,620,1300,400,0.0379,1.21795,1.4195,38.6792
8974,38,337,1200,0.1417,4.54995,-0.107921,27.7108
8975,6,1200,399,0.1571,5.04167,4.84262,0.0
8976,159,690,1600,0.0309,0.990338,-0.781743,45.8333
8977,47,1200,3700,0.0652,2.09259,1.2182,72.0472
8978,10,735,1200,0.0623,2.0,-0.315994,70.1493
8979,461,2300,2400,0.2321,4.17702,0.806885,16.188
8980,8,94,69,0.4687,15.0456,1.02145,17.9487
8981,17,250,221,0.2899,9.30667,0.1449,52.6316
8982,58,1300,516,0.2956,9.48718,1.3324,21.3376
8983,5,109,99,0.5859,18.8073,2.69576,39.4737
8984,32,333,395,0.6658,21.3714,-0.1066,37.7358
8985,16,50,58,1.0,50.0,-2.24647,58.3333
8986,2,280,604,0.4562,14.6429,-0.0654979,49.2063
8987,87,715,175,0.1513,4.85626,10.0,46.7066
8988,7,121,225,0.3016,9.68123,0.153374,79.4872
8989,617,1600,4400,0.0095,0.305556,0.5073,44.186
8990,5,218,687,0.8031,25.7798,1.35168,61.7886
8991,60,146,32,0.4919,15.7915,2.08189,48.9209
8992,10,113,204,0.1737,5.57523,-0.473087,60.0
8993,2,309,720,0.8922,28.6408,0.0597562,71.1864
8994,59,840,1600,0.3078,9.88095,-0.0431872,21.0702
8995,553,460,870,0.2833,9.0942,0.816549,16.3399
8996,49,1000,2000,0.4528,14.5333,-1.66297,39.3298
8997,75,375,347,0.5151,16.5333,0.144872,10.4167
8998,240,2100,922,0.2516,4.5291,1.0394,0.0
8999,2800,1300,4200,0.02,0.641026,1.1752,26.6667
9000,25,96,79,1.0,36.1111,-0.550964,57.377
9001,186,1900,1500,0.0158,0.508772,-0.909091,57.5
9002,345,738,1100,0.0861,2.76272,-0.118755,16.9492
9003,110,422,2800,0.2551,8.18852,-0.0857633,85.2632
9004,30,309,1400,0.1507,4.83639,0.362231,49.4505
9005,35,211,202,0.2321,7.45129,-0.0868156,25.9259
9006,133,2000,2600,0.0648,2.08056,0.951173,34.8416
9007,102,719,762,0.6126,19.6647,0.678037,18.961
9008,2800,1600,1000,0.0029,0.09375,1.16279,35.2941
9009,345,1100,831,0.1334,4.28283,1.2579,15.4867
9010,279,1300,1400,0.2291,7.3547,10.0,73.6475
9011,666,967,899,0.1246,3.99862,0.770535,98.8571
9012,5,366,1800,0.5022,16.1202,0.203369,53.2895
9013,76,1500,925,0.2594,8.32593,1.2639,79.4319
9014,365,2200,3900,0.1282,2.30808,0.860585,31.3993
9015,278,1200,1400,0.2668,8.56481,0.937,18.0851
9016,24,288,343,0.3461,11.1111,1.0477,43.0464
9017,75,100,92,1.0,34.6667,-0.865801,91.8367
9018,42,629,1500,0.3112,9.9894,0.235655,31.25
9019,89,474,1393,0.0818,2.62447,1.5119,26.7606
9020,613,2700,999,0.1393,2.50823,-0.633981,35.3659
9021,110,1400,2800,0.0067,0.214286,-1.16959,22.2222
9022,50,577,515,0.4161,13.3573,0.257191,17.4888
9023,29,935,718,0.5262,16.8925,0.995982,33.5474
9024,409,2100,2300,0.188,3.3836,0.9276,16.5919
9025,49,1400,7400,0.0611,1.96032,-1.21951,87.6494
9026,252,1000,1200,0.1933,6.20556,0.32928,41.8831
9027,183,458,982,0.2766,8.87918,1.00545,11.9565
9028,573,2500,1200,0.3285,5.91333,0.9949,20.198
9029,859,2100,7000,0.0522,0.939153,0.6919,20.5128
9030,1400,1600,2500,0.1469,4.71528,1.1976,46.6513
9031,87,298,174,0.3572,11.4653,0.12285,35.1852
9032,408,663,467,0.2587,8.30505,1.41052,25.0
9033,300,1100,946,0.4501,14.4495,1.79641,15.873
9034,4,680,1100,0.93,29.8529,0.760999,38.292
9035,2,73,206,0.8962,28.7671,-1.3809,55.5556
9036,29,93,26,0.4783,15.3525,10.0,37.5
9037,427,727,721,0.4099,13.1591,0.27933,24.2604
9038,382,507,448,0.2786,8.94148,0.400797,11.1111
9039,321,774,912,0.1462,4.69423,2.36513,16.8831
9040,13,67,111,0.3255,10.4478,-0.783972,69.7674
9041,158,661,1600,0.2123,6.81627,-0.481992,78.2759
9042,12,7200,1000,0.5939,8.73032,0.257643,61.7788
9043,4,46,94,0.1354,4.34783,0.9099,50.0
9044,72,83,707,0.3878,12.4498,1.91617,63.4146
9045,10,1600,947,0.625,20.0625,0.8694,69.4948
9046,43,1100,1200,0.3907,12.5401,1.1172,21.5139
9047,14,908,1600,0.6783,21.7723,1.16378,45.3652
9048,15,458,1600,0.3369,10.8151,0.283922,85.5124
9049,1100,571,708,0.1761,5.65285,0.577806,10.5882
9050,8,236,707,0.5445,17.4788,0.562595,62.8571
9051,231,229,220,0.6364,20.427,0.489197,51.0989
9052,655,7700,336,0.0423,0.621212,2.07039,17.1123
9053,51,98,73,0.4309,13.8322,0.188584,46.4286
9054,39,2000,924,0.1523,4.8875,0.5391,60.0917
9055,126,628,199,0.4903,15.7378,-0.115776,34.375
9056,18,349,896,0.362,11.6205,0.7608,79.0419
9057,39,1300,2700,0.3331,10.6923,-1.30662,41.7795
9058,11,434,927,0.6578,21.1144,-0.920638,80.1075
9059,15,234,453,0.7864,25.2422,0.318134,35.2679
9060,68,492,1100,0.1527,4.90063,-0.182916,71.5736
9061,434,898,739,0.2546,8.17248,0.0199076,31.7241
9062,665,705,552,0.1134,3.64066,-0.0252934,16.5289
9063,350,632,695,0.2328,7.47187,0.520402,10.6667
9064,12,386,314,0.4728,15.177,0.0475135,27.4336
9065,3100,4400,1500,0.0473,0.852273,1.26886,0.0
9066,27,431,410,0.2068,6.63831,0.437171,48.0663
9067,16,1000,1000,0.558,17.9125,0.6869,43.4122
9068,188,1400,874,0.1873,6.0126,0.6521,26.7516
9069,54,410,1800,0.1342,4.30894,-0.17567,73.7288
9070,12,24,91,0.3461,11.1111,-0.727273,88.8889
9071,72,64,40,0.1298,4.16667,-0.281426,27.2727
9072,589,1600,1200,0.1322,4.24306,0.6999,74.3833
9073,32,1200,1200,0.7297,23.4226,1.043,16.9583
9074,25,104,146,0.4959,15.9188,0.6154,49.3671
9075,55,972,2400,0.1895,6.08139,-0.512195,51.0
9076,705,777,1600,0.0715,2.29515,0.877193,16.8675
9077,147,563,204,0.4507,14.4661,2.68632,21.2625
9078,48,184,17,0.5026,16.1345,2.48419,38.7755
9079,335,891,3058,0.0385,1.23457,0.266,15.2542
9080,66,8500,1700,0.1211,1.77974,-0.415455,80.8039
9081,13,266,105,0.0865,2.77617,0.4914,50.0
9082,64,278,639,0.3654,11.7306,-0.131464,53.1579
9083,231,565,1300,0.0499,1.60275,-0.256962,58.7302
9084,37,3200,3500,0.281,5.05859,1.20482,87.5
9085,540,645,340,0.0987,3.16968,0.194765,22.2222
9086,11,818,757,0.3449,11.0723,0.58023,0.0
9087,98,257,472,0.3569,11.457,2.17049,17.3469
9088,559,2100,238,0.1786,3.21428,2.92398,24.8139
9089,1400,28600,5600,0.1906,1.77253,-0.061488,20.3148
9090,223,290,661,0.1062,3.40996,-0.784835,45.6522
9091,27,236,179,0.1445,4.63748,1.88056,91.5254
9092,42,149,49,0.6145,19.7241,0.772234,50.0
9093,83,488,744,0.18,5.77869,0.188218,14.2105
9094,2300,754,1400,0.0748,2.402,0.329981,33.3333
9095,479,1300,1300,0.3263,10.4744,1.50602,40.6316
9096,38,2400,1300,0.5253,9.45588,2.58176,53.909
9097,579,6600,7500,0.0657,0.966132,-0.534759,26.7094
9098,20,576,998,0.3534,11.3426,-0.0931,57.0513
9099,93,523,2700,0.2366,7.59507,1.63872,76.1745
9100,63,679,2800,0.0933,2.9946,-0.343649,74.4966
9101,27,736,830,0.253,8.12198,-0.0248205,28.8591
9102,358,697,44,0.104,3.33971,0.0520066,19.2308
9103,185,177,1600,0.174,5.58694,-0.97229,92.4051
9104,2,484,530,0.2961,9.50413,0.6223,23.0769
9105,575,254,111,0.1731,5.55555,2.1993,29.7619
9106,13,775,1800,0.4323,13.8781,0.631145,28.8194
9107,22,575,250,0.1044,3.35266,0.128145,0.0
9108,40,265,1300,0.6714,21.5514,0.9318,66.6667
9109,38,906,966,0.3754,12.0493,0.889228,34.4037
9110,29,250,970,0.3808,12.2222,-0.216909,64.7059
9111,86,220,119,0.3957,12.702,1.38408,15.534
9112,321,1300,1200,0.1291,4.1453,1.2922,22.4719
9113,16,934,2500,0.5458,17.52,10.0,71.3115
9114,6,1200,4100,0.6345,20.3667,1.1657,36.3636
9115,103,422,354,0.3301,10.5977,0.867725,45.6929
9116,2,604,525,0.5673,18.2119,-0.0603719,20.7547
9117,25,1800,1354,0.3184,10.2222,1.4517,0.0
9118,33,368,1500,0.182,5.84239,-0.436695,83.7838
9119,29,436,334,0.4128,13.2518,0.37638,18.0328
9120,6,1200,4396,0.3643,11.6944,1.2615,17.5824
9121,197,1500,702,0.346,11.1074,1.4524,49.6979
9122,3,494,516,0.2838,9.10931,2.02661,0.0
9123,146,1700,846,0.3619,11.6176,0.9777,25.2236
9124,1900,4500,758,0.221,3.9771,2.7637,26.4254
9125,186,440,240,0.3107,9.97475,1.03639,21.1538
9126,111,372,147,0.6951,22.3118,-1.24544,56.2691
9127,123,304,340,0.1087,3.4905,0.686756,48.8095
9128,72,190,377,0.6486,20.8187,10.0,54.9383
9129,22,204,554,0.7559,24.2647,0.550964,61.3445
9130,22,112,541,0.8793,28.2242,0.164799,94.152
9131,332,2600,1700,0.4215,7.58718,1.0311,38.0606
9132,726,1100,5800,0.042,1.34848,0.7222,67.7215
9133,832,1600,1600,0.1413,4.53472,1.1976,35.7576
9134,98,974,1265,0.8005,25.6959,0.0185,22.0745
9135,162,914,2500,0.0365,1.17311,0.117999,75.0
9136,3,142,639,1.0,50.0,-0.501169,94.2446
9137,1,119,913,1.0,50.0,-0.883436,93.1034
9138,243,587,2600,0.1972,6.33163,-0.240096,75.5102
9139,17,921,464,0.2853,9.15671,0.744109,30.1282
9140,21,748,788,0.3797,12.1881,1.40354,35.2174
9141,10,944,7474,0.473,15.1836,0.1526,88.5714
9142,23,519,641,0.4615,14.8148,10.0,12.1359
9143,235,638,652,0.3396,10.9021,0.114712,14.7887
9144,346,649,840,0.4235,13.5936,0.800389,32.3129
9145,241,994,1300,0.2814,9.03197,-0.0179469,17.7177
9146,342,3500,7500,0.156,2.80714,0.522102,20.1439
9147,128,1900,5400,0.162,5.20175,0.998004,26.4605
9148,40,108,1,0.1859,5.96708,0.345145,41.1765
9149,140,179,467,0.1315,4.22098,1.0181,78.4091
9150,1800,1600,1300,0.3413,10.9559,1.4237,16.8675
9151,79,274,68,0.276,8.8605,1.2862,34.6405
9152,142,418,1400,0.4215,13.53,1.82667,48.8789
9153,104,602,1700,0.1754,5.62939,-0.211551,77.0161
9154,28,367,185,0.5923,19.013,-0.440543,39.7849
9155,2300,16700,5300,0.0151,0.163007,6.50916,0.0
9156,70,391,606,0.371,11.9086,2.77215,31.9048
9157,21,310,499,0.3322,10.6631,-0.234457,0.0
9158,51,2200,1000,0.5188,9.33838,-0.785752,77.0595
9159,32,575,821,0.5538,17.7778,-0.373956,50.6881
9160,3,15,1,1.0,35.8333,-5.0,81.25
9161,29,113,132,0.7428,23.8446,-0.160462,52.5
9162,25,2100,7500,0.1332,2.39682,10.0,38.9381
9163,17,123,173,0.2265,7.26925,-0.714558,41.8182
9164,10,219,301,0.1764,5.6621,0.5641,61.7021
9165,14,188,426,0.3788,12.1581,0.0966433,35.1351
9166,154,259,118,0.3381,10.8537,0.5795,27.5591
9167,625,404,277,0.2729,8.75963,1.61725,40.1042
9168,319,221,418,0.1488,4.77627,1.86391,12.2449
9169,413,1400,933,0.1571,5.04202,1.0493,26.4331
9170,237,1400,4857,0.0372,1.19481,1.0543,30.3797
9171,47,1100,517,0.641,20.5758,1.79641,22.0104
9172,832,1200,7500,0.0101,0.324074,0.6238,50.0
9173,155,241,508,0.3634,11.6644,1.6656,35.9155
9174,110,1300,2496,0.2848,9.14103,1.4558,24.9049
9175,49,1100,999,0.3715,11.9242,0.9078,23.3853
9176,49,838,925,0.1654,5.31026,0.605313,36.1111
9177,543,587,2200,0.2202,7.06985,-0.122317,66.2791
9178,16,1700,5600,0.046,1.47647,0.6714,88.3978
9179,71,1500,1300,0.0398,1.27778,1.1336,82.659
9180,1,402,1800,1.0,44.0299,-0.136333,89.1304
9181,251,1700,4700,0.0764,2.45098,1.12275,41.1552
9182,76,158,89,0.5543,17.7918,-0.113662,50.0
9183,40,176,268,0.4789,15.3725,3.54393,40.2062
9184,149,265,214,0.1848,5.93291,4.57007,26.5306
9185,22,1000,7500,0.2785,8.94118,0.0553809,65.1085
9186,226,963,2500,0.3129,10.0438,0.942378,28.5714
9187,78,762,441,0.5135,16.4844,-0.0961092,33.1384
9188,49,1600,964,0.389,12.4861,1.1539,75.2054
9189,89,664,383,0.4142,13.2948,3.11039,22.3097
9190,121,203,188,0.4229,13.5742,-0.351339,57.5
9191,271,2600,1100,0.3926,7.06624,0.714286,14.3339
9192,70,816,1700,0.0218,0.701252,0.98166,44.8276
9193,102,1100,1600,0.3425,10.9947,0.8686,23.7374
9194,84,1500,991,0.2803,8.99804,10.0,27.6964
9195,67,6700,4700,0.3458,5.08375,1.16144,45.1091
9196,88,1200,6700,0.4252,13.6481,-1.41576,92.6199
9197,14,113,484,0.3584,11.5044,-0.320085,83.5165
9198,5,122,791,0.1124,3.60656,0.152107,72.7273
9199,18,361,2200,0.2694,8.64882,-0.200468,79.6875
9200,104,338,1100,0.4029,12.9332,0.61535,52.2013
9201,4,86,44,0.5071,16.2791,-1.01126,89.1304
9202,128,368,493,0.5333,17.1196,0.193924,11.9266
9203,72,234,1200,0.4038,12.963,-0.460123,73.0964
9204,10,1700,932,0.2533,8.12941,1.10947,19.0972
9205,72,1500,3000,0.2061,6.61481,1.2987,33.9093
9206,76,102,40,0.655,21.024,-0.522648,81.875
9207,320,523,711,0.0553,1.77395,1.07386,9.0909
9208,11,172,1100,0.1778,5.70825,-0.210261,52.7778
9209,4,222,755,0.5052,16.2162,-0.325751,62.9032
9210,1,396,2100,1.0,50.0,-0.584997,94.1667
9211,68,133,44,0.9551,30.66,-0.666844,91.5761
9212,31,1200,2300,0.3733,11.9815,0.8008,56.1739
9213,17,686,2700,0.102,3.2756,-0.0535026,47.027
9214,138,523,1100,0.2796,8.97599,-0.410303,61.0039
9215,21,137,386,0.2741,8.79968,1.44921,44.8276
9216,214,804,832,0.451,14.4762,0.275482,11.7647
9217,181,25600,8200,0.0385,0.358073,-0.344139,21.9512
9218,78,69,413,0.8603,27.6167,-1.24357,65.1515
9219,62,639,868,0.3781,12.137,0.499961,25.5882
9220,136,841,2500,0.1949,6.25578,0.679378,25.8065
9221,11,1200,6900,0.156,5.00758,1.3603,76.7347
9222,139,258,872,0.5091,16.3437,-0.349903,70.202
9223,273,552,2900,0.1079,3.46216,-0.165215,83.2168
9224,91,1400,1400,0.4387,14.0833,0.8988,23.7772
9225,504,830,969,0.0553,1.77376,10.0,20.5607
9226,42,190,419,0.2942,9.44444,2.16528,74.4681
9227,316,1000,1600,0.0181,0.58,0.812208,28.9474
9228,25,673,653,0.4976,15.9733,-0.21621,20.6434
9229,166,548,543,0.3521,11.3037,1.25558,33.0645
9230,23,942,2174,0.3153,10.1203,0.1337,76.6791
9231,71,404,1100,0.2232,7.16447,-0.134018,41.2429
9232,146,667,429,0.4426,14.2076,0.913,24.4966
9233,101,1200,1100,0.262,8.41145,1.3687,21.813
9234,110,745,813,0.4388,14.0861,-0.239368,22.6866
9235,1800,10000,1400,0.0633,0.930556,5.84795,0.0
9236,52,1300,5700,0.206,6.61111,0.6045,20.4482
9237,35,396,472,0.2736,8.78227,0.140495,21.875
9238,12,1000,3200,0.2039,6.54545,1.4164,60.1329
9239,38,271,360,0.3864,12.4026,-0.329381,29.3706
9240,28,157,821,0.3847,12.3496,-0.232937,98.9474
9241,2,53,29,1.0,37.7358,-0.340832,76.0
9242,68,393,1700,0.3105,9.96607,-0.41205,87.6448
9243,69,166,781,0.6725,21.5863,-0.538155,67.7019
9244,114,827,687,0.4631,14.8663,0.266095,12.9921
9245,1,238,726,0.4189,13.4454,0.155974,86.9565
9246,160,221,448,0.5239,16.8175,0.41336,25.9615
9247,3,49,106,1.0,45.5782,-0.721761,100.0
9248,22,285,500,0.3073,9.86355,-0.317326,36.8421
9249,2,1200,1200,0.1856,5.95833,-1.41576,0.0
9250,105,1400,5914,0.0323,1.03782,1.0934,43.9024
9251,130,399,169,0.5548,17.8084,10.0,49.6951
9252,9,95,624,0.6777,21.7544,-0.379483,79.6875
9253,6,631,594,0.6438,20.6656,0.849411,28.3525
9254,20,998,2900,0.2412,7.74326,-0.0368098,29.661
9255,147,1500,4500,0.0419,1.34359,1.27551,31.0811
9256,260,1200,5000,0.0914,2.93519,-1.41576,77.0677
9257,15,50,134,0.7601,24.4,-0.360881,97.0149
9258,263,916,3400,0.0671,2.15308,-0.158378,46.0317
9259,25,254,756,0.2058,6.60542,0.292683,66.3636
9260,657,1100,1600,0.023,0.737968,0.6615,25.4545
9261,124,264,110,0.3638,11.6793,-0.667616,39.5062
9262,260,991,1700,0.0311,0.99787,0.370012,72.449
9263,310,930,3600,0.022,0.704898,-0.441481,51.6667
9264,74,599,1400,0.5097,16.3606,-0.619591,30.4233
9265,553,1700,4200,0.1252,4.01961,0.5271,16.4179
9266,91,210,78,0.1961,6.2963,1.60151,81.6794
9267,90,814,2300,0.3125,10.0328,-0.155967,55.2894
9268,82,652,176,0.0549,1.7638,10.0,17.6471
9269,130,1400,1300,0.3775,12.119,1.39018,21.3938
9270,29,1800,7120,0.2281,7.32099,1.1513,0.0
9271,23,77,41,0.9103,29.2208,-0.465947,76.1905
9272,85,387,317,0.8381,26.9021,-0.1838,69.8381
9273,39,1200,1100,0.419,13.4491,0.675,27.3414
9274,9,514,2000,0.1199,3.84782,-0.414794,82.7586
9275,30,2700,2600,0.2092,3.76543,1.4212,36.3239
9276,713,736,676,0.222,7.1256,-0.267738,19.7479
9277,174,1300,3800,0.3946,12.6667,0.581,80.9003
9278,31,270,753,0.2372,7.61317,-0.46227,53.271
9279,352,6200,6600,0.0557,0.8181,-0.292141,38.0117
9280,179,983,1256,0.2946,9.45518,0.1835,13.2075
9281,203,1700,5700,0.0117,0.375817,1.1412,53.125
9282,5,1000,2500,0.1128,3.62,1.4632,69.1176
9283,145,928,5400,0.0235,0.75431,0.517811,51.8519
9284,52,167,113,0.2498,8.0173,2.77544,46.6667
9285,36,2000,354,0.3412,10.9528,0.968679,47.3723
9286,461,1300,864,0.2924,9.38461,1.3922,28.1385
9287,58,686,41,0.1332,4.276,-0.180375,20.1835
9288,384,1100,1100,0.1776,5.70202,1.75439,15.3226
9289,23,448,554,0.5014,16.0962,0.24984,29.5139
9290,468,1500,3800,0.1739,5.58148,1.0716,0.0
9291,59,212,222,0.249,7.99266,10.0,29.2929
9292,153,573,4900,0.1356,4.3533,0.0317864,42.9752
9293,63,590,968,0.0584,1.87571,-1.82371,25.5814
9294,10,45,89,0.2561,8.22222,-0.397667,90.0
9295,36,75,234,0.2446,7.85185,-0.712251,89.6552
9296,467,610,588,0.2988,9.59017,-0.0297575,34.5238
9297,16,346,498,0.2939,9.43435,0.215262,38.6792
9298,1300,991,779,0.0409,1.31181,4.94789,46.4789
9299,130,1100,682,0.6616,21.2374,0.6815,45.8586
9300,243,467,487,0.1631,5.23436,0.850937,40.3509
9301,35,398,1600,0.4057,13.0235,0.281708,75.3709
9302,101,1800,505,0.2735,8.77778,10.0,27.4962
9303,79,2100,7100,0.0905,1.62963,-0.836587,85.2459
9304,107,875,2600,0.0591,1.89841,-0.165732,72.3684
9305,317,463,874,0.0706,2.26782,0.0391175,35.7143
9306,49,2500,6300,0.2375,4.27556,-1.35501,62.3816
9307,54,2100,4200,0.9922,17.8598,-0.836587,96.5539
9308,22,724,3100,0.3368,10.8119,-0.47065,75.8794
9309,143,575,90,0.2254,7.23671,-0.15674,39.2857
9310,14,81,676,1.0,43.2099,10.0,98.4694
9311,91,500,1100,0.0775,2.48889,0.109088,10.989
9312,35,513,2900,0.5698,18.2911,-0.586746,83.4921
9313,43,449,1300,0.3057,9.81193,-0.517887,60.6557
9314,1600,1700,596,0.1151,3.69608,-0.974659,16.75
9315,54,1100,4100,0.3122,10.0202,0.6924,93.0537
9316,148,111,189,0.1902,6.10611,0.9176,43.4783
9317,3,100,528,1.0,50.0,-0.536065,81.4286
9318,78,1200,7100,0.1835,5.88889,-1.41576,65.7895
9319,117,1600,7000,0.0224,0.71875,1.0109,70.0
9320,171,290,619,0.1229,3.94636,0.255842,36.9231
9321,8,392,3400,0.6556,21.0459,-0.322893,73.3333
9322,87,604,2400,0.2559,8.21376,-0.387786,59.9099
9323,260,1200,4000,0.0352,1.12963,0.8015,30.5263
9324,90,319,662,0.1644,5.27691,-0.447527,57.4074
9325,8,724,3100,0.2641,8.47721,-0.494756,67.1756
9326,1100,1100,868,0.1433,4.60101,1.4749,31.8408
9327,6,1100,405,0.388,12.4545,1.47,21.0938
9328,113,1600,7500,0.0764,2.45139,1.4253,81.9398
9329,891,2300,5700,0.037,0.666667,1.2164,59.3496
9330,50,1200,2000,0.5006,16.0677,1.3064,30.6202
9331,72,345,809,0.139,4.46055,-0.158663,69.6629
9332,145,1500,3300,0.083,2.66296,1.3825,54.5455
9333,145,203,107,0.2566,8.23755,0.557138,27.0588
9334,12,287,422,0.3862,12.3984,-0.190396,37.8151
9335,218,527,216,0.3046,9.77787,0.559128,18.8841
9336,1,103,424,1.0,46.6019,-0.688034,70.3704
9337,88,580,1700,0.1525,4.89464,0.447018,40.6504
9338,4,171,374,0.46,14.7661,-0.522867,79.661
9339,39,111,166,0.4194,13.4635,1.4934,100.0
9340,55,802,3900,0.1036,3.32502,-0.26325,54.0741
9341,41,649,3700,0.4141,13.294,-0.60344,69.1796
9342,25,104,411,0.4427,14.2094,-0.1711,74.6667
9343,27,1000,3200,0.1385,4.44444,-1.67317,70.1587
9344,103,743,2000,0.0335,1.07672,-0.607368,56.4103
9345,3,528,655,0.5841,18.75,-0.0686106,33.3333
9346,101,313,2000,0.1001,3.21264,-0.344063,86.3636
9347,123,540,1400,0.4692,15.0617,0.8194,79.2666
9348,6,898,6100,0.1116,3.58203,-0.470428,80.1587
9349,138,159,248,0.2721,8.73515,0.472069,65.3333
9350,4700,3200,7500,0.0116,0.208333,0.6254,33.3333
9351,105,251,256,0.2772,8.89774,1.2768,26.1261
9352,51,1300,1200,0.4282,13.7451,-1.31464,36.0825
9353,23,4600,7300,0.0132,0.236715,-0.762195,75.4098
9354,826,3400,3100,0.1293,2.3268,1.0079,0.0
9355,46,551,586,0.2695,8.65094,0.201387,0.0
9356,65,143,506,0.2699,8.66356,-0.253861,75.8065
9357,21,6100,3200,0.1985,2.91803,0.7091,0.0
9358,25,1200,7067,0.1936,6.21296,1.0217,71.173
9359,117,837,757,0.2605,8.3632,1.41969,0.0
9360,32,120,490,0.525,16.8519,-1.00826,91.3265
9361,1200,397,1000,0.0724,2.32298,0.688895,18.75
9362,59,158,207,0.3275,10.5134,0.72208,23.2877
9363,24,199,990,0.1225,3.93142,-0.535396,65.4545
9364,68,682,2700,0.3466,11.1274,-0.0538155,60.688
9365,38,810,2500,0.1883,6.04575,0.0227502,53.3333
9366,6,436,497,0.4704,15.0994,-0.68648,50.0
9367,58,2000,1100,0.2212,7.1,9.44669,20.8571
9368,217,1700,1000,0.013,0.418301,1.4813,0.0
9369,5,510,691,0.1507,4.8366,0.036159,47.7273
9370,312,754,653,0.2165,6.94813,0.565217,26.0
9371,29,862,565,0.6239,20.0261,0.10738,26.3451
9372,40,264,222,0.6053,19.4296,-0.138383,38.674
9373,113,1900,6324,0.1134,3.64035,0.8415,23.0303
9374,33,1200,912,0.3521,11.303,1.2634,25.1586
9375,17,442,2600,0.4851,15.5709,-0.600416,89.0526
9376,91,1000,2920,0.2312,7.42222,-1.6331,41.0876
9377,66,2800,1200,0.2078,3.7395,1.1733,59.5598
9378,4,40,65,1.0,34.375,-0.451671,69.2308
9379,66,287,446,0.389,12.4855,0.585074,38.6076
9380,48,149,427,1.0,32.1775,-0.363255,80.7175
9381,162,374,409,0.3943,12.656,0.243416,15.6716
9382,146,170,741,0.2016,6.47059,-0.525855,73.6842
9383,393,15100,7500,0.1057,1.14128,-1.10258,28.9941
9384,17,1300,1500,0.0798,2.5625,1.4884,35.3448
9385,35,100,223,0.6542,21.0,-0.182227,45.4545
9386,304,1100,1800,0.0618,1.98485,7.49771,9.0909
9387,5,142,1200,1.0,39.8592,-0.254065,79.8387
9388,463,501,1700,0.0256,0.820581,1.22569,40.0
9389,3,72,464,1.0,50.0,-1.41576,91.5493
9390,385,1700,1400,0.02,0.640523,1.4222,44.4444
9391,7,779,2900,0.0189,0.605172,-0.139817,66.6667
9392,26,388,405,0.4969,15.9507,0.387472,12.3711
9393,22,1700,2500,0.0532,1.70915,1.1458,68.942
9394,15,134,793,0.8664,27.8109,-0.27066,95.4357
9395,715,784,686,0.2523,8.09949,0.710496,25.2708
9396,3,258,145,0.2294,7.36434,1.12918,17.2414
9397,3,359,611,0.4165,13.3705,0.9625,42.0455
9398,579,2500,7400,0.0125,0.224444,0.8749,28.5714
9399,309,326,176,0.2697,8.65712,0.168871,31.4103
9400,80,778,950,0.4894,15.7098,-0.232141,22.4806
9401,43,294,1500,0.4162,13.3598,-0.0620091,57.377
9402,2000,2700,7000,0.0093,0.166667,1.40351,72.0
9403,313,1500,6700,0.0085,0.274074,1.29088,68.1818
9404,28,96,409,0.7031,22.5694,-1.08264,70.5882
9405,1100,3000,5300,0.115,2.0697,0.9869,8.2305
9406,135,378,347,0.1932,6.20223,-0.0479731,30.5556
9407,20,135,600,0.5564,17.8601,-0.267046,83.7838
9408,22,301,1200,0.0167,0.535253,-0.509338,0.0
9409,33,398,582,0.3322,10.6644,-0.27334,58.9641
9410,11,356,836,0.3524,11.3126,3.07754,0.0
9411,78,508,426,0.3874,12.4344,0.327929,18.9944
9412,155,313,229,0.298,9.56691,1.57828,20.8955
9413,198,2800,5100,0.14,2.51984,0.8097,44.5378
9414,18,978,3900,0.2055,6.59509,-0.22309,77.2727
9415,1000,1200,1600,0.1162,3.73148,0.588,15.6627
9416,15,94,472,0.3557,11.4184,-0.755858,84.7458
9417,839,1300,4400,0.0522,1.67521,1.0107,22.9167
9418,2,67,291,0.8602,27.6119,-0.533476,100.0
9419,190,247,585,0.234,7.51237,-0.145159,13.5417
9420,449,740,3728,0.2984,9.57958,-0.0725,93.8889
9421,6,109,7100,1.0,50.0,-0.166297,96.1783
9422,16,276,645,0.1425,4.57428,0.7896,24.4444
9423,310,1300,290,0.2336,7.49774,3.26619,33.0189
9424,192,593,6400,0.4667,14.9803,-0.739995,94.4528
9425,7,88,50,0.263,8.44156,1.4157,62.5
9426,698,2800,7500,0.0282,0.507937,1.2099,35.8974
9427,1,439,3300,0.0355,1.13895,-0.583053,0.0
9428,20,863,2300,0.2312,7.42243,-0.457523,63.2716
9429,521,839,468,0.1176,3.77433,-0.407568,61.5385
9430,470,863,736,0.3185,10.2227,1.19909,20.649
9431,8,559,1500,0.6026,19.3426,0.577276,77.6447
9432,250,1400,1200,0.3816,12.25,1.3022,24.4337
9433,16,671,2300,0.0905,2.90611,-0.162121,66.4234
9434,3,16,54,1.0,50.0,1.22699,96.6667
9435,100,578,31,0.309,9.91926,-0.552464,33.125
9436,8,47,65,1.0,39.8936,0.397667,87.7551
9437,3,328,2100,0.858,27.5406,-0.438212,91.7949
9438,151,832,765,1.0,50.0,-0.697871,96.0219
9439,1000,945,906,0.1641,5.26749,0.231049,18.2979
9440,9,205,137,0.2617,8.40108,0.938086,23.3333
9441,481,1600,6800,0.1056,3.38889,-1.08264,72.3716
9442,59,391,546,0.633,20.3183,-0.140139,39.0152
9443,80,597,670,0.4636,14.88,0.278293,16.4596
9444,42,636,441,0.4847,15.5573,-0.227238,11.5132
9445,39,367,842,0.0731,2.34635,-0.485217,71.6667
9446,139,1200,4800,0.0862,2.76852,1.3813,77.8656
9447,118,440,984,0.5377,17.2594,1.2829,42.3237
9448,283,525,512,0.2786,8.9418,-0.135026,25.9494
9449,224,204,455,0.3826,12.2821,-0.860042,63.8889
9450,100,155,369,0.2657,8.53047,-0.351617,62.2951
9451,79,1100,1900,0.4396,14.1123,1.84049,22.905
9452,66,775,3000,0.4708,15.1111,1.53505,41.453
9453,81,771,2400,0.2986,9.58351,-0.371897,68.75
9454,180,583,428,0.3562,11.4351,0.124852,37.7551
9455,14,1100,327,0.4554,14.6169,0.5,87.7451
9456,386,506,485,0.1652,5.30303,0.211765,16.0
9457,152,7100,972,0.1501,2.20657,-0.249501,89.968
9458,988,1400,1500,0.0234,0.750001,0.8561,32.3077
9459,558,1100,1800,0.0442,1.41919,1.2805,27.5862
9460,35,628,2400,0.245,7.86447,-0.373266,67.6471
9461,52,990,3400,0.1337,4.29293,-0.182927,48.8462
9462,279,456,303,0.1306,4.19103,0.438801,11.4286
9463,44,851,1900,0.2705,8.68259,0.0651117,23.5457
9464,620,774,2900,0.1487,4.77318,0.401019,15.8824
9465,1300,771,2400,0.088,2.82462,0.615871,12.605
9466,212,734,801,0.1431,4.59431,0.765514,51.5873
9467,23,47,86,0.5524,17.7305,-0.737644,84.6154
9468,18,273,1700,0.4647,14.9166,-0.331024,92.6518
9469,462,4700,1600,0.2386,4.29551,1.3342,0.0
9470,1,77,309,1.0,50.0,-0.690184,74.1935
9471,2,31,93,1.0,50.0,-0.575153,87.8049
9472,111,873,949,0.3074,9.86746,0.28593,7.0423
9473,3,357,1400,1.0,33.5201,-0.550147,86.5079
9474,635,9800,2337,0.01,0.147392,1.3294,0.0
9475,1,100,151,1.0,34.0,0.182548,18.1818
9476,199,2700,2700,0.3889,7.0,0.690926,21.9753
9477,88,747,1400,0.2217,7.11736,0.121781,26.8
9478,142,1800,2500,0.027,0.867284,1.1443,31.0078
9479,54,1100,797,0.279,8.95454,1.2335,24.4898
9480,245,531,135,0.2715,8.71521,1.06296,28.3582
9481,4,2900,4900,0.2791,5.02299,1.2346,42.3913
9482,42,331,446,0.3576,11.4804,0.168338,26.7857
9483,97,1500,7100,0.1787,5.73704,0.9724,92.236
9484,244,822,541,0.3581,11.4963,-0.0441306,19.943
9485,54,575,2100,0.2215,7.11111,-0.343378,56.25
9486,974,2000,5000,0.0204,0.655556,0.6583,23.0769
9487,1521,4000,7484,0.0538,0.968056,0.8741,84.8837
9488,52,1400,798,0.217,6.96429,10.0,0.0
9489,155,1000,2400,0.0869,2.78889,0.8958,84.4828
9490,3300,5600,3200,0.0032,0.047619,10.0,0.0
9491,428,545,981,0.1051,3.37411,0.508417,0.0
9492,153,1000,693,0.0907,2.91111,-1.67317,87.027
9493,760,1600,2000,0.0087,0.277778,-1.06952,34.7826
9494,36,426,566,0.2462,7.90297,0.2134,25.5319
9495,14,367,477,0.4911,15.7649,0.100849,42.5287
9496,395,1000,7500,0.0106,0.338889,1.3568,12.5
9497,92,489,1200,0.2385,7.65735,-0.0745119,83.4356
9498,77,468,389,0.5063,16.2512,-0.117229,35.6902
9499,5,1400,6400,0.9737,31.2571,-1.22699,85.0403
9500,239,910,796,0.4364,14.0078,0.549298,38.6643
9501,290,1700,661,0.14,4.49346,0.5965,16.2465
9502,89,206,254,0.4209,13.5113,-0.348432,28.7129
9503,171,498,1100,0.2867,9.20348,-0.433057,31.1688
9504,155,1600,188,0.0915,2.9375,1.18343,19.2727
9505,165,1400,2900,0.4277,13.7302,10.0,12.6939
9506,18,1100,1000,0.3912,12.5568,1.412,27.8438
9507,26,313,1502,0.5004,16.0632,-0.0569,72.8
9508,30,5600,6900,0.3651,5.36682,-0.322893,59.6021
9509,578,25400,4200,0.3585,3.33421,10.0,38.5781
9510,157,446,695,0.1087,3.48779,-0.162602,43.1579
9511,10,2000,3000,0.1961,6.295,0.7705,63.3245
9512,1751,58400,1345,0.2144,1.67237,1.1164,0.0
9513,13,6900,704,1.0,29.4976,3.0631,64.9584
9514,70,370,1100,0.2208,7.08709,0.0495737,68.3417
9515,909,369,1300,0.1051,3.37248,0.192261,26.087
9516,180,304,536,0.3883,12.4635,-0.58257,44.8454
9517,419,1100,1200,0.3446,11.0606,0.7705,21.7021
9518,1,399,2600,1.0,50.0,-0.747537,93.2642
9519,7,448,620,0.3944,12.6594,0.810165,87.2928
9520,1,40,48,1.0,50.0,0.469043,90.4762
9521,112,1400,2700,0.1229,3.94445,1.0032,16.5644
9522,1100,1800,697,0.0937,3.00617,1.2048,26.4591
9523,98,1800,7500,0.0774,2.48457,0.5144,56.5359
9524,284,366,199,0.2014,6.46631,0.151179,38.8889
9525,17,619,608,0.5397,17.324,0.087,13.3333
9526,1700,1800,7500,0.0142,0.45679,-0.928793,20.5882
9527,120,744,438,0.3252,10.4391,1.2446,17.2285
9528,73,753,2500,0.257,8.24849,-0.217381,90.3226
9529,30,86,254,0.0684,2.19638,-0.211551,66.6667
9530,236,1400,3200,0.1964,6.30556,-1.22699,75.2722
9531,12,231,1100,0.2034,6.52958,-0.311365,79.7297
9532,25,4600,7500,0.2321,4.17826,5.64585,55.3879
9533,31,1000,7100,0.355,11.3944,-1.66297,94.9942
9534,819,1900,3900,0.0106,0.339181,1.3503,73.4694
9535,66,1400,1700,0.4869,15.631,0.5177,34.1945
9536,342,1000,1700,0.0424,1.36111,1.0377,37.5
9537,170,481,754,0.2242,7.19566,0.114808,53.5519
9538,50,1100,5000,0.0332,1.06566,1.1355,94.8454
9539,56,1100,661,0.1227,3.93939,1.0641,10.1064
9540,364,3100,6900,0.0078,0.139785,1.4142,33.3333
9541,14,868,6700,0.4766,15.2979,-0.49218,94.591
9542,830,2200,2100,0.0236,0.424243,0.840336,27.381
9543,157,2700,1600,0.5958,10.7243,0.699301,19.6744
9544,77,1300,2000,0.0085,0.273504,1.3784,55.0
9545,279,568,1700,0.0756,2.42567,0.807728,13.3333
9546,57,456,388,0.5154,16.5448,-0.276563,26.2948
9547,20,870,3500,0.1816,5.83014,-0.311948,84.5606
9548,11,787,684,0.0389,1.24755,-0.344231,54.8387
9549,119,583,573,0.5634,18.0865,1.04957,17.5719
9550,351,654,1300,0.0484,1.55454,0.419182,11.6667
9551,51,528,745,0.6795,21.8119,0.501301,29.7362
9552,38,1000,1900,0.2227,7.15,-1.66297,61.6858
9553,29,137,396,0.5344,17.1533,-0.767525,59.4059
9554,125,210,470,0.2678,8.59788,-0.593707,76.8293
9555,61,637,695,0.7148,22.9461,0.232657,27.6768
9556,1,17,107,1.0,50.0,1.1498,100.0
9557,121,493,360,0.7042,22.6054,0.303586,50.5
9558,365,1200,5200,0.031,0.99537,-1.3986,71.4286
9559,28,188,825,0.5634,18.0851,-0.383436,85.4077
9560,133,140,324,0.3808,12.2222,1.1136,55.7143
9561,130,1000,3700,0.1469,4.71667,-1.66297,93.3687
9562,54,621,946,0.5226,16.774,10.0,14.557
9563,32,371,704,0.4059,13.0279,0.0991473,24.8731
9564,1,21,40,1.0,42.8571,0.925926,85.7143
9565,3,66,180,1.0,45.4545,0.6186,77.0492
9566,5,27,229,0.9461,30.3704,1.2521,81.8182
9567,10,494,458,0.7928,25.4482,0.187042,15.3409
9568,454,2400,7500,0.009,0.162037,0.9048,44.4444
9569,42,1400,5800,0.1202,3.85714,-1.21951,65.3543
9570,51,418,345,0.1083,3.47687,1.73449,0.0
9571,442,3500,1000,0.0476,0.857142,1.64474,28.4483
9572,66,194,203,0.637,20.4467,0.189394,44.0789
9573,52,684,2000,0.1123,3.60624,-0.317326,76.3514
9574,4,38,256,1.0,50.0,1.2678,100.0
9575,355,1200,2000,0.0965,3.09722,-1.41576,66.0448
9576,125,727,5700,0.2733,8.77273,0.958866,91.6168
9577,18,63,218,0.6126,19.6649,1.1245,88.0435
9578,144,947,3600,0.129,4.14173,-0.396845,45.3532
9579,67,660,1200,0.2271,7.28956,1.01818,33.195
9580,204,2200,7200,0.0904,1.62727,0.85034,23.0769
9581,20,566,2100,0.2049,6.57636,-0.064806,78.5714
9582,40,405,549,0.3547,11.3855,2.56082,0.0
9583,301,307,492,0.0823,2.64206,0.552464,84.507
9584,129,827,841,0.1387,4.45385,0.245098,14.486
9585,3500,2800,7400,0.0095,0.170635,1.319,71.4286
9586,69,2300,7000,0.4622,8.31884,-0.766871,71.2302
9587,428,812,3000,0.1835,5.8908,-0.396709,74.3151
9588,31,568,840,0.0914,2.93427,-0.128706,65.4206
9589,54,649,701,0.2155,6.91662,1.10593,21.2121
9590,1,54,258,1.0,50.0,-0.332594,97.2222
9591,103,98,5,0.3408,10.941,-0.54668,52.7273
9592,62,330,738,0.3467,11.1279,0.055942,31.9527
9593,1100,813,454,0.2689,8.63059,0.856534,11.3333
9594,433,922,1800,0.0385,1.23524,0.311648,21.2121
9595,63,123,380,0.0971,3.11653,-0.714558,89.6552
9596,3,378,960,1.0,33.2451,-0.191546,65.4639
9597,36,251,503,0.1545,4.95795,0.147831,25.3968
9598,4,255,17,0.0764,2.45098,-0.0718942,27.7778
9599,19,242,274,0.1573,5.05051,0.629228,48.0
9600,19,716,433,0.6411,20.58,0.418118,28.3298
9601,138,107,101,0.5871,18.8474,-0.492881,57.3913
9602,2,54,49,0.375,12.037,-0.330579,62.5
9603,67,914,2600,0.053,1.70192,-0.238509,75.4839
9604,319,2100,2600,0.1877,3.37936,1.86858,56.5891
9605,1,77,234,1.0,50.0,-0.465947,93.1818
9606,612,1200,959,0.1028,3.30128,0.7217,38.9937
9607,435,3800,916,0.1848,3.32663,2.08841,18.9189
9608,136,889,3000,0.1888,6.06174,-0.263642,81.0526
9609,6,373,366,0.4009,12.8686,0.999833,16.6667
9610,30,407,813,0.5545,17.7996,0.227521,30.1887
9611,61,1900,6800,0.0557,1.78947,1.1512,66.8269
9612,190,249,486,0.2502,8.03213,3.07298,62.7273
9613,89,216,196,0.4735,15.2006,-0.252122,37.0079
9614,128,902,882,0.0984,3.15964,0.28665,54.717
9615,687,1400,4300,0.0206,0.662698,0.5024,50.0
9616,22,598,2600,0.246,7.89669,0.571187,48.8136
9617,18,1400,3100,0.0545,1.75,0.7385,39.3939
9618,506,2000,6700,0.1082,3.47222,0.6852,93.4263
9619,311,959,3300,0.1072,3.44108,-0.264819,81.3559
9620,60,262,184,0.2807,9.01188,0.206839,27.907
9621,28,1900,7500,0.0428,1.37427,0.7105,63.1336
9622,125,1500,2400,0.1948,6.25185,0.9969,52.9524
9623,44,2800,2600,0.391,7.03827,1.353,14.7929
9624,60,1900,7200,0.0217,0.695906,10.0,64.9573
9625,245,1300,2000,0.0887,2.84615,1.2744,50.5792
9626,1,117,174,1.0,32.4786,-1.17073,48.5714
9627,6,56,45,0.6676,21.4286,-0.634652,91.8919
9628,19,116,206,0.3312,10.6322,-0.311948,46.1538
9629,58,451,1700,0.0457,1.46588,-0.24164,68.8889
9630,317,2800,750,0.2689,4.84034,0.8128,26.5385
9631,1000,2100,7400,0.0018,0.031746,-0.792812,0.0
9632,142,1100,1800,0.1597,5.12626,0.741,26.4368
9633,240,520,447,0.6057,19.4445,0.392927,23.0469
9634,286,1200,1700,0.0675,2.16667,0.7666,32.5
9635,67,612,1200,0.4366,14.0138,-0.177599,37.5796
9636,26,1300,6800,0.0928,2.97863,1.1101,77.0563
9637,11,244,1500,0.708,22.7273,-0.222178,82.6087
9638,20,253,690,0.106,3.4036,0.7506,72.2222
9639,441,1200,4400,0.042,1.34722,0.9229,83.3333
9640,51,1100,6400,0.132,4.23737,0.8624,75.3666
9641,36,2000,7500,0.1231,3.95,1.0435,67.77
9642,12,234,720,0.679,21.7949,-0.534582,85.3147
9643,74,1300,6010,0.1317,4.2265,1.1301,76.1236
9644,56,604,1800,0.1095,3.51361,0.309847,33.6134
9645,23,1800,5300,0.2528,8.11616,10.0,96.0526
9646,125,1600,3300,0.3592,11.5312,1.20482,13.9647
9647,310,1600,2000,0.0261,0.836806,1.0201,41.8605
9648,175,244,776,0.0553,1.77596,-0.2182,77.2727
9649,117,489,1400,0.1831,5.87788,-0.0749691,55.5957
9650,776,1700,2600,0.0769,2.46732,1.2101,6.5217
9651,3,1500,4700,0.045,1.44444,1.4901,23.5294
9652,20,1100,3652,0.0157,0.504132,1.3205,0.0
9653,143,274,947,0.3278,10.5231,-0.955272,69.4611
9654,69,1700,7200,0.1465,4.70262,-1.02249,44.3396
9655,21,273,397,0.8423,27.0375,-0.520788,51.0204
9656,170,318,263,0.3031,9.73096,0.632,17.9856
9657,29,1000,3700,0.1348,4.32778,0.6984,65.9459
9658,71,301,393,0.161,5.16796,-0.181627,30.3797
9659,57,2100,4300,0.1267,2.28011,10.0,42.5373
9660,68,2400,2800,0.1327,2.38889,1.0961,53.6036
9661,8,135,448,0.4731,15.1852,-0.657318,58.209
9662,310,2000,963,0.0233,0.747222,0.8853,24.0
9663,4,33,216,1.0,46.9697,0.6383,75.0
9664,71,233,244,0.4717,15.1407,1.0356,42.8571
9665,27,224,362,0.3971,12.748,-0.241754,44.5255
9666,267,1600,4200,0.0121,0.388889,0.7633,66.6667
9667,67,1100,1285,0.2244,7.20202,1.2093,55.1899
9668,840,1200,1200,0.0443,1.4213,1.5949,24.3902
9669,10,340,2900,1.0,36.2647,-0.573275,89.3478
9670,13,268,361,0.2763,8.86912,0.1343,56.3492
9671,43,1100,980,0.1624,5.21212,6.40988,34.5455
9672,15,196,1300,0.2056,6.59864,-0.365854,89.8734
9673,439,1400,7500,0.0318,1.01984,-1.17647,17.2727
9674,16,1100,5700,0.2345,7.52841,-1.52439,84.486
9675,105,21200,222,0.2232,2.41011,-0.500417,0.0
9676,114,253,123,0.5856,18.7967,0.146653,42.7136
9677,41,261,676,0.179,5.74713,0.0703565,38.3838
9678,37,1700,626,0.1255,4.02941,1.2569,36.214
9679,246,1200,4700,0.135,4.33333,1.1565,92.4282
9680,1000,1100,1400,0.116,3.72222,0.5117,9.2593
9681,7,82,83,0.6187,19.8606,-0.221746,89.7436
9682,402,858,1200,0.0204,0.653975,0.105299,39.4737
9683,706,1700,1900,0.1404,4.50654,-1.01626,47.9087
9684,2,30,5,0.3634,11.6666,0.5891,100.0
9685,175,1900,7500,0.0154,0.494152,0.9105,76.9231
9686,382,2100,3300,0.1601,2.88095,1.2852,22.5256
9687,104,1300,6500,0.0706,2.26496,1.1946,74.3961
9688,38,443,1300,0.4196,13.4688,-0.247463,74.1379
9689,191,1200,1200,0.3101,9.9537,1.65289,14.0909
9690,4,34,173,1.0,50.0,0.6173,90.0
9691,89,1900,5900,0.0677,2.17251,1.01626,46.7797
9692,4,296,709,0.8104,26.0135,1.54114,27.027
9693,64,1400,2300,0.2005,6.4365,1.0028,26.2948
9694,826,749,772,0.0464,1.49088,0.142507,15.0943
9695,18,636,602,0.8134,26.1094,0.502384,24.115
9696,255,907,2300,0.0847,2.71959,0.0603379,41.2587
9697,4,147,276,0.4397,14.1157,0.511683,42.0
9698,204,1800,1800,0.0724,2.32292,0.6621,0.0
9699,489,2100,1700,0.1895,3.41176,0.903614,55.9322
9700,8,285,1000,0.496,15.9211,-0.502523,71.5789
9701,252,907,863,0.3454,11.0866,0.509186,15.8046
9702,68,2300,7400,0.1464,2.63527,0.8022,80.2564
9703,3600,1900,1900,0.0624,2.0031,0.992063,28.9157
9704,537,2300,2514,0.323,5.8133,0.5248,42.6457
9705,26,937,836,0.4592,14.7397,0.460319,21.7391
9706,9,453,605,0.2453,7.87344,0.0407188,20.4545
9707,74,1600,4300,0.152,4.87847,0.717,28.4848
9708,447,2500,6100,0.0302,0.544444,0.9037,65.625
9709,57,819,1000,0.5374,17.25,0.364487,19.0574
9710,1100,741,2200,0.0677,2.17424,0.514706,15.1899
9711,20,217,173,0.4395,14.1065,10.0,18.6047
9712,301,1600,7100,0.0089,0.284722,-1.03806,64.1026
9713,645,877,1200,0.2019,6.48043,0.3126,13.0
9714,2,111,11,0.2807,9.00901,1.4858,80.0
9715,33,521,2500,0.2365,7.59224,-0.139373,78.6378
9716,14,670,691,0.0983,3.15565,-0.0815424,44.0945
9717,144,778,722,0.6035,19.373,1.2176,12.3077
9718,36,209,366,0.3917,12.5731,-0.678522,89.1429
9719,9,7000,7200,0.0108,0.15873,-0.256082,48.9796
9720,37,1000,1000,0.3527,11.3222,1.1305,23.475
9721,9,2100,6900,0.3689,6.63946,1.4999,89.7759
9722,68,749,667,0.3903,12.5278,0.422255,18.1818
9723,3,170,232,0.2077,6.66668,-0.214011,56.5217
9724,58,799,301,0.6314,20.2684,10.0,42.7746
9725,195,1300,556,0.2233,7.16742,0.6078,28.0788
9726,25,440,564,0.4232,13.5859,1.39499,35.426
9727,13,155,417,0.2814,9.03226,0.363255,84.0
9728,23,105,342,0.7088,22.7513,-0.173631,81.4371
9729,11,2200,5500,0.4754,8.55785,1.0395,68.7675
9730,61,289,730,0.2192,7.03576,0.0635163,37.7551
9731,41,775,1800,0.0793,2.5448,-0.0237177,75.8824
9732,44,944,2900,0.0348,1.11817,-0.228224,56.4706
9733,10,211,1900,1.0,33.1279,-0.258013,92.2727
9734,23,262,1900,0.7445,23.8974,-0.672525,90.8555
9735,1,701,2900,0.7644,24.5364,-0.284345,81.8898
9736,177,957,863,0.3065,9.83978,-0.0376899,47.3923
9737,41,1200,4400,0.2762,8.86574,-1.41576,84.957
9738,9,1600,774,0.4344,13.9453,0.8739,71.6621
9739,76,1400,931,0.2861,9.18254,0.751,33.6864
9740,422,1100,1200,0.2285,7.33333,0.6334,18.1507
9741,6,479,443,0.6417,20.5985,0.714248,44.2478
9742,625,1400,4200,0.0281,0.900794,1.4138,79.4872
9743,229,767,2200,0.2396,7.69231,0.450907,34.9462
9744,6,296,559,0.435,13.9639,-0.0615915,79.0
9745,29,1000,2700,0.3569,11.4556,-1.66297,47.1429
9746,64,588,1486,0.138,4.43122,-0.0917,68.617
9747,733,1000,2200,0.0275,0.883333,0.669,9.7561
9748,633,2200,6800,0.2153,3.87626,-1.53374,85.2041
9749,116,593,1200,0.3852,12.3665,-0.273479,40.6528
9750,26,603,3800,0.3418,10.9729,-0.35912,87.5776
9751,153,1600,1500,0.2429,7.79779,0.6034,30.4042
9752,23,359,1400,0.284,9.11483,-0.398751,82.1705
9753,141,547,610,0.1145,3.67662,-0.586351,47.1154
9754,127,1200,2300,0.1408,4.51852,0.5103,25.6318
9755,878,316,1200,0.2048,6.57525,3.61591,8.046
9756,3,1800,7300,0.5267,16.9074,1.2412,79.4457
9757,1200,899,1500,0.0412,1.32246,-3.20574,30.7692
9758,33,364,394,0.1678,5.38767,-0.150449,39.6694
9759,181,1800,5800,0.0944,3.03086,1.175,89.0625
9760,23,79,330,0.3177,10.1969,0.6515,90.5405
9761,45,344,1200,0.0065,0.209948,-0.103839,50.0
9762,84,220,2200,0.2753,8.83838,-0.645786,92.9688
9763,32,218,230,0.1262,4.05199,0.520894,28.3019
9764,140,414,342,0.3085,9.90337,0.223627,13.0682
9765,5,954,3300,0.0627,2.01258,-0.301735,53.4483
9766,1,140,44,0.1335,4.28571,-0.130531,50.0
9767,42,244,520,0.241,7.73565,0.38504,58.0645
9768,3,206,1100,1.0,50.0,-0.604856,0.0
9769,25,85,151,0.5925,19.0196,-0.420521,93.4426
9770,400,764,361,0.138,4.42845,-0.386396,22.8188
9771,30,2900,1900,0.523,9.41379,0.649351,44.3872
9772,337,1700,7300,0.0075,0.24183,1.2327,42.1053
9773,39,231,831,0.2263,7.26311,0.0781,75.8242
9774,7,432,405,0.0937,3.00926,0.480888,28.5714
9775,662,1500,4600,0.057,1.82963,0.7088,16.3793
9776,26,504,2000,0.2624,8.42152,-0.736196,68.4211
9777,10,649,2400,0.4219,13.5439,-0.59976,61.0345
9778,735,2500,6800,0.0889,1.6,1.3457,86.6894
9779,550,12300,5200,0.0378,0.408762,-0.290909,35.7631
9780,14,276,2800,0.7828,25.1294,-0.515287,93.8596
9781,2,334,1100,0.6063,19.4611,-0.271459,85.5072
9782,64,1300,1900,0.5288,16.9744,1.1024,17.3542
9783,18,639,3424,0.0477,1.53017,-0.0561,91.6667
9784,77,118,124,0.1892,6.07345,1.33854,7.5
9785,19,189,884,0.2546,8.17166,-0.191546,79.7753
9786,1,780,2300,0.627,20.1282,-0.501794,82.2222
9787,351,660,429,0.2913,9.35185,0.795877,27.7056
9788,259,1900,6200,0.0526,1.68713,0.9748,28.9855
9789,71,617,2000,0.3604,11.5703,-0.377468,57.2519
9790,63,1500,1800,0.318,10.2074,1.067,39.0276
9791,57,869,643,0.1468,4.71167,-0.16789,34.6847
9792,90,306,721,0.1114,3.57662,-0.176523,53.0303
9793,559,2400,6500,0.0136,0.24537,-0.722892,62.5
9794,20,403,617,0.2947,9.46029,0.420417,37.7551
9795,15,421,562,0.3256,10.4513,1.14784,11.8182
9796,3,556,490,0.6556,21.0432,-5.0,34.4828
9797,4,925,3200,0.9464,30.3784,-0.235709,91.0
9798,396,808,1300,0.3564,11.4411,1.26105,30.2752
9799,71,696,692,0.4479,14.3763,0.847573,18.5393
9800,1600,4600,5300,0.009,0.161836,0.797448,45.283
9801,13,971,5500,0.1293,4.15116,0.151964,80.0712
9802,21,1100,3700,0.0382,1.22727,0.8507,52.8302
9803,232,486,479,0.1578,5.06401,0.113619,66.4865
9804,274,521,141,0.4688,15.048,1.84284,23.2558
9805,450,1200,7300,0.034,1.09259,10.0,93.8596
9806,1300,21000,7000,0.0988,1.06756,4.49102,0.0
9807,89,2400,2100,0.0895,1.61111,1.0225,30.3502
9808,556,667,820,0.1746,5.60345,0.323305,33.0882
9809,15,581,1800,0.3149,10.109,-0.402801,37.9562
9810,14,315,2100,0.3843,12.3356,-0.397667,92.7602
9811,22,777,2700,0.2165,6.94981,-0.481386,0.0
9812,4,379,1600,0.8261,26.5172,-0.519113,78.8235
9813,96,183,308,0.1088,3.4912,-0.827206,63.6364
9814,23,120,655,0.2755,8.84259,-0.151179,87.5
9815,80,313,1200,0.2284,7.33049,-0.455892,83.4711
9816,112,1400,8000,0.1517,4.86905,1.0603,95.8057
9817,9,140,515,0.3516,11.2857,0.9455,81.25
9818,830,2000,7200,0.0608,1.95278,0.7341,88.4354
9819,19,200,637,0.2786,8.94444,0.9895,81.982
9820,20,429,1300,0.0452,1.4504,-0.295492,76.3636
9821,193,503,927,0.3138,10.0729,0.106509,12.1622
9822,202,636,1500,0.0819,2.62928,-0.284906,69.0476
9823,254,897,2300,0.0625,2.00669,-0.338174,92.4883
9824,17,3000,7100,0.0439,0.789583,-0.590087,66.2602
9825,1,1400,7500,1.0,50.0,1.2453,95.4327
9826,10,102,278,0.565,18.1372,10.0,92.0635
9827,3,138,578,1.0,50.0,-0.132409,87.7778
9828,20,254,992,0.1533,4.92126,-0.213533,58.9041
9829,1027,2100,7450,0.0266,0.478836,0.7582,70.1299
9830,19,188,175,0.2596,8.33333,-0.289082,34.2105
9831,19,738,1000,0.3037,9.74857,-0.440917,74.6781
9832,65,100,248,0.5936,19.0556,-0.707881,51.7241
9833,5,45,50,1.0,41.3333,-1.50244,85.7143
9834,18,2500,1694,0.3879,6.98222,0.5548,28.2192
9835,44,1400,3500,0.1278,4.10318,-1.22699,76.8868
9836,75,438,267,0.537,17.2375,-0.206464,83.0296
9837,4,136,361,1.0,34.1912,-0.652656,92.7536
9838,15,4100,4700,0.0309,0.556097,-0.4329,74.4526
9839,123,1500,3600,0.0947,3.04074,0.9997,31.1224
9840,38,188,211,0.4005,12.8546,2.53444,18.4211
9841,3900,1800,5400,0.0142,0.45679,0.8339,78.4091
9842,60,243,172,0.1795,5.76132,-4.86331,34.2105
9843,5,5800,860,0.0563,0.827586,-0.308166,41.5493
9844,84,241,934,0.5566,17.8654,-0.591322,86.2069
9845,12,529,4600,1.0,50.0,-0.987741,96.7541
9846,28,139,687,0.3287,10.5516,1.12396,78.2609
9847,51,2100,6400,0.3122,5.61905,0.6703,90.7784
9848,483,2200,1200,0.1323,2.38131,1.3501,10.5072
9849,196,666,190,0.1985,6.37304,-0.402923,77.3649
9850,10,144,760,0.4132,13.2639,1.2394,83.0189
9851,43,240,639,0.3454,11.088,-0.665238,87.8453
9852,102,432,758,0.0701,2.25052,0.6466,67.4699
9853,30,184,542,0.3001,9.63165,-0.391594,86.087
9854,48,235,395,0.8676,27.8487,-0.231995,55.3719
9855,473,753,1500,0.2509,8.0554,-0.331872,34.9614
9856,18,46,81,1.0,33.0918,1.0149,58.0645
9857,377,676,350,0.2035,6.53353,-0.185221,38.2576
9858,8,22,42,1.0,39.2045,0.87108,88.3721
9859,33,781,2900,0.1057,3.39309,-0.481924,76.6055
9860,151,288,79,0.1767,5.6713,0.593707,45.3782
9861,7,2600,6400,0.1303,2.34616,0.6347,33.3333
9862,113,464,792,0.1355,4.34953,10.0,27.4194
9863,30,1400,1400,0.1869,6.0,2.97619,31.7647
9864,8,1200,3736,0.2585,8.29762,0.6289,24.5989
9865,629,1400,3800,0.0273,0.876984,10.0,83.3333
9866,45,1100,859,0.4141,13.2929,1.81818,27.8396
9867,42,1000,934,0.2444,7.84444,0.7403,20.1807
9868,29,329,227,0.3068,9.84802,-0.11053,32.2835
9869,330,777,2700,0.1608,5.1623,-0.325751,91.0394
9870,37,544,2700,0.1976,6.34191,-0.522648,76.4444
9871,455,4200,531,0.3449,6.20816,4.84131,33.4623
9872,174,1800,434,0.2956,9.48765,1.07604,35.2528
9873,30,496,312,0.0349,1.12007,-0.0721449,78.2609
9874,40,314,1304,0.5253,16.8613,-0.1137,62.6198
9875,59,2800,7000,0.1088,1.95833,1.3149,80.8656
9876,2,214,359,0.1747,5.60748,-0.335646,73.3333
9877,58,415,1300,0.1902,6.10441,-0.0442426,84.6591
9878,170,1400,3700,0.0116,0.371429,0.8534,75.0
9879,383,323,670,0.075,2.40798,10.0,9.0909
9880,1600,2000,122,0.0826,2.65,10.0,13.0112
9881,43,1400,516,0.199,6.38889,0.8224,53.8803
9882,49,651,3300,0.3193,10.2492,-0.35814,90.0
9883,65,538,506,0.2046,6.56753,2.09123,64.6552
9884,327,729,727,0.3122,10.0213,-0.0740668,0.0
9885,236,889,5500,0.1433,4.59942,-0.764107,64.2202
9886,206,1800,4000,0.1618,5.19281,1.06952,29.443
9887,20,41,29,0.4474,14.3631,0.457317,87.8049
9888,154,1200,1800,0.2131,6.83928,1.65289,21.5827
9889,144,587,489,0.2424,7.77968,-0.245952,45.0593
9890,35,1300,4900,0.2046,6.56838,-1.31464,83.9925
9891,48,116,136,0.5834,18.7261,-0.46116,41.6667
9892,375,1200,449,0.2453,7.875,1.0518,9.6296
9893,1700,2800,2800,0.0042,0.0753968,1.2917,57.1429
9894,177,714,1100,0.2138,6.86274,-0.376393,31.769
9895,18,115,707,0.611,19.6135,-0.158663,96.9925
9896,157,1300,7100,0.3308,10.6197,0.8031,93.8534
9897,119,946,3500,0.094,3.01856,-0.266768,66.8571
9898,182,3000,330,0.1021,1.83809,0.6404,0.0
9899,58,293,378,0.6131,19.6815,-0.607423,59.3985
9900,65,434,1300,0.077,2.47056,-0.369382,76.3158
9901,1021,13900,3101,0.0559,0.603517,-0.1283,30.5699
9902,156,362,682,0.0636,2.04113,-0.19992,83.871
9903,34,379,725,0.3247,10.4222,-0.696422,26.455
9904,339,531,829,0.0701,2.24942,-0.170641,44.8718
9905,3,183,1100,0.2156,6.92168,-0.197759,95.8333
9906,83,3000,7000,0.0765,1.37778,-0.593707,66.3793
9907,2,14,11,1.0,35.7142,-1.22699,62.5
9908,102,1200,7500,0.1033,3.31482,1.2927,51.6854
9909,2000,4100,5900,0.0925,1.66531,0.446429,17.8313
9910,329,790,1100,0.2467,7.91843,0.8338,14.9306
9911,17,398,1700,0.0879,2.82294,0.139784,68.0412
9912,80,1000,5100,0.2639,8.47222,-1.67317,90.2357
9913,1,18,141,1.0,50.0,0.542,88.8889
9914,57,547,5500,0.8862,28.4481,-0.680463,96.5887
9915,11,859,3300,0.3053,9.79998,-0.231287,87.3529
9916,126,2100,7500,0.2341,4.21428,0.909091,40.5479
9917,1500,991,537,0.0131,0.420451,-0.159763,6.6667
9918,322,2200,2700,0.2623,4.72222,10.0,49.6644
9919,165,2000,7300,0.0097,0.311111,0.7085,70.4918
9920,13,144,834,0.3179,10.203,-0.37561,79.7297
9921,402,1100,1184,0.0673,2.16162,-1.4881,90.0621
9922,405,1000,2900,0.0424,1.36111,1.4164,28.8136
9923,281,766,300,0.0956,3.06788,5.56507,19.8413
9924,116,11800,4200,0.0402,0.434322,10.0,33.6806
9925,17,371,798,0.327,10.4963,-0.338753,62.2222
9926,1,38,208,1.0,50.0,-0.471921,93.5484
9927,35,387,2700,0.5438,17.4562,-0.730716,88.4422
9928,1000,3200,7500,0.034,0.611111,1.4564,24.1379
9929,2,88,596,1.0,38.0682,-0.606755,85.2941
9930,2000,3600,3200,0.0484,0.871915,-0.48844,22.5806
9931,70,1300,1100,0.1116,3.5812,0.533,21.9745
9932,11,547,2100,0.2138,6.86389,-0.265296,86.5854
9933,335,1900,4700,0.0309,0.991228,-0.903614,54.902
9934,113,720,6900,0.2892,9.28241,-0.225836,92.6531
9935,30,2400,5700,0.6815,12.2674,2.61324,43.5961
9936,318,387,430,0.1298,4.16667,0.7959,16.6667
9937,246,421,2100,0.0806,2.58643,-0.214703,87.5
9938,161,1100,3200,0.0631,2.02525,0.8804,67.1362
9939,22,58,146,0.3819,12.2605,1.4294,89.0625
9940,18,59,167,0.2933,9.4162,-1.16857,64.0
9941,143,1100,4600,0.1167,3.74747,1.1047,45.5814
9942,13,689,1200,0.5314,17.0593,0.0535805,38.0567
9943,174,221,323,0.2702,8.6727,-0.407188,44.7059
9944,86,398,1400,0.0748,2.4009,-0.494998,91.8033
9945,45,117,427,0.3905,12.5356,-0.30744,67.5676
9946,27,107,28,0.4302,13.811,0.173631,83.5443
9947,179,1600,1400,0.2127,6.82639,0.7352,10.4859
9948,184,511,1225,0.0233,0.748245,0.0706,63.6364
9949,76,1800,6600,0.17,5.45679,0.862,77.8468
9950,324,474,761,0.1603,5.14534,0.620139,11.2
9951,118,742,1000,0.4103,13.1701,-0.435906,15.5932
9952,11,653,342,0.5187,16.6504,-0.0561982,22.9167
9953,3,125,981,1.0,50.0,10.0,91.3462
9954,811,1700,1400,0.0057,0.183007,0.6042,56.25
9955,119,3200,6700,0.0997,1.79514,-0.554324,66.2338
9956,222,1200,882,0.2036,6.53703,1.62338,23.7918
9957,93,728,1400,0.3597,11.5461,10.0,36.9231
9958,6,18,90,1.0,50.0,-0.968679,96.7742
9959,72,1600,6900,0.0314,1.00694,0.9351,59.0
9960,149,283,687,0.3412,10.9541,0.940565,78.9474
9961,66,1700,6900,0.0533,1.71078,1.363,78.9474
9962,389,1200,4100,0.0189,0.606481,0.5095,70.1299
9963,67,183,490,0.2629,8.43959,10.0,35.9375
9964,113,1400,3500,0.0964,3.09524,0.9585,56.5217
9965,22,650,555,0.1291,4.1453,-0.385689,34.0741
9966,11,1500,6900,0.3585,11.5091,0.764,85.0
9967,15,166,560,0.2989,9.59553,-0.322754,40.2597
9968,3400,9700,1000,0.1371,2.01546,0.369344,19.2825
9969,48,405,1900,0.2205,7.07819,-0.312705,73.7968
9970,2,1300,4200,0.7429,23.8461,1.4447,89.1641
9971,139,1500,4815,0.0101,0.324444,1.4312,75.0
9972,63,873,2200,0.1227,3.93916,-0.22902,66.8122
9973,9,173,474,0.3982,12.781,-0.105775,69.4915
9974,6,161,288,0.4902,15.735,-0.443459,57.5342
9975,179,1200,5500,0.0162,0.518519,-1.39018,76.4706
9976,152,241,121,0.354,11.3647,-0.662577,32.0611
9977,371,639,675,0.2473,7.93775,-0.444136,21.2928
9978,78,3200,7500,0.1268,2.2832,0.590087,29.0179
9979,110,278,105,0.3505,11.251,0.964187,20.6612
9980,509,765,574,0.4305,13.8178,1.89505,20.2572
9981,23,241,1200,0.4165,13.3702,-0.374083,88.2927
9982,21,91,252,0.1122,3.60195,-0.770218,77.2727
9983,10,967,6600,0.4191,13.454,-0.607362,84.3137
9984,17,1500,1900,0.5208,16.719,1.322,16.8407
9985,4,223,485,0.2829,9.08071,-0.163599,38.2979
9986,92,2000,816,0.136,4.36471,0.8165,0.0
9987,3,156,860,1.0,46.5812,0.118741,87.0
9988,40,85,32,0.8104,26.0131,-0.822143,57.0
9989,911,1200,7400,0.0115,0.37037,-1.39018,62.1622
9990,17,322,1000,0.1337,4.29302,-0.0569811,67.0455
9991,451,2600,5200,0.0886,1.59402,0.6165,36.6013
9992,13,180,1300,0.3408,10.9402,0.206797,92.233
9993,60,1000,2100,0.0725,2.32778,0.0177692,30.7692
9994,83,1900,6900,0.1018,3.26901,1.1331,57.4236
9995,130,1400,1000,0.1694,5.43651,1.3655,14.4615
9996,126,608,1100,0.0498,1.59905,-0.288951,59.7701
9997,10,102,239,0.901,28.9216,-0.694525,86.3158
9998,16,2200,7300,0.1676,3.01705,-0.800213,66.2474
9999,286,303,475,0.4432,14.2281,-0.802983,35.2941
10000,109,1300,2100,0.4046,12.9872,0.6797,32.3855
